region_code,year,income_pc,spending_pc
0,2018,33361.0,26964.0
0,2019,35506.0,28729.0
0,2020,36240.0,27443.0
0,2021,40304.0,32352.0
0,2022,47386.0,35745.0
0,2023,53579.0,41231.0
0,2024,63959.0,47637.0
1,2018,27590.0,22605.0
1,2019,29139.0,23903.0
1,2020,30320.0,24550.0
1,2021,34901.0,31166.0
1,2022,36627.0,30742.0
1,2023,42684.0,36734.0
1,2024,52224.0,45832.0
2,2018,28972.0,25047.0
2,2019,30603.0,26459.0
2,2020,30409.0,25002.0
2,2021,32621.0,28048.0
2,2022,36463.0,30738.0
2,2023,40022.0,35226.0
2,2024,47220.0,41749.0
3,2018,24105.0,20705.0
3,2019,25302.0,22014.0
3,2020,26222.0,22160.0
3,2021,28314.0,24835.0
3,2022,35163.0,28184.0
3,2023,38412.0,31290.0
3,2024,44730.0,36261.0
4,2018,19503.0,13484.0
4,2019,20256.0,14948.0
4,2020,21683.0,15160.0
4,2021,23798.0,18693.0
4,2022,29564.0,23440.0
4,2023,34817.0,26868.0
4,2024,40630.0,32997.0
5,2018,25757.0,22411.0
5,2019,27410.0,23748.0
5,2020,27666.0,22601.0
5,2021,30260.0,25213.0
5,2022,37606.0,29436.0
5,2023,39686.0,32046.0
5,2024,45175.0,35953.0
6,2018,16163.0,9360.0
6,2019,16614.0,9787.0
6,2020,16877.0,9421.0
6,2021,18139.0,10468.0
6,2022,23047.0,11464.0
6,2023,24414.0,14491.0
6,2024,27311.0,15381.0
7,2018,20806.0,16692.0
7,2019,21475.0,17746.0
7,2020,22016.0,17123.0
7,2021,25929.0,22869.0
7,2022,34759.0,28094.0
7,2023,38948.0,33021.0
7,2024,45587.0,37969.0
8,2018,17082.0,10611.0
8,2019,18508.0,11296.0
8,2020,19816.0,11501.0
8,2021,21319.0,12900.0
8,2022,23771.0,15670.0
8,2023,28635.0,26174.0
8,2024,35438.0,30497.0
9,2018,18099.0,11169.0
9,2019,18977.0,11988.0
9,2020,19101.0,11739.0
9,2021,20470.0,13296.0
9,2022,23035.0,14787.0
9,2023,25619.0,17547.0
9,2024,29960.0,21016.0
10,2018,29150.0,23733.0
10,2019,30854.0,25738.0
10,2020,32596.0,26350.0
10,2021,35373.0,30017.0
10,2022,46019.0,36954.0
10,2023,53068.0,43443.0
10,2024,62566.0,48176.0
11,2018,34157.0,23417.0
11,2019,35428.0,24712.0
11,2020,36687.0,24259.0
11,2021,39118.0,27264.0
11,2022,50840.0,36068.0
11,2023,56152.0,39531.0
11,2024,63437.0,43573.0
12,2018,19811.0,15242.0
12,2019,20877.0,15994.0
12,2020,21271.0,15383.0
12,2021,23184.0,18273.0
12,2022,27276.0,20518.0
12,2023,31013.0,23518.0
12,2024,36763.0,27584.0
13,2018,18651.0,14176.0
13,2019,19748.0,15026.0
13,2020,20635.0,15159.0
13,2021,22906.0,17823.0
13,2022,27439.0,20012.0
13,2023,30647.0,26730.0
13,2024,36862.0,31377.0
14,2018,42891.0,32302.0
14,2019,45528.0,34835.0
14,2020,46344.0,32303.0
14,2021,50369.0,37375.0
14,2022,59040.0,41381.0
14,2023,69031.0,45604.0
14,2024,79768.0,51333.0
15,2018,23332.0,18648.0
15,2019,24522.0,19242.0
15,2020,23963.0,17998.0
15,2021,25885.0,21155.0
15,2022,30774.0,24182.0
15,2023,35276.0,26999.0
15,2024,40531.0,31496.0
16,2018,33731.0,28798.0
16,2019,35733.0,30133.0
16,2020,35694.0,28458.0
16,2021,39679.0,33152.0
16,2022,45932.0,36001.0
16,2023,52524.0,42009.0
16,2024,62278.0,47912.0
17,2018,15610.0,9884.0
17,2019,16618.0,11058.0
17,2020,18975.0,10671.0
17,2021,20651.0,12471.0
17,2022,24460.0,18301.0
17,2023,28934.0,22219.0
17,2024,34294.0,25623.0
18,2018,23827.0,18699.0
18,2019,25066.0,19731.0
18,2020,25460.0,18878.0
18,2021,27700.0,21609.0
18,2022,33820.0,25880.0
18,2023,38939.0,29170.0
18,2024,47813.0,34597.0
19,2018,21571.0,18855.0
19,2019,22691.0,20455.0
19,2020,23843.0,20787.0
19,2021,26068.0,23263.0
19,2022,31056.0,25135.0
19,2023,34999.0,30215.0
19,2024,40582.0,33363.0
20,2018,23200.0,16044.0
20,2019,24153.0,16838.0
20,2020,24625.0,16737.0
20,2021,26397.0,18955.0
20,2022,30751.0,22305.0
20,2023,35920.0,25262.0
20,2024,40797.0,28175.0
21,2018,18462.0,15346.0
21,2019,20162.0,16463.0
21,2020,21164.0,16434.0
21,2021,23651.0,19484.0
21,2022,28702.0,22098.0
21,2023,34129.0,25976.0
21,2024,40121.0,30204.0
22,2018,22882.0,17310.0
22,2019,23993.0,18389.0
22,2020,23917.0,17726.0
22,2021,26010.0,20158.0
22,2022,32901.0,25325.0
22,2023,36431.0,28083.0
22,2024,42745.0,32360.0
23,2018,34861.0,31737.0
23,2019,36604.0,33888.0
23,2020,37352.0,33042.0
23,2021,43255.0,41986.0
23,2022,48684.0,45704.0
23,2023,54627.0,54117.0
23,2024,64985.0,60673.0
24,2018,30023.0,23123.0
24,2019,31755.0,25103.0
24,2020,32872.0,24110.0
24,2021,36090.0,28295.0
24,2022,43183.0,31896.0
24,2023,50380.0,36883.0
24,2024,59368.0,42415.0
25,2018,34662.0,27682.0
25,2019,36884.0,30410.0
25,2020,37349.0,27961.0
25,2021,40843.0,33695.0
25,2022,49942.0,39835.0
25,2023,54494.0,44081.0
25,2024,64985.0,51737.0
26,2018,23408.0,21746.0
26,2019,24393.0,22867.0
26,2020,24187.0,21553.0
26,2021,26186.0,25205.0
26,2022,30100.0,25364.0
26,2023,32930.0,30648.0
26,2024,38344.0,36073.0
27,2018,39084.0,32997.0
27,2019,41460.0,35214.0
27,2020,41751.0,34169.0
27,2021,44101.0,38508.0
27,2022,52656.0,42760.0
27,2023,58092.0,47075.0
27,2024,67920.0,54038.0
28,2018,30937.0,24938.0
28,2019,33304.0,26407.0
28,2020,35508.0,27306.0
28,2021,39626.0,30865.0
28,2022,49798.0,36311.0
28,2023,54055.0,40104.0
28,2024,64343.0,46982.0
29,2018,32091.0,27586.0
29,2019,33907.0,29116.0
29,2020,34857.0,28846.0
29,2021,37812.0,32411.0
29,2022,49347.0,38778.0
29,2023,55952.0,43161.0
29,2024,64019.0,47330.0
30,2018,23770.0,20373.0
30,2019,24971.0,21558.0
30,2020,25206.0,20617.0
30,2021,26833.0,23233.0
30,2022,33137.0,26401.0
30,2023,36593.0,29728.0
30,2024,41620.0,33289.0
31,2018,30778.0,24596.0
31,2019,32398.0,26119.0
31,2020,32884.0,26516.0
31,2021,35612.0,28960.0
31,2022,41855.0,32365.0
31,2023,47257.0,35281.0
31,2024,56798.0,38995.0
32,2018,26658.0,22944.0
32,2019,28422.0,24520.0
32,2020,28636.0,23805.0
32,2021,31608.0,27368.0
32,2022,37428.0,30598.0
32,2023,40927.0,32470.0
32,2024,48502.0,36094.0
33,2018,23560.0,19782.0
33,2019,25391.0,20938.0
33,2020,25955.0,20687.0
33,2021,28523.0,24075.0
33,2022,34667.0,26241.0
33,2023,38649.0,29346.0
33,2024,46302.0,34367.0
34,2018,22813.0,19568.0
34,2019,24160.0,21003.0
34,2020,24995.0,20509.0
34,2021,27680.0,23424.0
34,2022,32673.0,26472.0
34,2023,35575.0,31067.0
34,2024,41803.0,35331.0
35,2018,27012.0,19958.0
35,2019,28418.0,21104.0
35,2020,29682.0,22025.0
35,2021,31858.0,24757.0
35,2022,37178.0,28059.0
35,2023,42708.0,31167.0
35,2024,51811.0,34868.0
36,2018,30289.0,26530.0
36,2019,32022.0,27904.0
36,2020,32102.0,27134.0
36,2021,35198.0,31641.0
36,2022,41156.0,34010.0
36,2023,45087.0,37678.0
36,2024,53449.0,43481.0
37,2018,24503.0,19407.0
37,2019,25794.0,20617.0
37,2020,26284.0,20065.0
37,2021,28680.0,23352.0
37,2022,36509.0,29103.0
37,2023,41108.0,31683.0
37,2024,47881.0,35569.0
38,2018,24500.0,17921.0
38,2019,26355.0,19652.0
38,2020,27577.0,19416.0
38,2021,30347.0,23394.0
38,2022,37484.0,26912.0
38,2023,42483.0,32201.0
38,2024,50291.0,38439.0
39,2018,27549.0,22922.0
39,2019,29098.0,23929.0
39,2020,29621.0,22645.0
39,2021,32033.0,27575.0
39,2022,38327.0,31841.0
39,2023,43543.0,36496.0
39,2024,53580.0,43548.0
40,2018,29178.0,23404.0
40,2019,31417.0,25083.0
40,2020,32559.0,24800.0
40,2021,35076.0,27738.0
40,2022,39423.0,28591.0
40,2023,44564.0,31984.0
40,2024,52675.0,36238.0
41,2018,48765.0,33208.0
41,2019,52674.0,35460.0
41,2020,55381.0,33733.0
41,2021,60791.0,36965.0
41,2022,77505.0,44998.0
41,2023,87054.0,50350.0
41,2024,96478.0,58099.0
42,2018,23175.0,17758.0
42,2019,24890.0,18888.0
42,2020,25441.0,18800.0
42,2021,28048.0,21544.0
42,2022,33996.0,24905.0
42,2023,39408.0,29138.0
42,2024,46839.0,33974.0
43,2018,22310.0,18396.0
43,2019,23684.0,19417.0
43,2020,24292.0,19247.0
43,2021,26649.0,22267.0
43,2022,35178.0,26781.0
43,2023,38277.0,30119.0
43,2024,44816.0,34198.0
44,2018,23716.0,19569.0
44,2019,25318.0,20835.0
44,2020,25786.0,20717.0
44,2021,28560.0,24245.0
44,2022,37285.0,29998.0
44,2023,43668.0,33526.0
44,2024,51119.0,37225.0
45,2018,20335.0,16133.0
45,2019,21304.0,17075.0
45,2020,21865.0,16830.0
45,2021,23746.0,18981.0
45,2022,29838.0,22448.0
45,2023,34812.0,26094.0
45,2024,41494.0,30375.0
46,2018,27279.0,21570.0
46,2019,29149.0,23024.0
46,2020,29791.0,22625.0
46,2021,32715.0,26002.0
46,2022,39401.0,29146.0
46,2023,43719.0,31887.0
46,2024,50630.0,36478.0
47,2018,31341.0,24285.0
47,2019,32371.0,25900.0
47,2020,33235.0,26993.0
47,2021,36855.0,31577.0
47,2022,40790.0,32476.0
47,2023,45989.0,38583.0
47,2024,54808.0,43660.0
48,2018,30025.0,24935.0
48,2019,32535.0,26914.0
48,2020,32534.0,26136.0
48,2021,35231.0,30134.0
48,2022,41177.0,32664.0
48,2023,45458.0,35308.0
48,2024,53842.0,41122.0
49,2018,59783.0,35251.0
49,2019,65367.0,36880.0
49,2020,70982.0,35757.0
49,2021,80979.0,40022.0
49,2022,101999.0,46738.0
49,2023,111157.0,52668.0
49,2024,127865.0,60672.0
50,2018,44742.0,35235.0
50,2019,47513.0,38285.0
50,2020,47301.0,37215.0
50,2021,53989.0,45415.0
50,2022,55746.0,43621.0
50,2023,64870.0,50139.0
50,2024,77409.0,57676.0
51,2018,41588.0,30722.0
51,2019,44261.0,32534.0
51,2020,46621.0,31847.0
51,2021,51183.0,36255.0
51,2022,65707.0,46112.0
51,2023,75786.0,51217.0
51,2024,86687.0,57103.0
52,2018,31416.0,26006.0
52,2019,33874.0,27804.0
52,2020,33814.0,26300.0
52,2021,37525.0,31066.0
52,2022,45573.0,35359.0
52,2023,50601.0,40630.0
52,2024,61278.0,47124.0
53,2018,25616.0,22337.0
53,2019,26193.0,23366.0
53,2020,26431.0,22809.0
53,2021,29300.0,25784.0
53,2022,34201.0,29254.0
53,2023,38903.0,32064.0
53,2024,46148.0,36384.0
54,2018,28871.0,22914.0
54,2019,30566.0,23973.0
54,2020,31606.0,23523.0
54,2021,35277.0,28021.0
54,2022,44359.0,32987.0
54,2023,49936.0,38573.0
54,2024,58500.0,45617.0
55,2018,25434.0,20846.0
55,2019,26970.0,22682.0
55,2020,27377.0,22102.0
55,2021,29976.0,25305.0
55,2022,36919.0,28249.0
55,2023,40804.0,32541.0
55,2024,48160.0,37676.0
56,2018,23387.0,18781.0
56,2019,24497.0,19891.0
56,2020,24731.0,19435.0
56,2021,26514.0,22371.0
56,2022,32972.0,25605.0
56,2023,36756.0,28738.0
56,2024,42812.0,32692.0
57,2018,24895.0,20217.0
57,2019,26184.0,21415.0
57,2020,26990.0,21478.0
57,2021,29846.0,24632.0
57,2022,35923.0,27965.0
57,2023,43730.0,30887.0
57,2024,54805.0,34832.0
58,2018,21821.0,18254.0
58,2019,22990.0,19504.0
58,2020,24135.0,19482.0
58,2021,26416.0,22508.0
58,2022,32072.0,26014.0
58,2023,36429.0,29428.0
58,2024,43388.0,34026.0
59,2018,28737.0,24088.0
59,2019,30618.0,25396.0
59,2020,30237.0,24021.0
59,2021,32750.0,27573.0
59,2022,39767.0,31599.0
59,2023,45639.0,35068.0
59,2024,53869.0,40280.0
60,2018,23880.0,20033.0
60,2019,25525.0,21786.0
60,2020,26444.0,21943.0
60,2021,29354.0,25331.0
60,2022,35031.0,29528.0
60,2023,39898.0,32386.0
60,2024,46858.0,37576.0
61,2018,29097.0,25163.0
61,2019,30866.0,26881.0
61,2020,31519.0,26216.0
61,2021,35050.0,30998.0
61,2022,41377.0,34898.0
61,2023,46840.0,41526.0
61,2024,55854.0,49186.0
62,2018,25444.0,19712.0
62,2019,26886.0,21193.0
62,2020,27328.0,21655.0
62,2021,30496.0,25124.0
62,2022,36431.0,27528.0
62,2023,39905.0,30904.0
62,2024,47477.0,36307.0
63,2018,28182.0,23864.0
63,2019,29422.0,25127.0
63,2020,29973.0,23996.0
63,2021,32664.0,27373.0
63,2022,38444.0,30545.0
63,2023,42701.0,36303.0
63,2024,51253.0,42188.0
64,2018,21424.0,17375.0
64,2019,22760.0,18517.0
64,2020,24095.0,18981.0
64,2021,26228.0,21770.0
64,2022,30290.0,24182.0
64,2023,33348.0,27613.0
64,2024,38251.0,30867.0
65,2018,53784.0,43148.0
65,2019,59016.0,45884.0
65,2020,60797.0,43539.0
65,2021,63854.0,46906.0
65,2022,79322.0,54654.0
65,2023,87902.0,55859.0
65,2024,101220.0,61881.0
66,2018,36737.0,31758.0
66,2019,39095.0,33459.0
66,2020,37447.0,29941.0
66,2021,40275.0,34150.0
66,2022,47109.0,37726.0
66,2023,53413.0,42728.0
66,2024,64683.0,49850.0
67,2018,25985.0,20730.0
67,2019,27485.0,22125.0
67,2020,28256.0,21409.0
67,2021,30731.0,24169.0
67,2022,35653.0,27638.0
67,2023,42734.0,30932.0
67,2024,52435.0,34584.0
68,2018,26828.0,21764.0
68,2019,28154.0,23179.0
68,2020,27892.0,21733.0
68,2021,30241.0,24339.0
68,2022,34783.0,27451.0
68,2023,39229.0,29757.0
68,2024,46416.0,34375.0
69,2018,25125.0,19992.0
69,2019,27212.0,21611.0
69,2020,27692.0,21896.0
69,2021,30675.0,25585.0
69,2022,36265.0,28720.0
69,2023,41274.0,32507.0
69,2024,49121.0,38237.0
70,2018,27296.0,20314.0
70,2019,28381.0,22082.0
70,2020,28871.0,21351.0
70,2021,31054.0,24306.0
70,2022,37954.0,27496.0
70,2023,41600.0,32494.0
70,2024,47848.0,39409.0
71,2018,27212.0,22398.0
71,2019,28561.0,23946.0
71,2020,29396.0,23164.0
71,2021,32252.0,26868.0
71,2022,37146.0,28640.0
71,2023,42375.0,34064.0
71,2024,51931.0,40200.0
72,2018,30117.0,30688.0
72,2019,31394.0,32010.0
72,2020,31851.0,30974.0
72,2021,33984.0,35524.0
72,2022,39047.0,36611.0
72,2023,43350.0,42728.0
72,2024,51490.0,49939.0
73,2018,22797.0,18052.0
73,2019,23710.0,19221.0
73,2020,24596.0,19206.0
73,2021,26849.0,21788.0
73,2022,31670.0,24748.0
73,2023,35783.0,28003.0
73,2024,42563.0,31633.0
74,2018,24392.0,18244.0
74,2019,25432.0,19508.0
74,2020,26647.0,20476.0
74,2021,29498.0,23821.0
74,2022,35347.0,27267.0
74,2023,39703.0,31694.0
74,2024,48016.0,40059.0
75,2018,23992.0,18352.0
75,2019,25750.0,19532.0
75,2020,27048.0,19465.0
75,2021,29833.0,22710.0
75,2022,38601.0,27870.0
75,2023,42758.0,30826.0
75,2024,50738.0,34498.0
76,2018,27072.0,21331.0
76,2019,28667.0,23029.0
76,2020,29527.0,22727.0
76,2021,33131.0,27391.0
76,2022,40667.0,31082.0
76,2023,46684.0,34156.0
76,2024,54027.0,39233.0
77,2018,69926.0,55670.0
77,2019,75891.0,58945.0
77,2020,78106.0,52527.0
77,2021,88860.0,63131.0
77,2022,102143.0,67131.0
77,2023,117103.0,78051.0
77,2024,143171.0,90424.0
78,2018,45137.0,36912.0
78,2019,47472.0,39276.0
78,2020,49375.0,36084.0
78,2021,57928.0,45581.0
78,2022,65395.0,48387.0
78,2023,72037.0,59969.0
78,2024,87888.0,69286.0
79,2018,24696.0,19064.0
79,2019,26602.0,20939.0
79,2020,28126.0,21084.0
79,2021,30297.0,23702.0
79,2022,37753.0,27710.0
79,2023,43479.0,32744.0
79,2024,52015.0,37384.0
83,2018,78549.0,30516.0
83,2019,81041.0,31772.0
83,2020,84171.0,31145.0
83,2021,86431.0,33763.0
83,2022,115336.0,39447.0
83,2023,128204.0,42804.0
83,2024,143512.0,46953.0
86,2018,50831.0,34031.0
86,2019,53493.0,35017.0
86,2020,54588.0,34228.0
86,2021,57012.0,38367.0
86,2022,66517.0,40094.0
86,2023,72634.0,43555.0
86,2024,83038.0,49502.0
87,2018,78812.0,29505.0
87,2019,83385.0,31846.0
87,2020,89548.0,30877.0
87,2021,99912.0,32853.0
87,2022,138161.0,39922.0
87,2023,156988.0,45215.0
87,2024,187687.0,52216.0
89,2018,79543.0,35486.0
89,2019,84273.0,36906.0
89,2020,90130.0,35211.0
89,2021,96814.0,40122.0
89,2022,120010.0,47691.0
89,2023,139651.0,56231.0
89,2024,154347.0,60981.0
91,2018,21526.0,16603.0
91,2019,22366.0,18059.0
91,2020,23033.0,18081.0
91,2021,26381.0,22505.0
91,2022,29817.0,24830.0
91,2023,32875.0,27509.0
91,2024,38765.0,31502.0
92,2018,28834.0,25498.0
92,2019,30261.0,26143.0
92,2020,29970.0,24528.0
92,2021,33048.0,29431.0
92,2022,35679.0,30259.0
92,2023,39968.0,33896.0
92,2024,44998.0,35374.0
