"period";"value";"obs_status";"source";"type";"ref_area";"freq";"decimals";"unit_measure";"unit_mult"
"2018-12-01";100;"A";"Данные СберИндекса";"Общественное питание";"Россия";"Месяц";"2";"индекс";"0"
"2019-01-01";99.15;"A";"Данные СберИндекса";"Общественное питание";"Россия";"Месяц";"2";"индекс";"0"
"2019-02-01";99.09;"A";"Данные СберИндекса";"Общественное питание";"Россия";"Месяц";"2";"индекс";"0"
"2019-03-01";100.44;"A";"Данные СберИндекса";"Общественное питание";"Россия";"Месяц";"2";"индекс";"0"
"2019-04-01";100.17;"A";"Данные СберИндекса";"Общественное питание";"Россия";"Месяц";"2";"индекс";"0"
"2019-05-01";100.52;"A";"Данные СберИндекса";"Общественное питание";"Россия";"Месяц";"2";"индекс";"0"
"2019-06-01";101.59;"A";"Данные СберИндекса";"Общественное питание";"Россия";"Месяц";"2";"индекс";"0"
"2019-07-01";101.76;"A";"Данные СберИндекса";"Общественное питание";"Россия";"Месяц";"2";"индекс";"0"
"2019-08-01";101.86;"A";"Данные СберИндекса";"Общественное питание";"Россия";"Месяц";"2";"индекс";"0"
"2019-09-01";102.3;"A";"Данные СберИндекса";"Общественное питание";"Россия";"Месяц";"2";"индекс";"0"
"2019-10-01";103.79;"A";"Данные СберИндекса";"Общественное питание";"Россия";"Месяц";"2";"индекс";"0"
"2019-11-01";105.36;"A";"Данные СберИндекса";"Общественное питание";"Россия";"Месяц";"2";"индекс";"0"
"2019-12-01";106.95;"A";"Данные СберИндекса";"Общественное питание";"Россия";"Месяц";"2";"индекс";"0"
"2020-01-01";100.35;"A";"Данные СберИндекса";"Общественное питание";"Россия";"Месяц";"2";"индекс";"0"
"2020-02-01";100.84;"A";"Данные СберИндекса";"Общественное питание";"Россия";"Месяц";"2";"индекс";"0"
"2020-03-01";93.4;"A";"Данные СберИндекса";"Общественное питание";"Россия";"Месяц";"2";"индекс";"0"
"2020-04-01";45.37;"A";"Данные СберИндекса";"Общественное питание";"Россия";"Месяц";"2";"индекс";"0"
"2020-05-01";45.19;"A";"Данные СберИндекса";"Общественное питание";"Россия";"Месяц";"2";"индекс";"0"
"2020-06-01";54.98;"A";"Данные СберИндекса";"Общественное питание";"Россия";"Месяц";"2";"индекс";"0"
"2020-07-01";74.24;"A";"Данные СберИндекса";"Общественное питание";"Россия";"Месяц";"2";"индекс";"0"
"2020-08-01";83.78;"A";"Данные СберИндекса";"Общественное питание";"Россия";"Месяц";"2";"индекс";"0"
"2020-09-01";88.06;"A";"Данные СберИндекса";"Общественное питание";"Россия";"Месяц";"2";"индекс";"0"
"2020-10-01";89.68;"A";"Данные СберИндекса";"Общественное питание";"Россия";"Месяц";"2";"индекс";"0"
"2020-11-01";88.09;"A";"Данные СберИндекса";"Общественное питание";"Россия";"Месяц";"2";"индекс";"0"
"2020-12-01";85.28;"A";"Данные СберИндекса";"Общественное питание";"Россия";"Месяц";"2";"индекс";"0"
"2021-01-01";92.77;"A";"Данные СберИндекса";"Общественное питание";"Россия";"Месяц";"2";"индекс";"0"
"2021-02-01";94.81;"A";"Данные СберИндекса";"Общественное питание";"Россия";"Месяц";"2";"индекс";"0"
"2021-03-01";99.2;"A";"Данные СберИндекса";"Общественное питание";"Россия";"Месяц";"2";"индекс";"0"
"2021-04-01";101.46;"A";"Данные СберИндекса";"Общественное питание";"Россия";"Месяц";"2";"индекс";"0"
"2021-05-01";101.23;"A";"Данные СберИндекса";"Общественное питание";"Россия";"Месяц";"2";"индекс";"0"
"2021-06-01";99.8;"A";"Данные СберИндекса";"Общественное питание";"Россия";"Месяц";"2";"индекс";"0"
"2021-07-01";100.92;"A";"Данные СберИндекса";"Общественное питание";"Россия";"Месяц";"2";"индекс";"0"
"2021-08-01";102.55;"A";"Данные СберИндекса";"Общественное питание";"Россия";"Месяц";"2";"индекс";"0"
"2021-09-01";103.58;"A";"Данные СберИндекса";"Общественное питание";"Россия";"Месяц";"2";"индекс";"0"
"2021-10-01";103.47;"A";"Данные СберИндекса";"Общественное питание";"Россия";"Месяц";"2";"индекс";"0"
"2021-11-01";100.53;"A";"Данные СберИндекса";"Общественное питание";"Россия";"Месяц";"2";"индекс";"0"
"2021-12-01";103.58;"A";"Данные СберИндекса";"Общественное питание";"Россия";"Месяц";"2";"индекс";"0"
"2022-01-01";107.14;"A";"Данные СберИндекса";"Общественное питание";"Россия";"Месяц";"2";"индекс";"0"
"2022-02-01";107.83;"A";"Данные СберИндекса";"Общественное питание";"Россия";"Месяц";"2";"индекс";"0"
"2022-03-01";104.58;"A";"Данные СберИндекса";"Общественное питание";"Россия";"Месяц";"2";"индекс";"0"
"2022-04-01";102.78;"A";"Данные СберИндекса";"Общественное питание";"Россия";"Месяц";"2";"индекс";"0"
"2022-05-01";101.5;"A";"Данные СберИндекса";"Общественное питание";"Россия";"Месяц";"2";"индекс";"0"
"2022-06-01";103.63;"A";"Данные СберИндекса";"Общественное питание";"Россия";"Месяц";"2";"индекс";"0"
"2022-07-01";105.83;"A";"Данные СберИндекса";"Общественное питание";"Россия";"Месяц";"2";"индекс";"0"
"2022-08-01";107.6;"A";"Данные СберИндекса";"Общественное питание";"Россия";"Месяц";"2";"индекс";"0"
"2022-09-01";111.46;"A";"Данные СберИндекса";"Общественное питание";"Россия";"Месяц";"2";"индекс";"0"
"2022-10-01";113.59;"A";"Данные СберИндекса";"Общественное питание";"Россия";"Месяц";"2";"индекс";"0"
"2022-11-01";116.26;"A";"Данные СберИндекса";"Общественное питание";"Россия";"Месяц";"2";"индекс";"0"
"2022-12-01";113.58;"A";"Данные СберИндекса";"Общественное питание";"Россия";"Месяц";"2";"индекс";"0"
"2023-01-01";120.53;"A";"Данные СберИндекса";"Общественное питание";"Россия";"Месяц";"2";"индекс";"0"
"2023-02-01";117.87;"A";"Данные СберИндекса";"Общественное питание";"Россия";"Месяц";"2";"индекс";"0"
"2023-03-01";122.18;"A";"Данные СберИндекса";"Общественное питание";"Россия";"Месяц";"2";"индекс";"0"
"2023-04-01";121.62;"A";"Данные СберИндекса";"Общественное питание";"Россия";"Месяц";"2";"индекс";"0"
"2023-05-01";122.34;"A";"Данные СберИндекса";"Общественное питание";"Россия";"Месяц";"2";"индекс";"0"
"2023-06-01";122.53;"A";"Данные СберИндекса";"Общественное питание";"Россия";"Месяц";"2";"индекс";"0"
"2023-07-01";122.56;"A";"Данные СберИндекса";"Общественное питание";"Россия";"Месяц";"2";"индекс";"0"
"2023-08-01";120.43;"A";"Данные СберИндекса";"Общественное питание";"Россия";"Месяц";"2";"индекс";"0"
"2023-09-01";124.11;"A";"Данные СберИндекса";"Общественное питание";"Россия";"Месяц";"2";"индекс";"0"
"2023-10-01";126.41;"A";"Данные СберИндекса";"Общественное питание";"Россия";"Месяц";"2";"индекс";"0"
"2023-11-01";127.81;"A";"Данные СберИндекса";"Общественное питание";"Россия";"Месяц";"2";"индекс";"0"
"2023-12-01";128.35;"A";"Данные СберИндекса";"Общественное питание";"Россия";"Месяц";"2";"индекс";"0"
"2024-01-01";129.77;"A";"Данные СберИндекса";"Общественное питание";"Россия";"Месяц";"2";"индекс";"0"
"2024-02-01";134.37;"A";"Данные СберИндекса";"Общественное питание";"Россия";"Месяц";"2";"индекс";"0"
"2024-03-01";132.83;"A";"Данные СберИндекса";"Общественное питание";"Россия";"Месяц";"2";"индекс";"0"
"2024-04-01";133.51;"A";"Данные СберИндекса";"Общественное питание";"Россия";"Месяц";"2";"индекс";"0"
"2024-05-01";132.62;"A";"Данные СберИндекса";"Общественное питание";"Россия";"Месяц";"2";"индекс";"0"
"2024-06-01";137.64;"A";"Данные СберИндекса";"Общественное питание";"Россия";"Месяц";"2";"индекс";"0"
"2024-07-01";139.48;"A";"Данные СберИндекса";"Общественное питание";"Россия";"Месяц";"2";"индекс";"0"
"2024-08-01";139.79;"A";"Данные СберИндекса";"Общественное питание";"Россия";"Месяц";"2";"индекс";"0"
"2024-09-01";138.51;"A";"Данные СберИндекса";"Общественное питание";"Россия";"Месяц";"2";"индекс";"0"
"2024-10-01";141.07;"A";"Данные СберИндекса";"Общественное питание";"Россия";"Месяц";"2";"индекс";"0"
"2024-11-01";144.75;"A";"Данные СберИндекса";"Общественное питание";"Россия";"Месяц";"2";"индекс";"0"
"2024-12-01";146.37;"A";"Данные СберИндекса";"Общественное питание";"Россия";"Месяц";"2";"индекс";"0"
"2025-01-01";179.58;"A";"Данные СберИндекса";"Общественное питание";"Россия";"Месяц";"2";"индекс";"0"
"2025-02-01";179.25;"A";"Данные СберИндекса";"Общественное питание";"Россия";"Месяц";"2";"индекс";"0"
"2025-03-01";181.88;"A";"Данные СберИндекса";"Общественное питание";"Россия";"Месяц";"2";"индекс";"0"
"2025-04-01";185.09;"A";"Данные СберИндекса";"Общественное питание";"Россия";"Месяц";"2";"индекс";"0"
"2025-05-01";186.37;"A";"Данные СберИндекса";"Общественное питание";"Россия";"Месяц";"2";"индекс";"0"
"2025-06-01";183.91;"A";"Данные СберИндекса";"Общественное питание";"Россия";"Месяц";"2";"индекс";"0"
"2025-07-01";184.65;"A";"Данные СберИндекса";"Общественное питание";"Россия";"Месяц";"2";"индекс";"0"
"2025-08-01";185.29;"A";"Данные СберИндекса";"Общественное питание";"Россия";"Месяц";"2";"индекс";"0"
"2025-09-01";184.77;"A";"Данные СберИндекса";"Общественное питание";"Россия";"Месяц";"2";"индекс";"0"
"2025-10-01";186.51;"A";"Данные СберИндекса";"Общественное питание";"Россия";"Месяц";"2";"индекс";"0"
"2025-11-01";184.69;"A";"Данные СберИндекса";"Общественное питание";"Россия";"Месяц";"2";"индекс";"0"
"2025-12-01";187.04;"A";"Данные СберИндекса";"Общественное питание";"Россия";"Месяц";"2";"индекс";"0"
"2026-01-01";189.81;"A";"Данные СберИндекса";"Общественное питание";"Россия";"Месяц";"2";"индекс";"0"
"2026-02-01";191.88;"A";"Данные СберИндекса";"Общественное питание";"Россия";"Месяц";"2";"индекс";"0"
"2026-03-01";194.1;"A";"Данные СберИндекса";"Общественное питание";"Россия";"Месяц";"2";"индекс";"0"
"2026-04-01";195.14;"A";"Данные СберИндекса";"Общественное питание";"Россия";"Месяц";"2";"индекс";"0"
"2026-05-01";195.84;"A";"Данные СберИндекса";"Общественное питание";"Россия";"Месяц";"2";"индекс";"0"
"2026-06-01";195.32;"A";"Данные СберИндекса";"Общественное питание";"Россия";"Месяц";"2";"индекс";"0"
"2026-07-01";194.32;"A";"Данные СберИндекса";"Общественное питание";"Россия";"Месяц";"2";"индекс";"0"
"2026-08-01";195.39;"A";"Данные СберИндекса";"Общественное питание";"Россия";"Месяц";"2";"индекс";"0"
"2018-12-01";100;"A";"Данные СберИндекса";"Услуги";"Россия";"Месяц";"2";"индекс";"0"
"2019-01-01";99.78;"A";"Данные СберИндекса";"Услуги";"Россия";"Месяц";"2";"индекс";"0"
"2019-02-01";100.65;"A";"Данные СберИндекса";"Услуги";"Россия";"Месяц";"2";"индекс";"0"
"2019-03-01";101.6;"A";"Данные СберИндекса";"Услуги";"Россия";"Месяц";"2";"индекс";"0"
"2019-04-01";101.41;"A";"Данные СберИндекса";"Услуги";"Россия";"Месяц";"2";"индекс";"0"
"2019-05-01";101.82;"A";"Данные СберИндекса";"Услуги";"Россия";"Месяц";"2";"индекс";"0"
"2019-06-01";102.41;"A";"Данные СберИндекса";"Услуги";"Россия";"Месяц";"2";"индекс";"0"
"2019-07-01";102.24;"A";"Данные СберИндекса";"Услуги";"Россия";"Месяц";"2";"индекс";"0"
"2019-08-01";102.47;"A";"Данные СберИндекса";"Услуги";"Россия";"Месяц";"2";"индекс";"0"
"2019-09-01";102.17;"A";"Данные СберИндекса";"Услуги";"Россия";"Месяц";"2";"индекс";"0"
"2019-10-01";102.64;"A";"Данные СберИндекса";"Услуги";"Россия";"Месяц";"2";"индекс";"0"
"2019-11-01";103.07;"A";"Данные СберИндекса";"Услуги";"Россия";"Месяц";"2";"индекс";"0"
"2019-12-01";102.68;"A";"Данные СберИндекса";"Услуги";"Россия";"Месяц";"2";"индекс";"0"
"2020-01-01";102.97;"A";"Данные СберИндекса";"Услуги";"Россия";"Месяц";"2";"индекс";"0"
"2020-02-01";101.91;"A";"Данные СберИндекса";"Услуги";"Россия";"Месяц";"2";"индекс";"0"
"2020-03-01";97.16;"A";"Данные СберИндекса";"Услуги";"Россия";"Месяц";"2";"индекс";"0"
"2020-04-01";64.15;"A";"Данные СберИндекса";"Услуги";"Россия";"Месяц";"2";"индекс";"0"
"2020-05-01";64.22;"A";"Данные СберИндекса";"Услуги";"Россия";"Месяц";"2";"индекс";"0"
"2020-06-01";72.24;"A";"Данные СберИндекса";"Услуги";"Россия";"Месяц";"2";"индекс";"0"
"2020-07-01";82.36;"A";"Данные СберИндекса";"Услуги";"Россия";"Месяц";"2";"индекс";"0"
"2020-08-01";89.92;"A";"Данные СберИндекса";"Услуги";"Россия";"Месяц";"2";"индекс";"0"
"2020-09-01";93.21;"A";"Данные СберИндекса";"Услуги";"Россия";"Месяц";"2";"индекс";"0"
"2020-10-01";93.18;"A";"Данные СберИндекса";"Услуги";"Россия";"Месяц";"2";"индекс";"0"
"2020-11-01";92.38;"A";"Данные СберИндекса";"Услуги";"Россия";"Месяц";"2";"индекс";"0"
"2020-12-01";94.16;"A";"Данные СберИндекса";"Услуги";"Россия";"Месяц";"2";"индекс";"0"
"2021-01-01";94.74;"A";"Данные СберИндекса";"Услуги";"Россия";"Месяц";"2";"индекс";"0"
"2021-02-01";98.14;"A";"Данные СберИндекса";"Услуги";"Россия";"Месяц";"2";"индекс";"0"
"2021-03-01";101.72;"A";"Данные СберИндекса";"Услуги";"Россия";"Месяц";"2";"индекс";"0"
"2021-04-01";103.21;"A";"Данные СберИндекса";"Услуги";"Россия";"Месяц";"2";"индекс";"0"
"2021-05-01";103.73;"A";"Данные СберИндекса";"Услуги";"Россия";"Месяц";"2";"индекс";"0"
"2021-06-01";103.61;"A";"Данные СберИндекса";"Услуги";"Россия";"Месяц";"2";"индекс";"0"
"2021-07-01";102.13;"A";"Данные СберИндекса";"Услуги";"Россия";"Месяц";"2";"индекс";"0"
"2021-08-01";104.11;"A";"Данные СберИндекса";"Услуги";"Россия";"Месяц";"2";"индекс";"0"
"2021-09-01";105.86;"A";"Данные СберИндекса";"Услуги";"Россия";"Месяц";"2";"индекс";"0"
"2021-10-01";107.13;"A";"Данные СберИндекса";"Услуги";"Россия";"Месяц";"2";"индекс";"0"
"2021-11-01";105.99;"A";"Данные СберИндекса";"Услуги";"Россия";"Месяц";"2";"индекс";"0"
"2021-12-01";106.21;"A";"Данные СберИндекса";"Услуги";"Россия";"Месяц";"2";"индекс";"0"
"2022-01-01";108.53;"A";"Данные СберИндекса";"Услуги";"Россия";"Месяц";"2";"индекс";"0"
"2022-02-01";108.62;"A";"Данные СберИндекса";"Услуги";"Россия";"Месяц";"2";"индекс";"0"
"2022-03-01";105.58;"A";"Данные СберИндекса";"Услуги";"Россия";"Месяц";"2";"индекс";"0"
"2022-04-01";103.98;"A";"Данные СберИндекса";"Услуги";"Россия";"Месяц";"2";"индекс";"0"
"2022-05-01";104.61;"A";"Данные СберИндекса";"Услуги";"Россия";"Месяц";"2";"индекс";"0"
"2022-06-01";105.1;"A";"Данные СберИндекса";"Услуги";"Россия";"Месяц";"2";"индекс";"0"
"2022-07-01";105.55;"A";"Данные СберИндекса";"Услуги";"Россия";"Месяц";"2";"индекс";"0"
"2022-08-01";106.36;"A";"Данные СберИндекса";"Услуги";"Россия";"Месяц";"2";"индекс";"0"
"2022-09-01";106.16;"A";"Данные СберИндекса";"Услуги";"Россия";"Месяц";"2";"индекс";"0"
"2022-10-01";106.84;"A";"Данные СберИндекса";"Услуги";"Россия";"Месяц";"2";"индекс";"0"
"2022-11-01";107.35;"A";"Данные СберИндекса";"Услуги";"Россия";"Месяц";"2";"индекс";"0"
"2022-12-01";107.33;"A";"Данные СберИндекса";"Услуги";"Россия";"Месяц";"2";"индекс";"0"
"2023-01-01";109.53;"A";"Данные СберИндекса";"Услуги";"Россия";"Месяц";"2";"индекс";"0"
"2023-02-01";111.59;"A";"Данные СберИндекса";"Услуги";"Россия";"Месяц";"2";"индекс";"0"
"2023-03-01";111.79;"A";"Данные СберИндекса";"Услуги";"Россия";"Месяц";"2";"индекс";"0"
"2023-04-01";111.45;"A";"Данные СберИндекса";"Услуги";"Россия";"Месяц";"2";"индекс";"0"
"2023-05-01";111.57;"A";"Данные СберИндекса";"Услуги";"Россия";"Месяц";"2";"индекс";"0"
"2023-06-01";111.87;"A";"Данные СберИндекса";"Услуги";"Россия";"Месяц";"2";"индекс";"0"
"2023-07-01";113.07;"A";"Данные СберИндекса";"Услуги";"Россия";"Месяц";"2";"индекс";"0"
"2023-08-01";113.4;"A";"Данные СберИндекса";"Услуги";"Россия";"Месяц";"2";"индекс";"0"
"2023-09-01";114;"A";"Данные СберИндекса";"Услуги";"Россия";"Месяц";"2";"индекс";"0"
"2023-10-01";114.31;"A";"Данные СберИндекса";"Услуги";"Россия";"Месяц";"2";"индекс";"0"
"2023-11-01";114.21;"A";"Данные СберИндекса";"Услуги";"Россия";"Месяц";"2";"индекс";"0"
"2023-12-01";115.02;"A";"Данные СберИндекса";"Услуги";"Россия";"Месяц";"2";"индекс";"0"
"2024-01-01";115.58;"A";"Данные СберИндекса";"Услуги";"Россия";"Месяц";"2";"индекс";"0"
"2024-02-01";115.37;"A";"Данные СберИндекса";"Услуги";"Россия";"Месяц";"2";"индекс";"0"
"2024-03-01";116.55;"A";"Данные СберИндекса";"Услуги";"Россия";"Месяц";"2";"индекс";"0"
"2024-04-01";116.37;"A";"Данные СберИндекса";"Услуги";"Россия";"Месяц";"2";"индекс";"0"
"2024-05-01";117.71;"A";"Данные СберИндекса";"Услуги";"Россия";"Месяц";"2";"индекс";"0"
"2024-06-01";118.7;"A";"Данные СберИндекса";"Услуги";"Россия";"Месяц";"2";"индекс";"0"
"2024-07-01";118.18;"A";"Данные СберИндекса";"Услуги";"Россия";"Месяц";"2";"индекс";"0"
"2024-08-01";118.31;"A";"Данные СберИндекса";"Услуги";"Россия";"Месяц";"2";"индекс";"0"
"2024-09-01";118.32;"A";"Данные СберИндекса";"Услуги";"Россия";"Месяц";"2";"индекс";"0"
"2024-10-01";118.25;"A";"Данные СберИндекса";"Услуги";"Россия";"Месяц";"2";"индекс";"0"
"2024-11-01";118.55;"A";"Данные СберИндекса";"Услуги";"Россия";"Месяц";"2";"индекс";"0"
"2024-12-01";118.88;"A";"Данные СберИндекса";"Услуги";"Россия";"Месяц";"2";"индекс";"0"
"2025-01-01";118.52;"A";"Данные СберИндекса";"Услуги";"Россия";"Месяц";"2";"индекс";"0"
"2025-02-01";119.64;"A";"Данные СберИндекса";"Услуги";"Россия";"Месяц";"2";"индекс";"0"
"2025-03-01";119.4;"A";"Данные СберИндекса";"Услуги";"Россия";"Месяц";"2";"индекс";"0"
"2025-04-01";120.26;"A";"Данные СберИндекса";"Услуги";"Россия";"Месяц";"2";"индекс";"0"
"2025-05-01";120.72;"A";"Данные СберИндекса";"Услуги";"Россия";"Месяц";"2";"индекс";"0"
"2025-06-01";121.88;"A";"Данные СберИндекса";"Услуги";"Россия";"Месяц";"2";"индекс";"0"
"2025-07-01";120.41;"A";"Данные СберИндекса";"Услуги";"Россия";"Месяц";"2";"индекс";"0"
"2025-08-01";121.66;"A";"Данные СберИндекса";"Услуги";"Россия";"Месяц";"2";"индекс";"0"
"2025-09-01";121.9;"A";"Данные СберИндекса";"Услуги";"Россия";"Месяц";"2";"индекс";"0"
"2025-10-01";122.77;"A";"Данные СберИндекса";"Услуги";"Россия";"Месяц";"2";"индекс";"0"
"2025-11-01";123.62;"A";"Данные СберИндекса";"Услуги";"Россия";"Месяц";"2";"индекс";"0"
"2025-12-01";123.53;"A";"Данные СберИндекса";"Услуги";"Россия";"Месяц";"2";"индекс";"0"
"2026-01-01";123.76;"A";"Данные СберИндекса";"Услуги";"Россия";"Месяц";"2";"индекс";"0"
"2026-02-01";124.04;"A";"Данные СберИндекса";"Услуги";"Россия";"Месяц";"2";"индекс";"0"
"2026-03-01";124.23;"A";"Данные СберИндекса";"Услуги";"Россия";"Месяц";"2";"индекс";"0"
"2026-04-01";124.49;"A";"Данные СберИндекса";"Услуги";"Россия";"Месяц";"2";"индекс";"0"
"2026-05-01";124.07;"A";"Данные СберИндекса";"Услуги";"Россия";"Месяц";"2";"индекс";"0"
"2026-06-01";123.29;"A";"Данные СберИндекса";"Услуги";"Россия";"Месяц";"2";"индекс";"0"
"2026-07-01";124;"A";"Данные СберИндекса";"Услуги";"Россия";"Месяц";"2";"индекс";"0"
"2026-08-01";124.59;"A";"Данные СберИндекса";"Услуги";"Россия";"Месяц";"2";"индекс";"0"
"2018-12-01";100;"A";"Данные СберИндекса";"Продовольственные товары";"Россия";"Месяц";"2";"индекс";"0"
"2019-01-01";99.99;"A";"Данные СберИндекса";"Продовольственные товары";"Россия";"Месяц";"2";"индекс";"0"
"2019-02-01";99.84;"A";"Данные СберИндекса";"Продовольственные товары";"Россия";"Месяц";"2";"индекс";"0"
"2019-03-01";100.5;"A";"Данные СберИндекса";"Продовольственные товары";"Россия";"Месяц";"2";"индекс";"0"
"2019-04-01";100.26;"A";"Данные СберИндекса";"Продовольственные товары";"Россия";"Месяц";"2";"индекс";"0"
"2019-05-01";100.81;"A";"Данные СберИндекса";"Продовольственные товары";"Россия";"Месяц";"2";"индекс";"0"
"2019-06-01";100.82;"A";"Данные СберИндекса";"Продовольственные товары";"Россия";"Месяц";"2";"индекс";"0"
"2019-07-01";100.63;"A";"Данные СберИндекса";"Продовольственные товары";"Россия";"Месяц";"2";"индекс";"0"
"2019-08-01";100.77;"A";"Данные СберИндекса";"Продовольственные товары";"Россия";"Месяц";"2";"индекс";"0"
"2019-09-01";101.11;"A";"Данные СберИндекса";"Продовольственные товары";"Россия";"Месяц";"2";"индекс";"0"
"2019-10-01";101.58;"A";"Данные СберИндекса";"Продовольственные товары";"Россия";"Месяц";"2";"индекс";"0"
"2019-11-01";102.94;"A";"Данные СберИндекса";"Продовольственные товары";"Россия";"Месяц";"2";"индекс";"0"
"2019-12-01";102.76;"A";"Данные СберИндекса";"Продовольственные товары";"Россия";"Месяц";"2";"индекс";"0"
"2020-01-01";102.79;"A";"Данные СберИндекса";"Продовольственные товары";"Россия";"Месяц";"2";"индекс";"0"
"2020-02-01";102.36;"A";"Данные СберИндекса";"Продовольственные товары";"Россия";"Месяц";"2";"индекс";"0"
"2020-03-01";107.25;"A";"Данные СберИндекса";"Продовольственные товары";"Россия";"Месяц";"2";"индекс";"0"
"2020-04-01";92.02;"A";"Данные СберИндекса";"Продовольственные товары";"Россия";"Месяц";"2";"индекс";"0"
"2020-05-01";93.35;"A";"Данные СберИндекса";"Продовольственные товары";"Россия";"Месяц";"2";"индекс";"0"
"2020-06-01";98.05;"A";"Данные СберИндекса";"Продовольственные товары";"Россия";"Месяц";"2";"индекс";"0"
"2020-07-01";100.22;"A";"Данные СберИндекса";"Продовольственные товары";"Россия";"Месяц";"2";"индекс";"0"
"2020-08-01";99.13;"A";"Данные СберИндекса";"Продовольственные товары";"Россия";"Месяц";"2";"индекс";"0"
"2020-09-01";99.85;"A";"Данные СберИндекса";"Продовольственные товары";"Россия";"Месяц";"2";"индекс";"0"
"2020-10-01";101.22;"A";"Данные СберИндекса";"Продовольственные товары";"Россия";"Месяц";"2";"индекс";"0"
"2020-11-01";100.83;"A";"Данные СберИндекса";"Продовольственные товары";"Россия";"Месяц";"2";"индекс";"0"
"2020-12-01";101.16;"A";"Данные СберИндекса";"Продовольственные товары";"Россия";"Месяц";"2";"индекс";"0"
"2021-01-01";102.85;"A";"Данные СберИндекса";"Продовольственные товары";"Россия";"Месяц";"2";"индекс";"0"
"2021-02-01";102.21;"A";"Данные СберИндекса";"Продовольственные товары";"Россия";"Месяц";"2";"индекс";"0"
"2021-03-01";101.94;"A";"Данные СберИндекса";"Продовольственные товары";"Россия";"Месяц";"2";"индекс";"0"
"2021-04-01";102.54;"A";"Данные СберИндекса";"Продовольственные товары";"Россия";"Месяц";"2";"индекс";"0"
"2021-05-01";102.11;"A";"Данные СберИндекса";"Продовольственные товары";"Россия";"Месяц";"2";"индекс";"0"
"2021-06-01";102.42;"A";"Данные СберИндекса";"Продовольственные товары";"Россия";"Месяц";"2";"индекс";"0"
"2021-07-01";102.77;"A";"Данные СберИндекса";"Продовольственные товары";"Россия";"Месяц";"2";"индекс";"0"
"2021-08-01";102.97;"A";"Данные СберИндекса";"Продовольственные товары";"Россия";"Месяц";"2";"индекс";"0"
"2021-09-01";103.9;"A";"Данные СберИндекса";"Продовольственные товары";"Россия";"Месяц";"2";"индекс";"0"
"2021-10-01";104.45;"A";"Данные СберИндекса";"Продовольственные товары";"Россия";"Месяц";"2";"индекс";"0"
"2021-11-01";103.98;"A";"Данные СберИндекса";"Продовольственные товары";"Россия";"Месяц";"2";"индекс";"0"
"2021-12-01";104.63;"A";"Данные СберИндекса";"Продовольственные товары";"Россия";"Месяц";"2";"индекс";"0"
"2022-01-01";104.55;"A";"Данные СберИндекса";"Продовольственные товары";"Россия";"Месяц";"2";"индекс";"0"
"2022-02-01";105.21;"A";"Данные СберИндекса";"Продовольственные товары";"Россия";"Месяц";"2";"индекс";"0"
"2022-03-01";105.74;"A";"Данные СберИндекса";"Продовольственные товары";"Россия";"Месяц";"2";"индекс";"0"
"2022-04-01";99.75;"A";"Данные СберИндекса";"Продовольственные товары";"Россия";"Месяц";"2";"индекс";"0"
"2022-05-01";99.38;"A";"Данные СберИндекса";"Продовольственные товары";"Россия";"Месяц";"2";"индекс";"0"
"2022-06-01";99.86;"A";"Данные СберИндекса";"Продовольственные товары";"Россия";"Месяц";"2";"индекс";"0"
"2022-07-01";100.33;"A";"Данные СберИндекса";"Продовольственные товары";"Россия";"Месяц";"2";"индекс";"0"
"2022-08-01";100.21;"A";"Данные СберИндекса";"Продовольственные товары";"Россия";"Месяц";"2";"индекс";"0"
"2022-09-01";100.75;"A";"Данные СберИндекса";"Продовольственные товары";"Россия";"Месяц";"2";"индекс";"0"
"2022-10-01";101.45;"A";"Данные СберИндекса";"Продовольственные товары";"Россия";"Месяц";"2";"индекс";"0"
"2022-11-01";102.44;"A";"Данные СберИндекса";"Продовольственные товары";"Россия";"Месяц";"2";"индекс";"0"
"2022-12-01";102.81;"A";"Данные СберИндекса";"Продовольственные товары";"Россия";"Месяц";"2";"индекс";"0"
"2023-01-01";103.93;"A";"Данные СберИндекса";"Продовольственные товары";"Россия";"Месяц";"2";"индекс";"0"
"2023-02-01";104.42;"A";"Данные СберИндекса";"Продовольственные товары";"Россия";"Месяц";"2";"индекс";"0"
"2023-03-01";104.75;"A";"Данные СберИндекса";"Продовольственные товары";"Россия";"Месяц";"2";"индекс";"0"
"2023-04-01";105.39;"A";"Данные СберИндекса";"Продовольственные товары";"Россия";"Месяц";"2";"индекс";"0"
"2023-05-01";106.22;"A";"Данные СберИндекса";"Продовольственные товары";"Россия";"Месяц";"2";"индекс";"0"
"2023-06-01";107.73;"A";"Данные СберИндекса";"Продовольственные товары";"Россия";"Месяц";"2";"индекс";"0"
"2023-07-01";106.77;"A";"Данные СберИндекса";"Продовольственные товары";"Россия";"Месяц";"2";"индекс";"0"
"2023-08-01";107.69;"A";"Данные СберИндекса";"Продовольственные товары";"Россия";"Месяц";"2";"индекс";"0"
"2023-09-01";107.71;"A";"Данные СберИндекса";"Продовольственные товары";"Россия";"Месяц";"2";"индекс";"0"
"2023-10-01";107.74;"A";"Данные СберИндекса";"Продовольственные товары";"Россия";"Месяц";"2";"индекс";"0"
"2023-11-01";108.3;"A";"Данные СберИндекса";"Продовольственные товары";"Россия";"Месяц";"2";"индекс";"0"
"2023-12-01";109.2;"A";"Данные СберИндекса";"Продовольственные товары";"Россия";"Месяц";"2";"индекс";"0"
"2024-01-01";110.46;"A";"Данные СберИндекса";"Продовольственные товары";"Россия";"Месяц";"2";"индекс";"0"
"2024-02-01";111.54;"A";"Данные СберИндекса";"Продовольственные товары";"Россия";"Месяц";"2";"индекс";"0"
"2024-03-01";111.75;"A";"Данные СберИндекса";"Продовольственные товары";"Россия";"Месяц";"2";"индекс";"0"
"2024-04-01";111.66;"A";"Данные СберИндекса";"Продовольственные товары";"Россия";"Месяц";"2";"индекс";"0"
"2024-05-01";112.07;"A";"Данные СберИндекса";"Продовольственные товары";"Россия";"Месяц";"2";"индекс";"0"
"2024-06-01";112.33;"A";"Данные СберИндекса";"Продовольственные товары";"Россия";"Месяц";"2";"индекс";"0"
"2024-07-01";112.23;"A";"Данные СберИндекса";"Продовольственные товары";"Россия";"Месяц";"2";"индекс";"0"
"2024-08-01";112.11;"A";"Данные СберИндекса";"Продовольственные товары";"Россия";"Месяц";"2";"индекс";"0"
"2024-09-01";111.92;"A";"Данные СберИндекса";"Продовольственные товары";"Россия";"Месяц";"2";"индекс";"0"
"2024-10-01";112.4;"A";"Данные СберИндекса";"Продовольственные товары";"Россия";"Месяц";"2";"индекс";"0"
"2024-11-01";112.44;"A";"Данные СберИндекса";"Продовольственные товары";"Россия";"Месяц";"2";"индекс";"0"
"2024-12-01";111.9;"A";"Данные СберИндекса";"Продовольственные товары";"Россия";"Месяц";"2";"индекс";"0"
"2025-01-01";112.95;"A";"Данные СберИндекса";"Продовольственные товары";"Россия";"Месяц";"2";"индекс";"0"
"2025-02-01";112.7;"A";"Данные СберИндекса";"Продовольственные товары";"Россия";"Месяц";"2";"индекс";"0"
"2025-03-01";113.54;"A";"Данные СберИндекса";"Продовольственные товары";"Россия";"Месяц";"2";"индекс";"0"
"2025-04-01";113.75;"A";"Данные СберИндекса";"Продовольственные товары";"Россия";"Месяц";"2";"индекс";"0"
"2025-05-01";114.12;"A";"Данные СберИндекса";"Продовольственные товары";"Россия";"Месяц";"2";"индекс";"0"
"2025-06-01";113.98;"A";"Данные СберИндекса";"Продовольственные товары";"Россия";"Месяц";"2";"индекс";"0"
"2025-07-01";116.48;"A";"Данные СберИндекса";"Продовольственные товары";"Россия";"Месяц";"2";"индекс";"0"
"2025-08-01";114.9;"A";"Данные СберИндекса";"Продовольственные товары";"Россия";"Месяц";"2";"индекс";"0"
"2025-09-01";113.08;"A";"Данные СберИндекса";"Продовольственные товары";"Россия";"Месяц";"2";"индекс";"0"
"2025-10-01";115;"A";"Данные СберИндекса";"Продовольственные товары";"Россия";"Месяц";"2";"индекс";"0"
"2025-11-01";112.44;"A";"Данные СберИндекса";"Продовольственные товары";"Россия";"Месяц";"2";"индекс";"0"
"2025-12-01";116.07;"A";"Данные СберИндекса";"Продовольственные товары";"Россия";"Месяц";"2";"индекс";"0"
"2026-01-01";116.26;"A";"Данные СберИндекса";"Продовольственные товары";"Россия";"Месяц";"2";"индекс";"0"
"2026-02-01";114.38;"A";"Данные СберИндекса";"Продовольственные товары";"Россия";"Месяц";"2";"индекс";"0"
"2026-03-01";117.86;"A";"Данные СберИндекса";"Продовольственные товары";"Россия";"Месяц";"2";"индекс";"0"
"2026-04-01";118.69;"A";"Данные СберИндекса";"Продовольственные товары";"Россия";"Месяц";"2";"индекс";"0"
"2026-05-01";119.83;"A";"Данные СберИндекса";"Продовольственные товары";"Россия";"Месяц";"2";"индекс";"0"
"2026-06-01";120.32;"A";"Данные СберИндекса";"Продовольственные товары";"Россия";"Месяц";"2";"индекс";"0"
"2026-07-01";121.57;"A";"Данные СберИндекса";"Продовольственные товары";"Россия";"Месяц";"2";"индекс";"0"
"2026-08-01";121.15;"A";"Данные СберИндекса";"Продовольственные товары";"Россия";"Месяц";"2";"индекс";"0"
"2018-12-01";100;"A";"Данные СберИндекса";"Всего";"Россия";"Месяц";"2";"индекс";"0"
"2019-01-01";99.59;"A";"Данные СберИндекса";"Всего";"Россия";"Месяц";"2";"индекс";"0"
"2019-02-01";99.68;"A";"Данные СберИндекса";"Всего";"Россия";"Месяц";"2";"индекс";"0"
"2019-03-01";100.06;"A";"Данные СберИндекса";"Всего";"Россия";"Месяц";"2";"индекс";"0"
"2019-04-01";99.97;"A";"Данные СберИндекса";"Всего";"Россия";"Месяц";"2";"индекс";"0"
"2019-05-01";100.23;"A";"Данные СберИндекса";"Всего";"Россия";"Месяц";"2";"индекс";"0"
"2019-06-01";100.67;"A";"Данные СберИндекса";"Всего";"Россия";"Месяц";"2";"индекс";"0"
"2019-07-01";100.7;"A";"Данные СберИндекса";"Всего";"Россия";"Месяц";"2";"индекс";"0"
"2019-08-01";100.91;"A";"Данные СберИндекса";"Всего";"Россия";"Месяц";"2";"индекс";"0"
"2019-09-01";101.26;"A";"Данные СберИндекса";"Всего";"Россия";"Месяц";"2";"индекс";"0"
"2019-10-01";101.98;"A";"Данные СберИндекса";"Всего";"Россия";"Месяц";"2";"индекс";"0"
"2019-11-01";103.31;"A";"Данные СберИндекса";"Всего";"Россия";"Месяц";"2";"индекс";"0"
"2019-12-01";102.88;"A";"Данные СберИндекса";"Всего";"Россия";"Месяц";"2";"индекс";"0"
"2020-01-01";102.72;"A";"Данные СберИндекса";"Всего";"Россия";"Месяц";"2";"индекс";"0"
"2020-02-01";102.13;"A";"Данные СберИндекса";"Всего";"Россия";"Месяц";"2";"индекс";"0"
"2020-03-01";103.7;"A";"Данные СберИндекса";"Всего";"Россия";"Месяц";"2";"индекс";"0"
"2020-04-01";73.09;"A";"Данные СберИндекса";"Всего";"Россия";"Месяц";"2";"индекс";"0"
"2020-05-01";76.58;"A";"Данные СберИндекса";"Всего";"Россия";"Месяц";"2";"индекс";"0"
"2020-06-01";87.58;"A";"Данные СберИндекса";"Всего";"Россия";"Месяц";"2";"индекс";"0"
"2020-07-01";94.68;"A";"Данные СберИндекса";"Всего";"Россия";"Месяц";"2";"индекс";"0"
"2020-08-01";96.86;"A";"Данные СберИндекса";"Всего";"Россия";"Месяц";"2";"индекс";"0"
"2020-09-01";98.19;"A";"Данные СберИндекса";"Всего";"Россия";"Месяц";"2";"индекс";"0"
"2020-10-01";99.35;"A";"Данные СберИндекса";"Всего";"Россия";"Месяц";"2";"индекс";"0"
"2020-11-01";98.8;"A";"Данные СберИндекса";"Всего";"Россия";"Месяц";"2";"индекс";"0"
"2020-12-01";99.09;"A";"Данные СберИндекса";"Всего";"Россия";"Месяц";"2";"индекс";"0"
"2021-01-01";101.36;"A";"Данные СберИндекса";"Всего";"Россия";"Месяц";"2";"индекс";"0"
"2021-02-01";101.9;"A";"Данные СберИндекса";"Всего";"Россия";"Месяц";"2";"индекс";"0"
"2021-03-01";103.12;"A";"Данные СберИндекса";"Всего";"Россия";"Месяц";"2";"индекс";"0"
"2021-04-01";104.77;"A";"Данные СберИндекса";"Всего";"Россия";"Месяц";"2";"индекс";"0"
"2021-05-01";104.64;"A";"Данные СберИндекса";"Всего";"Россия";"Месяц";"2";"индекс";"0"
"2021-06-01";104.39;"A";"Данные СберИндекса";"Всего";"Россия";"Месяц";"2";"индекс";"0"
"2021-07-01";104.26;"A";"Данные СберИндекса";"Всего";"Россия";"Месяц";"2";"индекс";"0"
"2021-08-01";105.15;"A";"Данные СберИндекса";"Всего";"Россия";"Месяц";"2";"индекс";"0"
"2021-09-01";106.6;"A";"Данные СберИндекса";"Всего";"Россия";"Месяц";"2";"индекс";"0"
"2021-10-01";106.78;"A";"Данные СберИндекса";"Всего";"Россия";"Месяц";"2";"индекс";"0"
"2021-11-01";105.74;"A";"Данные СберИндекса";"Всего";"Россия";"Месяц";"2";"индекс";"0"
"2021-12-01";107.71;"A";"Данные СберИндекса";"Всего";"Россия";"Месяц";"2";"индекс";"0"
"2022-01-01";108.6;"A";"Данные СберИндекса";"Всего";"Россия";"Месяц";"2";"индекс";"0"
"2022-02-01";109.95;"A";"Данные СберИндекса";"Всего";"Россия";"Месяц";"2";"индекс";"0"
"2022-03-01";105.93;"A";"Данные СберИндекса";"Всего";"Россия";"Месяц";"2";"индекс";"0"
"2022-04-01";97.13;"A";"Данные СберИндекса";"Всего";"Россия";"Месяц";"2";"индекс";"0"
"2022-05-01";97.01;"A";"Данные СберИндекса";"Всего";"Россия";"Месяц";"2";"индекс";"0"
"2022-06-01";97.51;"A";"Данные СберИндекса";"Всего";"Россия";"Месяц";"2";"индекс";"0"
"2022-07-01";97.9;"A";"Данные СберИндекса";"Всего";"Россия";"Месяц";"2";"индекс";"0"
"2022-08-01";98.48;"A";"Данные СберИндекса";"Всего";"Россия";"Месяц";"2";"индекс";"0"
"2022-09-01";98.79;"A";"Данные СберИндекса";"Всего";"Россия";"Месяц";"2";"индекс";"0"
"2022-10-01";99.56;"A";"Данные СберИндекса";"Всего";"Россия";"Месяц";"2";"индекс";"0"
"2022-11-01";101.33;"A";"Данные СберИндекса";"Всего";"Россия";"Месяц";"2";"индекс";"0"
"2022-12-01";101.06;"A";"Данные СберИндекса";"Всего";"Россия";"Месяц";"2";"индекс";"0"
"2023-01-01";104.97;"A";"Данные СберИндекса";"Всего";"Россия";"Месяц";"2";"индекс";"0"
"2023-02-01";105.5;"A";"Данные СберИндекса";"Всего";"Россия";"Месяц";"2";"индекс";"0"
"2023-03-01";105.66;"A";"Данные СберИндекса";"Всего";"Россия";"Месяц";"2";"индекс";"0"
"2023-04-01";106.82;"A";"Данные СберИндекса";"Всего";"Россия";"Месяц";"2";"индекс";"0"
"2023-05-01";107.88;"A";"Данные СберИндекса";"Всего";"Россия";"Месяц";"2";"индекс";"0"
"2023-06-01";109.22;"A";"Данные СберИндекса";"Всего";"Россия";"Месяц";"2";"индекс";"0"
"2023-07-01";109.85;"A";"Данные СберИндекса";"Всего";"Россия";"Месяц";"2";"индекс";"0"
"2023-08-01";110.7;"A";"Данные СберИндекса";"Всего";"Россия";"Месяц";"2";"индекс";"0"
"2023-09-01";111.16;"A";"Данные СберИндекса";"Всего";"Россия";"Месяц";"2";"индекс";"0"
"2023-10-01";111.9;"A";"Данные СберИндекса";"Всего";"Россия";"Месяц";"2";"индекс";"0"
"2023-11-01";111.58;"A";"Данные СберИндекса";"Всего";"Россия";"Месяц";"2";"индекс";"0"
"2023-12-01";111.71;"A";"Данные СберИндекса";"Всего";"Россия";"Месяц";"2";"индекс";"0"
"2024-01-01";113.78;"A";"Данные СберИндекса";"Всего";"Россия";"Месяц";"2";"индекс";"0"
"2024-02-01";115.1;"A";"Данные СберИндекса";"Всего";"Россия";"Месяц";"2";"индекс";"0"
"2024-03-01";115.84;"A";"Данные СберИндекса";"Всего";"Россия";"Месяц";"2";"индекс";"0"
"2024-04-01";115.77;"A";"Данные СберИндекса";"Всего";"Россия";"Месяц";"2";"индекс";"0"
"2024-05-01";116.19;"A";"Данные СберИндекса";"Всего";"Россия";"Месяц";"2";"индекс";"0"
"2024-06-01";116.83;"A";"Данные СберИндекса";"Всего";"Россия";"Месяц";"2";"индекс";"0"
"2024-07-01";117.01;"A";"Данные СберИндекса";"Всего";"Россия";"Месяц";"2";"индекс";"0"
"2024-08-01";116.88;"A";"Данные СберИндекса";"Всего";"Россия";"Месяц";"2";"индекс";"0"
"2024-09-01";117.92;"A";"Данные СберИндекса";"Всего";"Россия";"Месяц";"2";"индекс";"0"
"2024-10-01";117.26;"A";"Данные СберИндекса";"Всего";"Россия";"Месяц";"2";"индекс";"0"
"2024-11-01";118.17;"A";"Данные СберИндекса";"Всего";"Россия";"Месяц";"2";"индекс";"0"
"2024-12-01";117.78;"A";"Данные СберИндекса";"Всего";"Россия";"Месяц";"2";"индекс";"0"
"2025-01-01";119.97;"A";"Данные СберИндекса";"Всего";"Россия";"Месяц";"2";"индекс";"0"
"2025-02-01";120.32;"A";"Данные СберИндекса";"Всего";"Россия";"Месяц";"2";"индекс";"0"
"2025-03-01";120.38;"A";"Данные СберИндекса";"Всего";"Россия";"Месяц";"2";"индекс";"0"
"2025-04-01";121.08;"A";"Данные СберИндекса";"Всего";"Россия";"Месяц";"2";"индекс";"0"
"2025-05-01";121.58;"A";"Данные СберИндекса";"Всего";"Россия";"Месяц";"2";"индекс";"0"
"2025-06-01";122.23;"A";"Данные СберИндекса";"Всего";"Россия";"Месяц";"2";"индекс";"0"
"2025-07-01";123.66;"A";"Данные СберИндекса";"Всего";"Россия";"Месяц";"2";"индекс";"0"
"2025-08-01";123.89;"A";"Данные СберИндекса";"Всего";"Россия";"Месяц";"2";"индекс";"0"
"2025-09-01";123.51;"A";"Данные СберИндекса";"Всего";"Россия";"Месяц";"2";"индекс";"0"
"2025-10-01";125.99;"A";"Данные СберИндекса";"Всего";"Россия";"Месяц";"2";"индекс";"0"
"2025-11-01";124.36;"A";"Данные СберИндекса";"Всего";"Россия";"Месяц";"2";"индекс";"0"
"2025-12-01";126.42;"A";"Данные СберИндекса";"Всего";"Россия";"Месяц";"2";"индекс";"0"
"2026-01-01";123.99;"A";"Данные СберИндекса";"Всего";"Россия";"Месяц";"2";"индекс";"0"
"2026-02-01";124.3;"A";"Данные СберИндекса";"Всего";"Россия";"Месяц";"2";"индекс";"0"
"2026-03-01";127.57;"A";"Данные СберИндекса";"Всего";"Россия";"Месяц";"2";"индекс";"0"
"2026-04-01";128.6;"A";"Данные СберИндекса";"Всего";"Россия";"Месяц";"2";"индекс";"0"
"2026-05-01";129.88;"A";"Данные СберИндекса";"Всего";"Россия";"Месяц";"2";"индекс";"0"
"2026-06-01";130.03;"A";"Данные СберИндекса";"Всего";"Россия";"Месяц";"2";"индекс";"0"
"2026-07-01";130.44;"A";"Данные СберИндекса";"Всего";"Россия";"Месяц";"2";"индекс";"0"
"2026-08-01";130.67;"A";"Данные СберИндекса";"Всего";"Россия";"Месяц";"2";"индекс";"0"
"2018-12-01";100;"A";"Данные СберИндекса";"Непродовольственные товары";"Россия";"Месяц";"2";"индекс";"0"
"2019-01-01";99.16;"A";"Данные СберИндекса";"Непродовольственные товары";"Россия";"Месяц";"2";"индекс";"0"
"2019-02-01";98.99;"A";"Данные СберИндекса";"Непродовольственные товары";"Россия";"Месяц";"2";"индекс";"0"
"2019-03-01";98.64;"A";"Данные СберИндекса";"Непродовольственные товары";"Россия";"Месяц";"2";"индекс";"0"
"2019-04-01";98.79;"A";"Данные СберИндекса";"Непродовольственные товары";"Россия";"Месяц";"2";"индекс";"0"
"2019-05-01";98.65;"A";"Данные СберИндекса";"Непродовольственные товары";"Россия";"Месяц";"2";"индекс";"0"
"2019-06-01";99.35;"A";"Данные СберИндекса";"Непродовольственные товары";"Россия";"Месяц";"2";"индекс";"0"
"2019-07-01";99.68;"A";"Данные СберИндекса";"Непродовольственные товары";"Россия";"Месяц";"2";"индекс";"0"
"2019-08-01";99.97;"A";"Данные СберИндекса";"Непродовольственные товары";"Россия";"Месяц";"2";"индекс";"0"
"2019-09-01";100.67;"A";"Данные СберИндекса";"Непродовольственные товары";"Россия";"Месяц";"2";"индекс";"0"
"2019-10-01";101.68;"A";"Данные СберИндекса";"Непродовольственные товары";"Россия";"Месяц";"2";"индекс";"0"
"2019-11-01";103.48;"A";"Данные СберИндекса";"Непродовольственные товары";"Россия";"Месяц";"2";"индекс";"0"
"2019-12-01";102.6;"A";"Данные СберИндекса";"Непродовольственные товары";"Россия";"Месяц";"2";"индекс";"0"
"2020-01-01";102.64;"A";"Данные СберИндекса";"Непродовольственные товары";"Россия";"Месяц";"2";"индекс";"0"
"2020-02-01";102.1;"A";"Данные СберИндекса";"Непродовольственные товары";"Россия";"Месяц";"2";"индекс";"0"
"2020-03-01";105.58;"A";"Данные СберИндекса";"Непродовольственные товары";"Россия";"Месяц";"2";"индекс";"0"
"2020-04-01";63.88;"A";"Данные СберИндекса";"Непродовольственные товары";"Россия";"Месяц";"2";"индекс";"0"
"2020-05-01";71.85;"A";"Данные СберИндекса";"Непродовольственные товары";"Россия";"Месяц";"2";"индекс";"0"
"2020-06-01";90.72;"A";"Данные СберИндекса";"Непродовольственные товары";"Россия";"Месяц";"2";"индекс";"0"
"2020-07-01";99.34;"A";"Данные СберИндекса";"Непродовольственные товары";"Россия";"Месяц";"2";"индекс";"0"
"2020-08-01";100.62;"A";"Данные СберИндекса";"Непродовольственные товары";"Россия";"Месяц";"2";"индекс";"0"
"2020-09-01";101.12;"A";"Данные СберИндекса";"Непродовольственные товары";"Россия";"Месяц";"2";"индекс";"0"
"2020-10-01";102.72;"A";"Данные СберИндекса";"Непродовольственные товары";"Россия";"Месяц";"2";"индекс";"0"
"2020-11-01";102.28;"A";"Данные СберИндекса";"Непродовольственные товары";"Россия";"Месяц";"2";"индекс";"0"
"2020-12-01";101.98;"A";"Данные СберИндекса";"Непродовольственные товары";"Россия";"Месяц";"2";"индекс";"0"
"2021-01-01";105.23;"A";"Данные СберИндекса";"Непродовольственные товары";"Россия";"Месяц";"2";"индекс";"0"
"2021-02-01";104.92;"A";"Данные СберИндекса";"Непродовольственные товары";"Россия";"Месяц";"2";"индекс";"0"
"2021-03-01";105.73;"A";"Данные СберИндекса";"Непродовольственные товары";"Россия";"Месяц";"2";"индекс";"0"
"2021-04-01";108.41;"A";"Данные СберИндекса";"Непродовольственные товары";"Россия";"Месяц";"2";"индекс";"0"
"2021-05-01";108.2;"A";"Данные СберИндекса";"Непродовольственные товары";"Россия";"Месяц";"2";"индекс";"0"
"2021-06-01";107.44;"A";"Данные СберИндекса";"Непродовольственные товары";"Россия";"Месяц";"2";"индекс";"0"
"2021-07-01";107.53;"A";"Данные СберИндекса";"Непродовольственные товары";"Россия";"Месяц";"2";"индекс";"0"
"2021-08-01";108.38;"A";"Данные СберИндекса";"Непродовольственные товары";"Россия";"Месяц";"2";"индекс";"0"
"2021-09-01";110.16;"A";"Данные СберИндекса";"Непродовольственные товары";"Россия";"Месяц";"2";"индекс";"0"
"2021-10-01";109.44;"A";"Данные СберИндекса";"Непродовольственные товары";"Россия";"Месяц";"2";"индекс";"0"
"2021-11-01";108.12;"A";"Данные СберИндекса";"Непродовольственные товары";"Россия";"Месяц";"2";"индекс";"0"
"2021-12-01";112.19;"A";"Данные СберИндекса";"Непродовольственные товары";"Россия";"Месяц";"2";"индекс";"0"
"2022-01-01";113.04;"A";"Данные СберИндекса";"Непродовольственные товары";"Россия";"Месяц";"2";"индекс";"0"
"2022-02-01";115.9;"A";"Данные СберИндекса";"Непродовольственные товары";"Россия";"Месяц";"2";"индекс";"0"
"2022-03-01";106.74;"A";"Данные СберИндекса";"Непродовольственные товары";"Россия";"Месяц";"2";"индекс";"0"
"2022-04-01";90.81;"A";"Данные СберИндекса";"Непродовольственные товары";"Россия";"Месяц";"2";"индекс";"0"
"2022-05-01";90.63;"A";"Данные СберИндекса";"Непродовольственные товары";"Россия";"Месяц";"2";"индекс";"0"
"2022-06-01";90.99;"A";"Данные СберИндекса";"Непродовольственные товары";"Россия";"Месяц";"2";"индекс";"0"
"2022-07-01";91.11;"A";"Данные СберИндекса";"Непродовольственные товары";"Россия";"Месяц";"2";"индекс";"0"
"2022-08-01";92.1;"A";"Данные СберИндекса";"Непродовольственные товары";"Россия";"Месяц";"2";"индекс";"0"
"2022-09-01";92.13;"A";"Данные СберИндекса";"Непродовольственные товары";"Россия";"Месяц";"2";"индекс";"0"
"2022-10-01";92.88;"A";"Данные СберИндекса";"Непродовольственные товары";"Россия";"Месяц";"2";"индекс";"0"
"2022-11-01";95.95;"A";"Данные СберИндекса";"Непродовольственные товары";"Россия";"Месяц";"2";"индекс";"0"
"2022-12-01";95.17;"A";"Данные СберИндекса";"Непродовольственные товары";"Россия";"Месяц";"2";"индекс";"0"
"2023-01-01";102.36;"A";"Данные СберИндекса";"Непродовольственные товары";"Россия";"Месяц";"2";"индекс";"0"
"2023-02-01";102.32;"A";"Данные СберИндекса";"Непродовольственные товары";"Россия";"Месяц";"2";"индекс";"0"
"2023-03-01";101.85;"A";"Данные СберИндекса";"Непродовольственные товары";"Россия";"Месяц";"2";"индекс";"0"
"2023-04-01";104.56;"A";"Данные СберИндекса";"Непродовольственные товары";"Россия";"Месяц";"2";"индекс";"0"
"2023-05-01";106.47;"A";"Данные СберИндекса";"Непродовольственные товары";"Россия";"Месяц";"2";"индекс";"0"
"2023-06-01";108.4;"A";"Данные СберИндекса";"Непродовольственные товары";"Россия";"Месяц";"2";"индекс";"0"
"2023-07-01";110.22;"A";"Данные СберИндекса";"Непродовольственные товары";"Россия";"Месяц";"2";"индекс";"0"
"2023-08-01";111.6;"A";"Данные СберИндекса";"Непродовольственные товары";"Россия";"Месяц";"2";"индекс";"0"
"2023-09-01";112.05;"A";"Данные СберИндекса";"Непродовольственные товары";"Россия";"Месяц";"2";"индекс";"0"
"2023-10-01";113.53;"A";"Данные СберИндекса";"Непродовольственные товары";"Россия";"Месяц";"2";"индекс";"0"
"2023-11-01";112.1;"A";"Данные СберИндекса";"Непродовольственные товары";"Россия";"Месяц";"2";"индекс";"0"
"2023-12-01";111.06;"A";"Данные СберИндекса";"Непродовольственные товары";"Россия";"Месяц";"2";"индекс";"0"
"2024-01-01";114.81;"A";"Данные СберИндекса";"Непродовольственные товары";"Россия";"Месяц";"2";"индекс";"0"
"2024-02-01";116.95;"A";"Данные СберИндекса";"Непродовольственные товары";"Россия";"Месяц";"2";"индекс";"0"
"2024-03-01";118.18;"A";"Данные СберИндекса";"Непродовольственные товары";"Россия";"Месяц";"2";"индекс";"0"
"2024-04-01";118.11;"A";"Данные СберИндекса";"Непродовольственные товары";"Россия";"Месяц";"2";"индекс";"0"
"2024-05-01";118.11;"A";"Данные СберИндекса";"Непродовольственные товары";"Россия";"Месяц";"2";"индекс";"0"
"2024-06-01";118.45;"A";"Данные СберИндекса";"Непродовольственные товары";"Россия";"Месяц";"2";"индекс";"0"
"2024-07-01";119.13;"A";"Данные СберИндекса";"Непродовольственные товары";"Россия";"Месяц";"2";"индекс";"0"
"2024-08-01";118.81;"A";"Данные СберИндекса";"Непродовольственные товары";"Россия";"Месяц";"2";"индекс";"0"
"2024-09-01";121.81;"A";"Данные СберИндекса";"Непродовольственные товары";"Россия";"Месяц";"2";"индекс";"0"
"2024-10-01";119.4;"A";"Данные СберИндекса";"Непродовольственные товары";"Россия";"Месяц";"2";"индекс";"0"
"2024-11-01";121.17;"A";"Данные СберИндекса";"Непродовольственные товары";"Россия";"Месяц";"2";"индекс";"0"
"2024-12-01";120.3;"A";"Данные СберИндекса";"Непродовольственные товары";"Россия";"Месяц";"2";"индекс";"0"
"2025-01-01";122.03;"A";"Данные СберИндекса";"Непродовольственные товары";"Россия";"Месяц";"2";"индекс";"0"
"2025-02-01";122.55;"A";"Данные СберИндекса";"Непродовольственные товары";"Россия";"Месяц";"2";"индекс";"0"
"2025-03-01";121.73;"A";"Данные СберИндекса";"Непродовольственные товары";"Россия";"Месяц";"2";"индекс";"0"
"2025-04-01";122.54;"A";"Данные СберИндекса";"Непродовольственные товары";"Россия";"Месяц";"2";"индекс";"0"
"2025-05-01";123.15;"A";"Данные СберИндекса";"Непродовольственные товары";"Россия";"Месяц";"2";"индекс";"0"
"2025-06-01";124.64;"A";"Данные СберИндекса";"Непродовольственные товары";"Россия";"Месяц";"2";"индекс";"0"
"2025-07-01";126.92;"A";"Данные СберИндекса";"Непродовольственные товары";"Россия";"Месяц";"2";"индекс";"0"
"2025-08-01";128.28;"A";"Данные СберИндекса";"Непродовольственные товары";"Россия";"Месяц";"2";"индекс";"0"
"2025-09-01";128.95;"A";"Данные СберИндекса";"Непродовольственные товары";"Россия";"Месяц";"2";"индекс";"0"
"2025-10-01";133.08;"A";"Данные СберИндекса";"Непродовольственные товары";"Россия";"Месяц";"2";"индекс";"0"
"2025-11-01";130.82;"A";"Данные СберИндекса";"Непродовольственные товары";"Россия";"Месяц";"2";"индекс";"0"
"2025-12-01";132.68;"A";"Данные СберИндекса";"Непродовольственные товары";"Россия";"Месяц";"2";"индекс";"0"
"2026-01-01";125.34;"A";"Данные СберИндекса";"Непродовольственные товары";"Россия";"Месяц";"2";"индекс";"0"
"2026-02-01";127.66;"A";"Данные СберИндекса";"Непродовольственные товары";"Россия";"Месяц";"2";"индекс";"0"
"2026-03-01";133.11;"A";"Данные СберИндекса";"Непродовольственные товары";"Россия";"Месяц";"2";"индекс";"0"
"2026-04-01";134.85;"A";"Данные СберИндекса";"Непродовольственные товары";"Россия";"Месяц";"2";"индекс";"0"
"2026-05-01";137.57;"A";"Данные СберИндекса";"Непродовольственные товары";"Россия";"Месяц";"2";"индекс";"0"
"2026-06-01";138.07;"A";"Данные СберИндекса";"Непродовольственные товары";"Россия";"Месяц";"2";"индекс";"0"
"2026-07-01";137.61;"A";"Данные СберИндекса";"Непродовольственные товары";"Россия";"Месяц";"2";"индекс";"0"
"2026-08-01";138.16;"A";"Данные СберИндекса";"Непродовольственные товары";"Россия";"Месяц";"2";"индекс";"0"