"period";"value";"obs_status";"source";"freq";"key_rate_categories";"decimals";"unit_measure";"unit_mult"
"2012-01-01";0.2312234073;"A";"Данные ЦМИ";"Месяц";"Инфляция с сезонной корректировкой";"2";"%";"0"
"2012-02-01";0.3114669548;"A";"Данные ЦМИ";"Месяц";"Инфляция с сезонной корректировкой";"2";"%";"0"
"2012-03-01";0.5238040855;"A";"Данные ЦМИ";"Месяц";"Инфляция с сезонной корректировкой";"2";"%";"0"
"2012-04-01";0.3542463084;"A";"Данные ЦМИ";"Месяц";"Инфляция с сезонной корректировкой";"2";"%";"0"
"2012-05-01";0.492147997;"A";"Данные ЦМИ";"Месяц";"Инфляция с сезонной корректировкой";"2";"%";"0"
"2012-06-01";0.8894866406;"A";"Данные ЦМИ";"Месяц";"Инфляция с сезонной корректировкой";"2";"%";"0"
"2012-07-01";1.2731474266;"A";"Данные ЦМИ";"Месяц";"Инфляция с сезонной корректировкой";"2";"%";"0"
"2012-08-01";0.603331339;"A";"Данные ЦМИ";"Месяц";"Инфляция с сезонной корректировкой";"2";"%";"0"
"2012-09-01";0.7124418216;"A";"Данные ЦМИ";"Месяц";"Инфляция с сезонной корректировкой";"2";"%";"0"
"2012-10-01";0.4677566112;"A";"Данные ЦМИ";"Месяц";"Инфляция с сезонной корректировкой";"2";"%";"0"
"2012-11-01";0.2674141771;"A";"Данные ЦМИ";"Месяц";"Инфляция с сезонной корректировкой";"2";"%";"0"
"2012-12-01";0.3116146348;"A";"Данные ЦМИ";"Месяц";"Инфляция с сезонной корректировкой";"2";"%";"0"
"2013-01-01";0.6525882131;"A";"Данные ЦМИ";"Месяц";"Инфляция с сезонной корректировкой";"2";"%";"0"
"2013-02-01";0.4636903651;"A";"Данные ЦМИ";"Месяц";"Инфляция с сезонной корректировкой";"2";"%";"0"
"2013-03-01";0.3348152377;"A";"Данные ЦМИ";"Месяц";"Инфляция с сезонной корректировкой";"2";"%";"0"
"2013-04-01";0.5217349896;"A";"Данные ЦМИ";"Месяц";"Инфляция с сезонной корректировкой";"2";"%";"0"
"2013-05-01";0.603826071;"A";"Данные ЦМИ";"Месяц";"Инфляция с сезонной корректировкой";"2";"%";"0"
"2013-06-01";0.4265693922;"A";"Данные ЦМИ";"Месяц";"Инфляция с сезонной корректировкой";"2";"%";"0"
"2013-07-01";0.7726755315;"A";"Данные ЦМИ";"Месяц";"Инфляция с сезонной корректировкой";"2";"%";"0"
"2013-08-01";0.5073970191;"A";"Данные ЦМИ";"Месяц";"Инфляция с сезонной корректировкой";"2";"%";"0"
"2013-09-01";0.4768595498;"A";"Данные ЦМИ";"Месяц";"Инфляция с сезонной корректировкой";"2";"%";"0"
"2013-10-01";0.6220340913;"A";"Данные ЦМИ";"Месяц";"Инфляция с сезонной корректировкой";"2";"%";"0"
"2013-11-01";0.4921522191;"A";"Данные ЦМИ";"Месяц";"Инфляция с сезонной корректировкой";"2";"%";"0"
"2013-12-01";0.2564534136;"A";"Данные ЦМИ";"Месяц";"Инфляция с сезонной корректировкой";"2";"%";"0"
"2014-01-01";0.3407819497;"A";"Данные ЦМИ";"Месяц";"Инфляция с сезонной корректировкой";"2";"%";"0"
"2014-02-01";0.584085593;"A";"Данные ЦМИ";"Месяц";"Инфляция с сезонной корректировкой";"2";"%";"0"
"2014-03-01";0.9863592567;"A";"Данные ЦМИ";"Месяц";"Инфляция с сезонной корректировкой";"2";"%";"0"
"2014-04-01";0.9065792805;"A";"Данные ЦМИ";"Месяц";"Инфляция с сезонной корректировкой";"2";"%";"0"
"2014-05-01";0.9453276141;"A";"Данные ЦМИ";"Месяц";"Инфляция с сезонной корректировкой";"2";"%";"0"
"2014-06-01";0.6727432617;"A";"Данные ЦМИ";"Месяц";"Инфляция с сезонной корректировкой";"2";"%";"0"
"2014-07-01";0.5193779931;"A";"Данные ЦМИ";"Месяц";"Инфляция с сезонной корректировкой";"2";"%";"0"
"2014-08-01";0.6596047266;"A";"Данные ЦМИ";"Месяц";"Инфляция с сезонной корректировкой";"2";"%";"0"
"2014-09-01";0.9301910903;"A";"Данные ЦМИ";"Месяц";"Инфляция с сезонной корректировкой";"2";"%";"0"
"2014-10-01";0.8761017421;"A";"Данные ЦМИ";"Месяц";"Инфляция с сезонной корректировкой";"2";"%";"0"
"2014-11-01";1.1392476891;"A";"Данные ЦМИ";"Месяц";"Инфляция с сезонной корректировкой";"2";"%";"0"
"2014-12-01";2.3218161042;"A";"Данные ЦМИ";"Месяц";"Инфляция с сезонной корректировкой";"2";"%";"0"
"2015-01-01";3.4634511616;"A";"Данные ЦМИ";"Месяц";"Инфляция с сезонной корректировкой";"2";"%";"0"
"2015-02-01";2.0194365617;"A";"Данные ЦМИ";"Месяц";"Инфляция с сезонной корректировкой";"2";"%";"0"
"2015-03-01";1.1473938714;"A";"Данные ЦМИ";"Месяц";"Инфляция с сезонной корректировкой";"2";"%";"0"
"2015-04-01";0.482875403;"A";"Данные ЦМИ";"Месяц";"Инфляция с сезонной корректировкой";"2";"%";"0"
"2015-05-01";0.386420053;"A";"Данные ЦМИ";"Месяц";"Инфляция с сезонной корректировкой";"2";"%";"0"
"2015-06-01";0.2233350779;"A";"Данные ЦМИ";"Месяц";"Инфляция с сезонной корректировкой";"2";"%";"0"
"2015-07-01";0.8416232706;"A";"Данные ЦМИ";"Месяц";"Инфляция с сезонной корректировкой";"2";"%";"0"
"2015-08-01";0.8030749719;"A";"Данные ЦМИ";"Месяц";"Инфляция с сезонной корректировкой";"2";"%";"0"
"2015-09-01";0.888790255;"A";"Данные ЦМИ";"Месяц";"Инфляция с сезонной корректировкой";"2";"%";"0"
"2015-10-01";0.7317882711;"A";"Данные ЦМИ";"Месяц";"Инфляция с сезонной корректировкой";"2";"%";"0"
"2015-11-01";0.6240942578;"A";"Данные ЦМИ";"Месяц";"Инфляция с сезонной корректировкой";"2";"%";"0"
"2015-12-01";0.5167923692;"A";"Данные ЦМИ";"Месяц";"Инфляция с сезонной корректировкой";"2";"%";"0"
"2016-01-01";0.6472466754;"A";"Данные ЦМИ";"Месяц";"Инфляция с сезонной корректировкой";"2";"%";"0"
"2016-02-01";0.4794570868;"A";"Данные ЦМИ";"Месяц";"Инфляция с сезонной корректировкой";"2";"%";"0"
"2016-03-01";0.4424485677;"A";"Данные ЦМИ";"Месяц";"Инфляция с сезонной корректировкой";"2";"%";"0"
"2016-04-01";0.4441860845;"A";"Данные ЦМИ";"Месяц";"Инфляция с сезонной корректировкой";"2";"%";"0"
"2016-05-01";0.4336612046;"A";"Данные ЦМИ";"Месяц";"Инфляция с сезонной корректировкой";"2";"%";"0"
"2016-06-01";0.394970194;"A";"Данные ЦМИ";"Месяц";"Инфляция с сезонной корректировкой";"2";"%";"0"
"2016-07-01";0.5452427234;"A";"Данные ЦМИ";"Месяц";"Инфляция с сезонной корректировкой";"2";"%";"0"
"2016-08-01";0.3247072597;"A";"Данные ЦМИ";"Месяц";"Инфляция с сезонной корректировкой";"2";"%";"0"
"2016-09-01";0.4050383811;"A";"Данные ЦМИ";"Месяц";"Инфляция с сезонной корректировкой";"2";"%";"0"
"2016-10-01";0.4501685024;"A";"Данные ЦМИ";"Месяц";"Инфляция с сезонной корректировкой";"2";"%";"0"
"2016-11-01";0.3325164624;"A";"Данные ЦМИ";"Месяц";"Инфляция с сезонной корректировкой";"2";"%";"0"
"2016-12-01";0.1782734454;"A";"Данные ЦМИ";"Месяц";"Инфляция с сезонной корректировкой";"2";"%";"0"
"2017-01-01";0.3348776044;"A";"Данные ЦМИ";"Месяц";"Инфляция с сезонной корректировкой";"2";"%";"0"
"2017-02-01";0.0776018138;"A";"Данные ЦМИ";"Месяц";"Инфляция с сезонной корректировкой";"2";"%";"0"
"2017-03-01";0.1454072342;"A";"Данные ЦМИ";"Месяц";"Инфляция с сезонной корректировкой";"2";"%";"0"
"2017-04-01";0.3411150526;"A";"Данные ЦМИ";"Месяц";"Инфляция с сезонной корректировкой";"2";"%";"0"
"2017-05-01";0.3981957033;"A";"Данные ЦМИ";"Месяц";"Инфляция с сезонной корректировкой";"2";"%";"0"
"2017-06-01";0.6000783779;"A";"Данные ЦМИ";"Месяц";"Инфляция с сезонной корректировкой";"2";"%";"0"
"2017-07-01";0.0634029531;"A";"Данные ЦМИ";"Месяц";"Инфляция с сезонной корректировкой";"2";"%";"0"
"2017-08-01";-0.1144600417;"A";"Данные ЦМИ";"Месяц";"Инфляция с сезонной корректировкой";"2";"%";"0"
"2017-09-01";0.1321008689;"A";"Данные ЦМИ";"Месяц";"Инфляция с сезонной корректировкой";"2";"%";"0"
"2017-10-01";0.203495989;"A";"Данные ЦМИ";"Месяц";"Инфляция с сезонной корректировкой";"2";"%";"0"
"2017-11-01";0.109985736;"A";"Данные ЦМИ";"Месяц";"Инфляция с сезонной корректировкой";"2";"%";"0"
"2017-12-01";0.2052512642;"A";"Данные ЦМИ";"Месяц";"Инфляция с сезонной корректировкой";"2";"%";"0"
"2018-01-01";0.0571817305;"A";"Данные ЦМИ";"Месяц";"Инфляция с сезонной корректировкой";"2";"%";"0"
"2018-02-01";0.1042351448;"A";"Данные ЦМИ";"Месяц";"Инфляция с сезонной корректировкой";"2";"%";"0"
"2018-03-01";0.2689041465;"A";"Данные ЦМИ";"Месяц";"Инфляция с сезонной корректировкой";"2";"%";"0"
"2018-04-01";0.3605641031;"A";"Данные ЦМИ";"Месяц";"Инфляция с сезонной корректировкой";"2";"%";"0"
"2018-05-01";0.4102136883;"A";"Данные ЦМИ";"Месяц";"Инфляция с сезонной корректировкой";"2";"%";"0"
"2018-06-01";0.4702434263;"A";"Данные ЦМИ";"Месяц";"Инфляция с сезонной корректировкой";"2";"%";"0"
"2018-07-01";0.2977492468;"A";"Данные ЦМИ";"Месяц";"Инфляция с сезонной корректировкой";"2";"%";"0"
"2018-08-01";0.4598212996;"A";"Данные ЦМИ";"Месяц";"Инфляция с сезонной корректировкой";"2";"%";"0"
"2018-09-01";0.4158864021;"A";"Данные ЦМИ";"Месяц";"Инфляция с сезонной корректировкой";"2";"%";"0"
"2018-10-01";0.3517294429;"A";"Данные ЦМИ";"Месяц";"Инфляция с сезонной корректировкой";"2";"%";"0"
"2018-11-01";0.3892746802;"A";"Данные ЦМИ";"Месяц";"Инфляция с сезонной корректировкой";"2";"%";"0"
"2018-12-01";0.6030172056;"A";"Данные ЦМИ";"Месяц";"Инфляция с сезонной корректировкой";"2";"%";"0"
"2019-01-01";0.6332309437;"A";"Данные ЦМИ";"Месяц";"Инфляция с сезонной корректировкой";"2";"%";"0"
"2019-02-01";0.3169290402;"A";"Данные ЦМИ";"Месяц";"Инфляция с сезонной корректировкой";"2";"%";"0"
"2019-03-01";0.3003169997;"A";"Данные ЦМИ";"Месяц";"Инфляция с сезонной корректировкой";"2";"%";"0"
"2019-04-01";0.2721186372;"A";"Данные ЦМИ";"Месяц";"Инфляция с сезонной корректировкой";"2";"%";"0"
"2019-05-01";0.3849946513;"A";"Данные ЦМИ";"Месяц";"Инфляция с сезонной корректировкой";"2";"%";"0"
"2019-06-01";0.0614722796;"A";"Данные ЦМИ";"Месяц";"Инфляция с сезонной корректировкой";"2";"%";"0"
"2019-07-01";0.2899932019;"A";"Данные ЦМИ";"Месяц";"Инфляция с сезонной корректировкой";"2";"%";"0"
"2019-08-01";0.175665285;"A";"Данные ЦМИ";"Месяц";"Инфляция с сезонной корректировкой";"2";"%";"0"
"2019-09-01";0.1087811652;"A";"Данные ЦМИ";"Месяц";"Инфляция с сезонной корректировкой";"2";"%";"0"
"2019-10-01";0.1294710779;"A";"Данные ЦМИ";"Месяц";"Инфляция с сезонной корректировкой";"2";"%";"0"
"2019-11-01";0.1688155633;"A";"Данные ЦМИ";"Месяц";"Инфляция с сезонной корректировкой";"2";"%";"0"
"2019-12-01";0.1204831509;"A";"Данные ЦМИ";"Месяц";"Инфляция с сезонной корректировкой";"2";"%";"0"
"2020-01-01";0.1628273016;"A";"Данные ЦМИ";"Месяц";"Инфляция с сезонной корректировкой";"2";"%";"0"
"2020-02-01";0.1993057439;"A";"Данные ЦМИ";"Месяц";"Инфляция с сезонной корректировкой";"2";"%";"0"
"2020-03-01";0.5492308185;"A";"Данные ЦМИ";"Месяц";"Инфляция с сезонной корректировкой";"2";"%";"0"
"2020-04-01";0.8083345055;"A";"Данные ЦМИ";"Месяц";"Инфляция с сезонной корректировкой";"2";"%";"0"
"2020-05-01";0.3203449851;"A";"Данные ЦМИ";"Месяц";"Инфляция с сезонной корректировкой";"2";"%";"0"
"2020-06-01";0.3044309981;"A";"Данные ЦМИ";"Месяц";"Инфляция с сезонной корректировкой";"2";"%";"0"
"2020-07-01";0.4103123923;"A";"Данные ЦМИ";"Месяц";"Инфляция с сезонной корректировкой";"2";"%";"0"
"2020-08-01";0.3516116445;"A";"Данные ЦМИ";"Месяц";"Инфляция с сезонной корректировкой";"2";"%";"0"
"2020-09-01";0.1938122311;"A";"Данные ЦМИ";"Месяц";"Инфляция с сезонной корректировкой";"2";"%";"0"
"2020-10-01";0.4101886733;"A";"Данные ЦМИ";"Месяц";"Инфляция с сезонной корректировкой";"2";"%";"0"
"2020-11-01";0.5782472284;"A";"Данные ЦМИ";"Месяц";"Инфляция с сезонной корректировкой";"2";"%";"0"
"2020-12-01";0.5409979604;"A";"Данные ЦМИ";"Месяц";"Инфляция с сезонной корректировкой";"2";"%";"0"
"2021-01-01";0.3823072244;"A";"Данные ЦМИ";"Месяц";"Инфляция с сезонной корректировкой";"2";"%";"0"
"2021-02-01";0.5459550321;"A";"Данные ЦМИ";"Месяц";"Инфляция с сезонной корректировкой";"2";"%";"0"
"2021-03-01";0.5684894772;"A";"Данные ЦМИ";"Месяц";"Инфляция с сезонной корректировкой";"2";"%";"0"
"2021-04-01";0.5843544562;"A";"Данные ЦМИ";"Месяц";"Инфляция с сезонной корректировкой";"2";"%";"0"
"2021-05-01";0.8985886532;"A";"Данные ЦМИ";"Месяц";"Инфляция с сезонной корректировкой";"2";"%";"0"
"2021-06-01";0.7291113066;"A";"Данные ЦМИ";"Месяц";"Инфляция с сезонной корректировкой";"2";"%";"0"
"2021-07-01";0.4539106512;"A";"Данные ЦМИ";"Месяц";"Инфляция с сезонной корректировкой";"2";"%";"0"
"2021-08-01";0.5680678875;"A";"Данные ЦМИ";"Месяц";"Инфляция с сезонной корректировкой";"2";"%";"0"
"2021-09-01";0.8398256512;"A";"Данные ЦМИ";"Месяц";"Инфляция с сезонной корректировкой";"2";"%";"0"
"2021-10-01";1.0756112696;"A";"Данные ЦМИ";"Месяц";"Инфляция с сезонной корректировкой";"2";"%";"0"
"2021-11-01";0.7101048581;"A";"Данные ЦМИ";"Месяц";"Инфляция с сезонной корректировкой";"2";"%";"0"
"2021-12-01";0.6534970301;"A";"Данные ЦМИ";"Месяц";"Инфляция с сезонной корректировкой";"2";"%";"0"
"2022-01-01";0.6786268213;"A";"Данные ЦМИ";"Месяц";"Инфляция с сезонной корректировкой";"2";"%";"0"
"2022-02-01";0.9518789374;"A";"Данные ЦМИ";"Месяц";"Инфляция с сезонной корректировкой";"2";"%";"0"
"2022-03-01";7.5060160178;"A";"Данные ЦМИ";"Месяц";"Инфляция с сезонной корректировкой";"2";"%";"0"
"2022-04-01";1.5440998352;"A";"Данные ЦМИ";"Месяц";"Инфляция с сезонной корректировкой";"2";"%";"0"
"2022-05-01";0.353259633;"A";"Данные ЦМИ";"Месяц";"Инфляция с сезонной корректировкой";"2";"%";"0"
"2022-06-01";-0.2927413928;"A";"Данные ЦМИ";"Месяц";"Инфляция с сезонной корректировкой";"2";"%";"0"
"2022-07-01";-0.357091603;"A";"Данные ЦМИ";"Месяц";"Инфляция с сезонной корректировкой";"2";"%";"0"
"2022-08-01";-0.0473568378;"A";"Данные ЦМИ";"Месяц";"Инфляция с сезонной корректировкой";"2";"%";"0"
"2022-09-01";0.2378605302;"A";"Данные ЦМИ";"Месяц";"Инфляция с сезонной корректировкой";"2";"%";"0"
"2022-10-01";0.1716341537;"A";"Данные ЦМИ";"Месяц";"Инфляция с сезонной корректировкой";"2";"%";"0"
"2022-11-01";0.0927130319;"A";"Данные ЦМИ";"Месяц";"Инфляция с сезонной корректировкой";"2";"%";"0"
"2022-12-01";0.6876521372;"A";"Данные ЦМИ";"Месяц";"Инфляция с сезонной корректировкой";"2";"%";"0"
"2023-01-01";0.5515820526;"A";"Данные ЦМИ";"Месяц";"Инфляция с сезонной корректировкой";"2";"%";"0"
"2023-02-01";0.2692410317;"A";"Данные ЦМИ";"Месяц";"Инфляция с сезонной корректировкой";"2";"%";"0"
"2023-03-01";0.2677007051;"A";"Данные ЦМИ";"Месяц";"Инфляция с сезонной корректировкой";"2";"%";"0"
"2023-04-01";0.3927516611;"A";"Данные ЦМИ";"Месяц";"Инфляция с сезонной корректировкой";"2";"%";"0"
"2023-05-01";0.3424169512;"A";"Данные ЦМИ";"Месяц";"Инфляция с сезонной корректировкой";"2";"%";"0"
"2023-06-01";0.4299947365;"A";"Данные ЦМИ";"Месяц";"Инфляция с сезонной корректировкой";"2";"%";"0"
"2023-07-01";0.9700167942;"A";"Данные ЦМИ";"Месяц";"Инфляция с сезонной корректировкой";"2";"%";"0"
"2023-08-01";0.932727028;"A";"Данные ЦМИ";"Месяц";"Инфляция с сезонной корректировкой";"2";"%";"0"
"2023-09-01";1.0696842489;"A";"Данные ЦМИ";"Месяц";"Инфляция с сезонной корректировкой";"2";"%";"0"
"2023-10-01";0.7854868833;"A";"Данные ЦМИ";"Месяц";"Инфляция с сезонной корректировкой";"2";"%";"0"
"2023-11-01";0.8144108184;"A";"Данные ЦМИ";"Месяц";"Инфляция с сезонной корректировкой";"2";"%";"0"
"2023-12-01";0.6007151273;"A";"Данные ЦМИ";"Месяц";"Инфляция с сезонной корректировкой";"2";"%";"0"
"2024-01-01";0.5208579885;"A";"Данные ЦМИ";"Месяц";"Инфляция с сезонной корректировкой";"2";"%";"0"
"2024-02-01";0.4475511722;"A";"Данные ЦМИ";"Месяц";"Инфляция с сезонной корректировкой";"2";"%";"0"
"2024-03-01";0.3247113885;"A";"Данные ЦМИ";"Месяц";"Инфляция с сезонной корректировкой";"2";"%";"0"
"2024-04-01";0.6062383721;"A";"Данные ЦМИ";"Месяц";"Инфляция с сезонной корректировкой";"2";"%";"0"
"2024-05-01";0.7197797042;"A";"Данные ЦМИ";"Месяц";"Инфляция с сезонной корректировкой";"2";"%";"0"
"2024-06-01";0.6537534788;"A";"Данные ЦМИ";"Месяц";"Инфляция с сезонной корректировкой";"2";"%";"0"
"2024-07-01";1.2086362242;"A";"Данные ЦМИ";"Месяц";"Инфляция с сезонной корректировкой";"2";"%";"0"
"2024-08-01";0.8842516799;"A";"Данные ЦМИ";"Месяц";"Инфляция с сезонной корректировкой";"2";"%";"0"
"2024-09-01";0.6750074809;"A";"Данные ЦМИ";"Месяц";"Инфляция с сезонной корректировкой";"2";"%";"0"
"2024-10-01";0.800485328;"A";"Данные ЦМИ";"Месяц";"Инфляция с сезонной корректировкой";"2";"%";"0"
"2024-11-01";1.1714903445;"A";"Данные ЦМИ";"Месяц";"Инфляция с сезонной корректировкой";"2";"%";"0"
"2024-12-01";1.1816128894;"A";"Данные ЦМИ";"Месяц";"Инфляция с сезонной корректировкой";"2";"%";"0"
"2025-01-01";0.8016782727;"A";"Данные ЦМИ";"Месяц";"Инфляция с сезонной корректировкой";"2";"%";"0"
"2025-02-01";0.5644485907;"A";"Данные ЦМИ";"Месяц";"Инфляция с сезонной корректировкой";"2";"%";"0"
"2025-03-01";0.5328262203;"A";"Данные ЦМИ";"Месяц";"Инфляция с сезонной корректировкой";"2";"%";"0"
"2025-04-01";0.4339849544;"A";"Данные ЦМИ";"Месяц";"Инфляция с сезонной корректировкой";"2";"%";"0"
"2025-05-01";0.4123729066;"A";"Данные ЦМИ";"Месяц";"Инфляция с сезонной корректировкой";"2";"%";"0"
"2025-06-01";0.2457796514;"A";"Данные ЦМИ";"Месяц";"Инфляция с сезонной корректировкой";"2";"%";"0"
"2025-07-01";0.7322013723;"A";"Данные ЦМИ";"Месяц";"Инфляция с сезонной корректировкой";"2";"%";"0"
"2025-08-01";0.2543058773;"A";"Данные ЦМИ";"Месяц";"Инфляция с сезонной корректировкой";"2";"%";"0"
"2025-09-01";0.4756064907;"A";"Данные ЦМИ";"Месяц";"Инфляция с сезонной корректировкой";"2";"%";"0"
"2025-10-01";0.5698492461;"A";"Данные ЦМИ";"Месяц";"Инфляция с сезонной корректировкой";"2";"%";"0"
"2025-11-01";0.2204715634;"A";"Данные ЦМИ";"Месяц";"Инфляция с сезонной корректировкой";"2";"%";"0"
"2025-12-01";0.2435390626;"A";"Данные ЦМИ";"Месяц";"Инфляция с сезонной корректировкой";"2";"%";"0"
"2026-01-01";1.1311092436;"A";"Данные ЦМИ";"Месяц";"Инфляция с сезонной корректировкой";"2";"%";"0"
"2026-02-01";0.4562721123;"A";"Данные ЦМИ";"Месяц";"Инфляция с сезонной корректировкой";"2";"%";"0"
"2026-03-01";0.4779497592;"A";"Данные ЦМИ";"Месяц";"Инфляция с сезонной корректировкой";"2";"%";"0"
"2026-04-01";0.2002337586;"A";"Данные ЦМИ";"Месяц";"Инфляция с сезонной корректировкой";"2";"%";"0"
"2026-05-01";0.1939792626;"A";"Данные ЦМИ";"Месяц";"Инфляция с сезонной корректировкой";"2";"%";"0"
"2026-06-01";0.9012950033;"A";"Данные ЦМИ";"Месяц";"Инфляция с сезонной корректировкой";"2";"%";"0"
"2026-07-01";0.9278283786;"A";"Данные ЦМИ";"Месяц";"Инфляция с сезонной корректировкой";"2";"%";"0"
"2026-08-01";0.537909028;"A";"Данные ЦМИ";"Месяц";"Инфляция с сезонной корректировкой";"2";"%";"0"
"2012-01-01";0.1156117036;"A";"Данные ЦМИ";"Месяц";"Спрос";"2";"%";"0"
"2012-02-01";0.1557334774;"A";"Данные ЦМИ";"Месяц";"Спрос";"2";"%";"0"
"2012-03-01";0.2619020427;"A";"Данные ЦМИ";"Месяц";"Спрос";"2";"%";"0"
"2012-04-01";0.1771231542;"A";"Данные ЦМИ";"Месяц";"Спрос";"2";"%";"0"
"2012-05-01";0.2460739985;"A";"Данные ЦМИ";"Месяц";"Спрос";"2";"%";"0"
"2012-06-01";0.4447433203;"A";"Данные ЦМИ";"Месяц";"Спрос";"2";"%";"0"
"2012-07-01";0.6365737133;"A";"Данные ЦМИ";"Месяц";"Спрос";"2";"%";"0"
"2012-08-01";0.3016656695;"A";"Данные ЦМИ";"Месяц";"Спрос";"2";"%";"0"
"2012-09-01";0.3562209108;"A";"Данные ЦМИ";"Месяц";"Спрос";"2";"%";"0"
"2012-10-01";0.2338783056;"A";"Данные ЦМИ";"Месяц";"Спрос";"2";"%";"0"
"2012-11-01";0.1337070885;"A";"Данные ЦМИ";"Месяц";"Спрос";"2";"%";"0"
"2012-12-01";0.1558073174;"A";"Данные ЦМИ";"Месяц";"Спрос";"2";"%";"0"
"2013-01-01";0.3548466648;"A";"Данные ЦМИ";"Месяц";"Спрос";"2";"%";"0"
"2013-02-01";0.2328578468;"A";"Данные ЦМИ";"Месяц";"Спрос";"2";"%";"0"
"2013-03-01";0.2349945479;"A";"Данные ЦМИ";"Месяц";"Спрос";"2";"%";"0"
"2013-04-01";0.2416832627;"A";"Данные ЦМИ";"Месяц";"Спрос";"2";"%";"0"
"2013-05-01";0.2011806127;"A";"Данные ЦМИ";"Месяц";"Спрос";"2";"%";"0"
"2013-06-01";0.2718793716;"A";"Данные ЦМИ";"Месяц";"Спрос";"2";"%";"0"
"2013-07-01";0.146566442;"A";"Данные ЦМИ";"Месяц";"Спрос";"2";"%";"0"
"2013-08-01";0.2040546856;"A";"Данные ЦМИ";"Месяц";"Спрос";"2";"%";"0"
"2013-09-01";0.2235215509;"A";"Данные ЦМИ";"Месяц";"Спрос";"2";"%";"0"
"2013-10-01";0.2768240741;"A";"Данные ЦМИ";"Месяц";"Спрос";"2";"%";"0"
"2013-11-01";0.2061637262;"A";"Данные ЦМИ";"Месяц";"Спрос";"2";"%";"0"
"2013-12-01";0.2025061957;"A";"Данные ЦМИ";"Месяц";"Спрос";"2";"%";"0"
"2014-01-01";0.2102106886;"A";"Данные ЦМИ";"Месяц";"Спрос";"2";"%";"0"
"2014-02-01";0.2404745939;"A";"Данные ЦМИ";"Месяц";"Спрос";"2";"%";"0"
"2014-03-01";0.5985494667;"A";"Данные ЦМИ";"Месяц";"Спрос";"2";"%";"0"
"2014-04-01";0.3825847017;"A";"Данные ЦМИ";"Месяц";"Спрос";"2";"%";"0"
"2014-05-01";0.6534430535;"A";"Данные ЦМИ";"Месяц";"Спрос";"2";"%";"0"
"2014-06-01";0.3135167651;"A";"Данные ЦМИ";"Месяц";"Спрос";"2";"%";"0"
"2014-07-01";0.411528764;"A";"Данные ЦМИ";"Месяц";"Спрос";"2";"%";"0"
"2014-08-01";0.3773202846;"A";"Данные ЦМИ";"Месяц";"Спрос";"2";"%";"0"
"2014-09-01";0.3112296176;"A";"Данные ЦМИ";"Месяц";"Спрос";"2";"%";"0"
"2014-10-01";0.1683540951;"A";"Данные ЦМИ";"Месяц";"Спрос";"2";"%";"0"
"2014-11-01";0.3624007358;"A";"Данные ЦМИ";"Месяц";"Спрос";"2";"%";"0"
"2014-12-01";1.2582206458;"A";"Данные ЦМИ";"Месяц";"Спрос";"2";"%";"0"
"2015-01-01";0.6788154106;"A";"Данные ЦМИ";"Месяц";"Спрос";"2";"%";"0"
"2015-02-01";0.9320061652;"A";"Данные ЦМИ";"Месяц";"Спрос";"2";"%";"0"
"2015-03-01";0.5076612243;"A";"Данные ЦМИ";"Месяц";"Спрос";"2";"%";"0"
"2015-04-01";0.1101633682;"A";"Данные ЦМИ";"Месяц";"Спрос";"2";"%";"0"
"2015-05-01";0.2685035549;"A";"Данные ЦМИ";"Месяц";"Спрос";"2";"%";"0"
"2015-06-01";0.2275201994;"A";"Данные ЦМИ";"Месяц";"Спрос";"2";"%";"0"
"2015-07-01";0.2456679098;"A";"Данные ЦМИ";"Месяц";"Спрос";"2";"%";"0"
"2015-08-01";0.3103344844;"A";"Данные ЦМИ";"Месяц";"Спрос";"2";"%";"0"
"2015-09-01";0.2426726353;"A";"Данные ЦМИ";"Месяц";"Спрос";"2";"%";"0"
"2015-10-01";0.4867719153;"A";"Данные ЦМИ";"Месяц";"Спрос";"2";"%";"0"
"2015-11-01";0.3668715085;"A";"Данные ЦМИ";"Месяц";"Спрос";"2";"%";"0"
"2015-12-01";0.2561741413;"A";"Данные ЦМИ";"Месяц";"Спрос";"2";"%";"0"
"2016-01-01";0.3129966063;"A";"Данные ЦМИ";"Месяц";"Спрос";"2";"%";"0"
"2016-02-01";0.2747426908;"A";"Данные ЦМИ";"Месяц";"Спрос";"2";"%";"0"
"2016-03-01";0.0157654529;"A";"Данные ЦМИ";"Месяц";"Спрос";"2";"%";"0"
"2016-04-01";0.2303124504;"A";"Данные ЦМИ";"Месяц";"Спрос";"2";"%";"0"
"2016-05-01";0.2275354457;"A";"Данные ЦМИ";"Месяц";"Спрос";"2";"%";"0"
"2016-06-01";0.2683729765;"A";"Данные ЦМИ";"Месяц";"Спрос";"2";"%";"0"
"2016-07-01";0.3758409311;"A";"Данные ЦМИ";"Месяц";"Спрос";"2";"%";"0"
"2016-08-01";0.1444507812;"A";"Данные ЦМИ";"Месяц";"Спрос";"2";"%";"0"
"2016-09-01";0.1688219359;"A";"Данные ЦМИ";"Месяц";"Спрос";"2";"%";"0"
"2016-10-01";0.1588172978;"A";"Данные ЦМИ";"Месяц";"Спрос";"2";"%";"0"
"2016-11-01";0.1054011483;"A";"Данные ЦМИ";"Месяц";"Спрос";"2";"%";"0"
"2016-12-01";0.1709534862;"A";"Данные ЦМИ";"Месяц";"Спрос";"2";"%";"0"
"2017-01-01";0.1430535056;"A";"Данные ЦМИ";"Месяц";"Спрос";"2";"%";"0"
"2017-02-01";0.0936824234;"A";"Данные ЦМИ";"Месяц";"Спрос";"2";"%";"0"
"2017-03-01";0.0787867567;"A";"Данные ЦМИ";"Месяц";"Спрос";"2";"%";"0"
"2017-04-01";0.1428147707;"A";"Данные ЦМИ";"Месяц";"Спрос";"2";"%";"0"
"2017-05-01";0.1001304857;"A";"Данные ЦМИ";"Месяц";"Спрос";"2";"%";"0"
"2017-06-01";0.1563582921;"A";"Данные ЦМИ";"Месяц";"Спрос";"2";"%";"0"
"2017-07-01";0.1221283218;"A";"Данные ЦМИ";"Месяц";"Спрос";"2";"%";"0"
"2017-08-01";0.0819380836;"A";"Данные ЦМИ";"Месяц";"Спрос";"2";"%";"0"
"2017-09-01";0.0683063766;"A";"Данные ЦМИ";"Месяц";"Спрос";"2";"%";"0"
"2017-10-01";0.0675790516;"A";"Данные ЦМИ";"Месяц";"Спрос";"2";"%";"0"
"2017-11-01";0.0911696715;"A";"Данные ЦМИ";"Месяц";"Спрос";"2";"%";"0"
"2017-12-01";0.0646389445;"A";"Данные ЦМИ";"Месяц";"Спрос";"2";"%";"0"
"2018-01-01";-0.0292537209;"A";"Данные ЦМИ";"Месяц";"Спрос";"2";"%";"0"
"2018-02-01";0.0681853645;"A";"Данные ЦМИ";"Месяц";"Спрос";"2";"%";"0"
"2018-03-01";0.2138104229;"A";"Данные ЦМИ";"Месяц";"Спрос";"2";"%";"0"
"2018-04-01";0.1750908626;"A";"Данные ЦМИ";"Месяц";"Спрос";"2";"%";"0"
"2018-05-01";0.0129891062;"A";"Данные ЦМИ";"Месяц";"Спрос";"2";"%";"0"
"2018-06-01";0.3214710289;"A";"Данные ЦМИ";"Месяц";"Спрос";"2";"%";"0"
"2018-07-01";0.1475650773;"A";"Данные ЦМИ";"Месяц";"Спрос";"2";"%";"0"
"2018-08-01";0.3375817385;"A";"Данные ЦМИ";"Месяц";"Спрос";"2";"%";"0"
"2018-09-01";0.27238537;"A";"Данные ЦМИ";"Месяц";"Спрос";"2";"%";"0"
"2018-10-01";0.2129070287;"A";"Данные ЦМИ";"Месяц";"Спрос";"2";"%";"0"
"2018-11-01";0.2242044975;"A";"Данные ЦМИ";"Месяц";"Спрос";"2";"%";"0"
"2018-12-01";0.2140131584;"A";"Данные ЦМИ";"Месяц";"Спрос";"2";"%";"0"
"2019-01-01";0.2476323831;"A";"Данные ЦМИ";"Месяц";"Спрос";"2";"%";"0"
"2019-02-01";0.1044065301;"A";"Данные ЦМИ";"Месяц";"Спрос";"2";"%";"0"
"2019-03-01";0.1689425471;"A";"Данные ЦМИ";"Месяц";"Спрос";"2";"%";"0"
"2019-04-01";0.1645253412;"A";"Данные ЦМИ";"Месяц";"Спрос";"2";"%";"0"
"2019-05-01";0.1196592752;"A";"Данные ЦМИ";"Месяц";"Спрос";"2";"%";"0"
"2019-06-01";0.1635168106;"A";"Данные ЦМИ";"Месяц";"Спрос";"2";"%";"0"
"2019-07-01";0.1195527855;"A";"Данные ЦМИ";"Месяц";"Спрос";"2";"%";"0"
"2019-08-01";0.1570175556;"A";"Данные ЦМИ";"Месяц";"Спрос";"2";"%";"0"
"2019-09-01";0.0371342788;"A";"Данные ЦМИ";"Месяц";"Спрос";"2";"%";"0"
"2019-10-01";0.0702744879;"A";"Данные ЦМИ";"Месяц";"Спрос";"2";"%";"0"
"2019-11-01";0.0947120767;"A";"Данные ЦМИ";"Месяц";"Спрос";"2";"%";"0"
"2019-12-01";0.042540413;"A";"Данные ЦМИ";"Месяц";"Спрос";"2";"%";"0"
"2020-01-01";0.0903600118;"A";"Данные ЦМИ";"Месяц";"Спрос";"2";"%";"0"
"2020-02-01";0.1616350247;"A";"Данные ЦМИ";"Месяц";"Спрос";"2";"%";"0"
"2020-03-01";0.352911425;"A";"Данные ЦМИ";"Месяц";"Спрос";"2";"%";"0"
"2020-04-01";0.2225616015;"A";"Данные ЦМИ";"Месяц";"Спрос";"2";"%";"0"
"2020-05-01";0.1625013407;"A";"Данные ЦМИ";"Месяц";"Спрос";"2";"%";"0"
"2020-06-01";0.16598483;"A";"Данные ЦМИ";"Месяц";"Спрос";"2";"%";"0"
"2020-07-01";0.1590110845;"A";"Данные ЦМИ";"Месяц";"Спрос";"2";"%";"0"
"2020-08-01";0.2336521509;"A";"Данные ЦМИ";"Месяц";"Спрос";"2";"%";"0"
"2020-09-01";-0.0206057541;"A";"Данные ЦМИ";"Месяц";"Спрос";"2";"%";"0"
"2020-10-01";0.2342584791;"A";"Данные ЦМИ";"Месяц";"Спрос";"2";"%";"0"
"2020-11-01";0.2562796323;"A";"Данные ЦМИ";"Месяц";"Спрос";"2";"%";"0"
"2020-12-01";0.244095132;"A";"Данные ЦМИ";"Месяц";"Спрос";"2";"%";"0"
"2021-01-01";0.1848743706;"A";"Данные ЦМИ";"Месяц";"Спрос";"2";"%";"0"
"2021-02-01";0.2668717862;"A";"Данные ЦМИ";"Месяц";"Спрос";"2";"%";"0"
"2021-03-01";0.3171536038;"A";"Данные ЦМИ";"Месяц";"Спрос";"2";"%";"0"
"2021-04-01";0.3521786097;"A";"Данные ЦМИ";"Месяц";"Спрос";"2";"%";"0"
"2021-05-01";0.3813543683;"A";"Данные ЦМИ";"Месяц";"Спрос";"2";"%";"0"
"2021-06-01";0.3713241674;"A";"Данные ЦМИ";"Месяц";"Спрос";"2";"%";"0"
"2021-07-01";0.1171992616;"A";"Данные ЦМИ";"Месяц";"Спрос";"2";"%";"0"
"2021-08-01";0.2701022648;"A";"Данные ЦМИ";"Месяц";"Спрос";"2";"%";"0"
"2021-09-01";0.1499148695;"A";"Данные ЦМИ";"Месяц";"Спрос";"2";"%";"0"
"2021-10-01";0.84539663;"A";"Данные ЦМИ";"Месяц";"Спрос";"2";"%";"0"
"2021-11-01";0.1787735451;"A";"Данные ЦМИ";"Месяц";"Спрос";"2";"%";"0"
"2021-12-01";0.3993437636;"A";"Данные ЦМИ";"Месяц";"Спрос";"2";"%";"0"
"2022-01-01";0.3560751044;"A";"Данные ЦМИ";"Месяц";"Спрос";"2";"%";"0"
"2022-02-01";0.3515056508;"A";"Данные ЦМИ";"Месяц";"Спрос";"2";"%";"0"
"2022-03-01";3.1551150077;"A";"Данные ЦМИ";"Месяц";"Спрос";"2";"%";"0"
"2022-04-01";1.0167430494;"A";"Данные ЦМИ";"Месяц";"Спрос";"2";"%";"0"
"2022-05-01";0.1795286363;"A";"Данные ЦМИ";"Месяц";"Спрос";"2";"%";"0"
"2022-06-01";0.049649569;"A";"Данные ЦМИ";"Месяц";"Спрос";"2";"%";"0"
"2022-07-01";-0.0951583969;"A";"Данные ЦМИ";"Месяц";"Спрос";"2";"%";"0"
"2022-08-01";-0.0742064777;"A";"Данные ЦМИ";"Месяц";"Спрос";"2";"%";"0"
"2022-09-01";0.1201419431;"A";"Данные ЦМИ";"Месяц";"Спрос";"2";"%";"0"
"2022-10-01";0.0258476563;"A";"Данные ЦМИ";"Месяц";"Спрос";"2";"%";"0"
"2022-11-01";-0.0388450933;"A";"Данные ЦМИ";"Месяц";"Спрос";"2";"%";"0"
"2022-12-01";0.0559270894;"A";"Данные ЦМИ";"Месяц";"Спрос";"2";"%";"0"
"2023-01-01";0.3753708106;"A";"Данные ЦМИ";"Месяц";"Спрос";"2";"%";"0"
"2023-02-01";0.2496297157;"A";"Данные ЦМИ";"Месяц";"Спрос";"2";"%";"0"
"2023-03-01";0.140472542;"A";"Данные ЦМИ";"Месяц";"Спрос";"2";"%";"0"
"2023-04-01";0.1266411832;"A";"Данные ЦМИ";"Месяц";"Спрос";"2";"%";"0"
"2023-05-01";0.227583418;"A";"Данные ЦМИ";"Месяц";"Спрос";"2";"%";"0"
"2023-06-01";0.2011345409;"A";"Данные ЦМИ";"Месяц";"Спрос";"2";"%";"0"
"2023-07-01";0.2849307762;"A";"Данные ЦМИ";"Месяц";"Спрос";"2";"%";"0"
"2023-08-01";0.5809258657;"A";"Данные ЦМИ";"Месяц";"Спрос";"2";"%";"0"
"2023-09-01";0.4456687247;"A";"Данные ЦМИ";"Месяц";"Спрос";"2";"%";"0"
"2023-10-01";0.5246863546;"A";"Данные ЦМИ";"Месяц";"Спрос";"2";"%";"0"
"2023-11-01";0.350184476;"A";"Данные ЦМИ";"Месяц";"Спрос";"2";"%";"0"
"2023-12-01";0.2879665006;"A";"Данные ЦМИ";"Месяц";"Спрос";"2";"%";"0"
"2024-01-01";0.16536398;"A";"Данные ЦМИ";"Месяц";"Спрос";"2";"%";"0"
"2024-02-01";0.2325791077;"A";"Данные ЦМИ";"Месяц";"Спрос";"2";"%";"0"
"2024-03-01";0.2291497009;"A";"Данные ЦМИ";"Месяц";"Спрос";"2";"%";"0"
"2024-04-01";0.330622406;"A";"Данные ЦМИ";"Месяц";"Спрос";"2";"%";"0"
"2024-05-01";0.4698484747;"A";"Данные ЦМИ";"Месяц";"Спрос";"2";"%";"0"
"2024-06-01";0.3681209455;"A";"Данные ЦМИ";"Месяц";"Спрос";"2";"%";"0"
"2024-07-01";0.2865458903;"A";"Данные ЦМИ";"Месяц";"Спрос";"2";"%";"0"
"2024-08-01";0.3464849915;"A";"Данные ЦМИ";"Месяц";"Спрос";"2";"%";"0"
"2024-09-01";0.3628875372;"A";"Данные ЦМИ";"Месяц";"Спрос";"2";"%";"0"
"2024-10-01";0.4596947919;"A";"Данные ЦМИ";"Месяц";"Спрос";"2";"%";"0"
"2024-11-01";0.625647208;"A";"Данные ЦМИ";"Месяц";"Спрос";"2";"%";"0"
"2024-12-01";0.3395521133;"A";"Данные ЦМИ";"Месяц";"Спрос";"2";"%";"0"
"2025-01-01";0.5071327782;"A";"Данные ЦМИ";"Месяц";"Спрос";"2";"%";"0"
"2025-02-01";0.2379327054;"A";"Данные ЦМИ";"Месяц";"Спрос";"2";"%";"0"
"2025-03-01";0.2348920842;"A";"Данные ЦМИ";"Месяц";"Спрос";"2";"%";"0"
"2025-04-01";0.1696492556;"A";"Данные ЦМИ";"Месяц";"Спрос";"2";"%";"0"
"2025-05-01";0.2406425266;"A";"Данные ЦМИ";"Месяц";"Спрос";"2";"%";"0"
"2025-06-01";0.0294849577;"A";"Данные ЦМИ";"Месяц";"Спрос";"2";"%";"0"
"2025-07-01";0.1596378735;"A";"Данные ЦМИ";"Месяц";"Спрос";"2";"%";"0"
"2025-08-01";0.0885567604;"A";"Данные ЦМИ";"Месяц";"Спрос";"2";"%";"0"
"2025-09-01";0.1885271339;"A";"Данные ЦМИ";"Месяц";"Спрос";"2";"%";"0"
"2025-10-01";0.3830006088;"A";"Данные ЦМИ";"Месяц";"Спрос";"2";"%";"0"
"2025-11-01";0.1276880949;"A";"Данные ЦМИ";"Месяц";"Спрос";"2";"%";"0"
"2025-12-01";0.2902974567;"A";"Данные ЦМИ";"Месяц";"Спрос";"2";"%";"0"
"2026-01-01";0.4323126408;"A";"Данные ЦМИ";"Месяц";"Спрос";"2";"%";"0"
"2026-02-01";0.092782873;"A";"Данные ЦМИ";"Месяц";"Спрос";"2";"%";"0"
"2026-03-01";0.2427672241;"A";"Данные ЦМИ";"Месяц";"Спрос";"2";"%";"0"
"2026-04-01";0.1757151713;"A";"Данные ЦМИ";"Месяц";"Спрос";"2";"%";"0"
"2026-05-01";0.2115960757;"A";"Данные ЦМИ";"Месяц";"Спрос";"2";"%";"0"
"2026-06-01";0.1948187386;"A";"Данные ЦМИ";"Месяц";"Спрос";"2";"%";"0"
"2026-07-01";0.4417066018;"A";"Данные ЦМИ";"Месяц";"Спрос";"2";"%";"0"
"2026-08-01";0.3170655459;"A";"Данные ЦМИ";"Месяц";"Спрос";"2";"%";"0"
"2012-01-01";0.1156117036;"A";"Данные ЦМИ";"Месяц";"Предложение";"2";"%";"0"
"2012-02-01";0.1557334774;"A";"Данные ЦМИ";"Месяц";"Предложение";"2";"%";"0"
"2012-03-01";0.2619020427;"A";"Данные ЦМИ";"Месяц";"Предложение";"2";"%";"0"
"2012-04-01";0.1771231542;"A";"Данные ЦМИ";"Месяц";"Предложение";"2";"%";"0"
"2012-05-01";0.2460739985;"A";"Данные ЦМИ";"Месяц";"Предложение";"2";"%";"0"
"2012-06-01";0.4447433203;"A";"Данные ЦМИ";"Месяц";"Предложение";"2";"%";"0"
"2012-07-01";0.6365737133;"A";"Данные ЦМИ";"Месяц";"Предложение";"2";"%";"0"
"2012-08-01";0.3016656695;"A";"Данные ЦМИ";"Месяц";"Предложение";"2";"%";"0"
"2012-09-01";0.3562209108;"A";"Данные ЦМИ";"Месяц";"Предложение";"2";"%";"0"
"2012-10-01";0.2338783056;"A";"Данные ЦМИ";"Месяц";"Предложение";"2";"%";"0"
"2012-11-01";0.1337070885;"A";"Данные ЦМИ";"Месяц";"Предложение";"2";"%";"0"
"2012-12-01";0.1558073174;"A";"Данные ЦМИ";"Месяц";"Предложение";"2";"%";"0"
"2013-01-01";0.2977415483;"A";"Данные ЦМИ";"Месяц";"Предложение";"2";"%";"0"
"2013-02-01";0.2308325183;"A";"Данные ЦМИ";"Месяц";"Предложение";"2";"%";"0"
"2013-03-01";0.0998206898;"A";"Данные ЦМИ";"Месяц";"Предложение";"2";"%";"0"
"2013-04-01";0.2800517268;"A";"Данные ЦМИ";"Месяц";"Предложение";"2";"%";"0"
"2013-05-01";0.4026454583;"A";"Данные ЦМИ";"Месяц";"Предложение";"2";"%";"0"
"2013-06-01";0.1546900206;"A";"Данные ЦМИ";"Месяц";"Предложение";"2";"%";"0"
"2013-07-01";0.6261090895;"A";"Данные ЦМИ";"Месяц";"Предложение";"2";"%";"0"
"2013-08-01";0.3033423335;"A";"Данные ЦМИ";"Месяц";"Предложение";"2";"%";"0"
"2013-09-01";0.2533379989;"A";"Данные ЦМИ";"Месяц";"Предложение";"2";"%";"0"
"2013-10-01";0.3452100172;"A";"Данные ЦМИ";"Месяц";"Предложение";"2";"%";"0"
"2013-11-01";0.2859884929;"A";"Данные ЦМИ";"Месяц";"Предложение";"2";"%";"0"
"2013-12-01";0.0539472179;"A";"Данные ЦМИ";"Месяц";"Предложение";"2";"%";"0"
"2014-01-01";0.1305712611;"A";"Данные ЦМИ";"Месяц";"Предложение";"2";"%";"0"
"2014-02-01";0.3436109991;"A";"Данные ЦМИ";"Месяц";"Предложение";"2";"%";"0"
"2014-03-01";0.3878097899;"A";"Данные ЦМИ";"Месяц";"Предложение";"2";"%";"0"
"2014-04-01";0.5239945788;"A";"Данные ЦМИ";"Месяц";"Предложение";"2";"%";"0"
"2014-05-01";0.2918845606;"A";"Данные ЦМИ";"Месяц";"Предложение";"2";"%";"0"
"2014-06-01";0.3592264967;"A";"Данные ЦМИ";"Месяц";"Предложение";"2";"%";"0"
"2014-07-01";0.1078492292;"A";"Данные ЦМИ";"Месяц";"Предложение";"2";"%";"0"
"2014-08-01";0.2822844419;"A";"Данные ЦМИ";"Месяц";"Предложение";"2";"%";"0"
"2014-09-01";0.6189614726;"A";"Данные ЦМИ";"Месяц";"Предложение";"2";"%";"0"
"2014-10-01";0.707747647;"A";"Данные ЦМИ";"Месяц";"Предложение";"2";"%";"0"
"2014-11-01";0.7768469533;"A";"Данные ЦМИ";"Месяц";"Предложение";"2";"%";"0"
"2014-12-01";1.0635954584;"A";"Данные ЦМИ";"Месяц";"Предложение";"2";"%";"0"
"2015-01-01";2.784635751;"A";"Данные ЦМИ";"Месяц";"Предложение";"2";"%";"0"
"2015-02-01";1.0874303965;"A";"Данные ЦМИ";"Месяц";"Предложение";"2";"%";"0"
"2015-03-01";0.6397326471;"A";"Данные ЦМИ";"Месяц";"Предложение";"2";"%";"0"
"2015-04-01";0.3727120348;"A";"Данные ЦМИ";"Месяц";"Предложение";"2";"%";"0"
"2015-05-01";0.1179164981;"A";"Данные ЦМИ";"Месяц";"Предложение";"2";"%";"0"
"2015-06-01";-0.0041851216;"A";"Данные ЦМИ";"Месяц";"Предложение";"2";"%";"0"
"2015-07-01";0.5959553608;"A";"Данные ЦМИ";"Месяц";"Предложение";"2";"%";"0"
"2015-08-01";0.4927404875;"A";"Данные ЦМИ";"Месяц";"Предложение";"2";"%";"0"
"2015-09-01";0.6461176197;"A";"Данные ЦМИ";"Месяц";"Предложение";"2";"%";"0"
"2015-10-01";0.2450163558;"A";"Данные ЦМИ";"Месяц";"Предложение";"2";"%";"0"
"2015-11-01";0.2572227494;"A";"Данные ЦМИ";"Месяц";"Предложение";"2";"%";"0"
"2015-12-01";0.2606182279;"A";"Данные ЦМИ";"Месяц";"Предложение";"2";"%";"0"
"2016-01-01";0.3342500691;"A";"Данные ЦМИ";"Месяц";"Предложение";"2";"%";"0"
"2016-02-01";0.204714396;"A";"Данные ЦМИ";"Месяц";"Предложение";"2";"%";"0"
"2016-03-01";0.4266831148;"A";"Данные ЦМИ";"Месяц";"Предложение";"2";"%";"0"
"2016-04-01";0.2138736341;"A";"Данные ЦМИ";"Месяц";"Предложение";"2";"%";"0"
"2016-05-01";0.2061257588;"A";"Данные ЦМИ";"Месяц";"Предложение";"2";"%";"0"
"2016-06-01";0.1265972175;"A";"Данные ЦМИ";"Месяц";"Предложение";"2";"%";"0"
"2016-07-01";0.1694017923;"A";"Данные ЦМИ";"Месяц";"Предложение";"2";"%";"0"
"2016-08-01";0.1802564786;"A";"Данные ЦМИ";"Месяц";"Предложение";"2";"%";"0"
"2016-09-01";0.2362164452;"A";"Данные ЦМИ";"Месяц";"Предложение";"2";"%";"0"
"2016-10-01";0.2913512045;"A";"Данные ЦМИ";"Месяц";"Предложение";"2";"%";"0"
"2016-11-01";0.2271153141;"A";"Данные ЦМИ";"Месяц";"Предложение";"2";"%";"0"
"2016-12-01";0.0073199592;"A";"Данные ЦМИ";"Месяц";"Предложение";"2";"%";"0"
"2017-01-01";0.1918240988;"A";"Данные ЦМИ";"Месяц";"Предложение";"2";"%";"0"
"2017-02-01";-0.0160806096;"A";"Данные ЦМИ";"Месяц";"Предложение";"2";"%";"0"
"2017-03-01";0.0666204775;"A";"Данные ЦМИ";"Месяц";"Предложение";"2";"%";"0"
"2017-04-01";0.1983002818;"A";"Данные ЦМИ";"Месяц";"Предложение";"2";"%";"0"
"2017-05-01";0.2980652176;"A";"Данные ЦМИ";"Месяц";"Предложение";"2";"%";"0"
"2017-06-01";0.4437200858;"A";"Данные ЦМИ";"Месяц";"Предложение";"2";"%";"0"
"2017-07-01";-0.0587253688;"A";"Данные ЦМИ";"Месяц";"Предложение";"2";"%";"0"
"2017-08-01";-0.1963981253;"A";"Данные ЦМИ";"Месяц";"Предложение";"2";"%";"0"
"2017-09-01";0.0637944923;"A";"Данные ЦМИ";"Месяц";"Предложение";"2";"%";"0"
"2017-10-01";0.1359169373;"A";"Данные ЦМИ";"Месяц";"Предложение";"2";"%";"0"
"2017-11-01";0.0188160645;"A";"Данные ЦМИ";"Месяц";"Предложение";"2";"%";"0"
"2017-12-01";0.1406123197;"A";"Данные ЦМИ";"Месяц";"Предложение";"2";"%";"0"
"2018-01-01";0.0864354513;"A";"Данные ЦМИ";"Месяц";"Предложение";"2";"%";"0"
"2018-02-01";0.0360497804;"A";"Данные ЦМИ";"Месяц";"Предложение";"2";"%";"0"
"2018-03-01";0.0550937236;"A";"Данные ЦМИ";"Месяц";"Предложение";"2";"%";"0"
"2018-04-01";0.1854732405;"A";"Данные ЦМИ";"Месяц";"Предложение";"2";"%";"0"
"2018-05-01";0.3972245821;"A";"Данные ЦМИ";"Месяц";"Предложение";"2";"%";"0"
"2018-06-01";0.1487723973;"A";"Данные ЦМИ";"Месяц";"Предложение";"2";"%";"0"
"2018-07-01";0.1501841695;"A";"Данные ЦМИ";"Месяц";"Предложение";"2";"%";"0"
"2018-08-01";0.122239561;"A";"Данные ЦМИ";"Месяц";"Предложение";"2";"%";"0"
"2018-09-01";0.1435010321;"A";"Данные ЦМИ";"Месяц";"Предложение";"2";"%";"0"
"2018-10-01";0.1388224142;"A";"Данные ЦМИ";"Месяц";"Предложение";"2";"%";"0"
"2018-11-01";0.1650701827;"A";"Данные ЦМИ";"Месяц";"Предложение";"2";"%";"0"
"2018-12-01";0.3890040472;"A";"Данные ЦМИ";"Месяц";"Предложение";"2";"%";"0"
"2019-01-01";0.3855985606;"A";"Данные ЦМИ";"Месяц";"Предложение";"2";"%";"0"
"2019-02-01";0.2125225101;"A";"Данные ЦМИ";"Месяц";"Предложение";"2";"%";"0"
"2019-03-01";0.1313744526;"A";"Данные ЦМИ";"Месяц";"Предложение";"2";"%";"0"
"2019-04-01";0.107593296;"A";"Данные ЦМИ";"Месяц";"Предложение";"2";"%";"0"
"2019-05-01";0.2653353761;"A";"Данные ЦМИ";"Месяц";"Предложение";"2";"%";"0"
"2019-06-01";-0.102044531;"A";"Данные ЦМИ";"Месяц";"Предложение";"2";"%";"0"
"2019-07-01";0.1704404163;"A";"Данные ЦМИ";"Месяц";"Предложение";"2";"%";"0"
"2019-08-01";0.0186477294;"A";"Данные ЦМИ";"Месяц";"Предложение";"2";"%";"0"
"2019-09-01";0.0716468865;"A";"Данные ЦМИ";"Месяц";"Предложение";"2";"%";"0"
"2019-10-01";0.05919659;"A";"Данные ЦМИ";"Месяц";"Предложение";"2";"%";"0"
"2019-11-01";0.0741034866;"A";"Данные ЦМИ";"Месяц";"Предложение";"2";"%";"0"
"2019-12-01";0.0779427379;"A";"Данные ЦМИ";"Месяц";"Предложение";"2";"%";"0"
"2020-01-01";0.0724672898;"A";"Данные ЦМИ";"Месяц";"Предложение";"2";"%";"0"
"2020-02-01";0.0376707192;"A";"Данные ЦМИ";"Месяц";"Предложение";"2";"%";"0"
"2020-03-01";0.1963193935;"A";"Данные ЦМИ";"Месяц";"Предложение";"2";"%";"0"
"2020-04-01";0.585772904;"A";"Данные ЦМИ";"Месяц";"Предложение";"2";"%";"0"
"2020-05-01";0.1578436444;"A";"Данные ЦМИ";"Месяц";"Предложение";"2";"%";"0"
"2020-06-01";0.1384461681;"A";"Данные ЦМИ";"Месяц";"Предложение";"2";"%";"0"
"2020-07-01";0.2513013079;"A";"Данные ЦМИ";"Месяц";"Предложение";"2";"%";"0"
"2020-08-01";0.1179594936;"A";"Данные ЦМИ";"Месяц";"Предложение";"2";"%";"0"
"2020-09-01";0.2144179853;"A";"Данные ЦМИ";"Месяц";"Предложение";"2";"%";"0"
"2020-10-01";0.1759301942;"A";"Данные ЦМИ";"Месяц";"Предложение";"2";"%";"0"
"2020-11-01";0.321967596;"A";"Данные ЦМИ";"Месяц";"Предложение";"2";"%";"0"
"2020-12-01";0.2969028284;"A";"Данные ЦМИ";"Месяц";"Предложение";"2";"%";"0"
"2021-01-01";0.1974328539;"A";"Данные ЦМИ";"Месяц";"Предложение";"2";"%";"0"
"2021-02-01";0.2790832459;"A";"Данные ЦМИ";"Месяц";"Предложение";"2";"%";"0"
"2021-03-01";0.2513358734;"A";"Данные ЦМИ";"Месяц";"Предложение";"2";"%";"0"
"2021-04-01";0.2321758466;"A";"Данные ЦМИ";"Месяц";"Предложение";"2";"%";"0"
"2021-05-01";0.5172342849;"A";"Данные ЦМИ";"Месяц";"Предложение";"2";"%";"0"
"2021-06-01";0.3577871393;"A";"Данные ЦМИ";"Месяц";"Предложение";"2";"%";"0"
"2021-07-01";0.3367113896;"A";"Данные ЦМИ";"Месяц";"Предложение";"2";"%";"0"
"2021-08-01";0.2979656227;"A";"Данные ЦМИ";"Месяц";"Предложение";"2";"%";"0"
"2021-09-01";0.6899107817;"A";"Данные ЦМИ";"Месяц";"Предложение";"2";"%";"0"
"2021-10-01";0.2302146397;"A";"Данные ЦМИ";"Месяц";"Предложение";"2";"%";"0"
"2021-11-01";0.531331313;"A";"Данные ЦМИ";"Месяц";"Предложение";"2";"%";"0"
"2021-12-01";0.2541532665;"A";"Данные ЦМИ";"Месяц";"Предложение";"2";"%";"0"
"2022-01-01";0.3225517169;"A";"Данные ЦМИ";"Месяц";"Предложение";"2";"%";"0"
"2022-02-01";0.6003732866;"A";"Данные ЦМИ";"Месяц";"Предложение";"2";"%";"0"
"2022-03-01";4.3509010101;"A";"Данные ЦМИ";"Месяц";"Предложение";"2";"%";"0"
"2022-04-01";0.5273567858;"A";"Данные ЦМИ";"Месяц";"Предложение";"2";"%";"0"
"2022-05-01";0.1737309967;"A";"Данные ЦМИ";"Месяц";"Предложение";"2";"%";"0"
"2022-06-01";-0.3423909618;"A";"Данные ЦМИ";"Месяц";"Предложение";"2";"%";"0"
"2022-07-01";-0.2619332061;"A";"Данные ЦМИ";"Месяц";"Предложение";"2";"%";"0"
"2022-08-01";0.0268496399;"A";"Данные ЦМИ";"Месяц";"Предложение";"2";"%";"0"
"2022-09-01";0.1177185871;"A";"Данные ЦМИ";"Месяц";"Предложение";"2";"%";"0"
"2022-10-01";0.1457864974;"A";"Данные ЦМИ";"Месяц";"Предложение";"2";"%";"0"
"2022-11-01";0.1315581252;"A";"Данные ЦМИ";"Месяц";"Предложение";"2";"%";"0"
"2022-12-01";0.6317250478;"A";"Данные ЦМИ";"Месяц";"Предложение";"2";"%";"0"
"2023-01-01";0.176211242;"A";"Данные ЦМИ";"Месяц";"Предложение";"2";"%";"0"
"2023-02-01";0.019611316;"A";"Данные ЦМИ";"Месяц";"Предложение";"2";"%";"0"
"2023-03-01";0.1272281632;"A";"Данные ЦМИ";"Месяц";"Предложение";"2";"%";"0"
"2023-04-01";0.2661104779;"A";"Данные ЦМИ";"Месяц";"Предложение";"2";"%";"0"
"2023-05-01";0.1148335332;"A";"Данные ЦМИ";"Месяц";"Предложение";"2";"%";"0"
"2023-06-01";0.2288601956;"A";"Данные ЦМИ";"Месяц";"Предложение";"2";"%";"0"
"2023-07-01";0.6850860181;"A";"Данные ЦМИ";"Месяц";"Предложение";"2";"%";"0"
"2023-08-01";0.3518011623;"A";"Данные ЦМИ";"Месяц";"Предложение";"2";"%";"0"
"2023-09-01";0.6240155242;"A";"Данные ЦМИ";"Месяц";"Предложение";"2";"%";"0"
"2023-10-01";0.2608005287;"A";"Данные ЦМИ";"Месяц";"Предложение";"2";"%";"0"
"2023-11-01";0.4642263424;"A";"Данные ЦМИ";"Месяц";"Предложение";"2";"%";"0"
"2023-12-01";0.3127486266;"A";"Данные ЦМИ";"Месяц";"Предложение";"2";"%";"0"
"2024-01-01";0.3554940085;"A";"Данные ЦМИ";"Месяц";"Предложение";"2";"%";"0"
"2024-02-01";0.2149720645;"A";"Данные ЦМИ";"Месяц";"Предложение";"2";"%";"0"
"2024-03-01";0.0955616876;"A";"Данные ЦМИ";"Месяц";"Предложение";"2";"%";"0"
"2024-04-01";0.2756159661;"A";"Данные ЦМИ";"Месяц";"Предложение";"2";"%";"0"
"2024-05-01";0.2499312294;"A";"Данные ЦМИ";"Месяц";"Предложение";"2";"%";"0"
"2024-06-01";0.2856325333;"A";"Данные ЦМИ";"Месяц";"Предложение";"2";"%";"0"
"2024-07-01";0.9220903339;"A";"Данные ЦМИ";"Месяц";"Предложение";"2";"%";"0"
"2024-08-01";0.5377666885;"A";"Данные ЦМИ";"Месяц";"Предложение";"2";"%";"0"
"2024-09-01";0.3121199437;"A";"Данные ЦМИ";"Месяц";"Предложение";"2";"%";"0"
"2024-10-01";0.340790536;"A";"Данные ЦМИ";"Месяц";"Предложение";"2";"%";"0"
"2024-11-01";0.5458431365;"A";"Данные ЦМИ";"Месяц";"Предложение";"2";"%";"0"
"2024-12-01";0.8420607761;"A";"Данные ЦМИ";"Месяц";"Предложение";"2";"%";"0"
"2025-01-01";0.2945454945;"A";"Данные ЦМИ";"Месяц";"Предложение";"2";"%";"0"
"2025-02-01";0.3265158853;"A";"Данные ЦМИ";"Месяц";"Предложение";"2";"%";"0"
"2025-03-01";0.2979341361;"A";"Данные ЦМИ";"Месяц";"Предложение";"2";"%";"0"
"2025-04-01";0.2643356988;"A";"Данные ЦМИ";"Месяц";"Предложение";"2";"%";"0"
"2025-05-01";0.17173038;"A";"Данные ЦМИ";"Месяц";"Предложение";"2";"%";"0"
"2025-06-01";0.2162946937;"A";"Данные ЦМИ";"Месяц";"Предложение";"2";"%";"0"
"2025-07-01";0.5725634988;"A";"Данные ЦМИ";"Месяц";"Предложение";"2";"%";"0"
"2025-08-01";0.1657491169;"A";"Данные ЦМИ";"Месяц";"Предложение";"2";"%";"0"
"2025-09-01";0.2870793567;"A";"Данные ЦМИ";"Месяц";"Предложение";"2";"%";"0"
"2025-10-01";0.1868486373;"A";"Данные ЦМИ";"Месяц";"Предложение";"2";"%";"0"
"2025-11-01";0.0927834685;"A";"Данные ЦМИ";"Месяц";"Предложение";"2";"%";"0"
"2025-12-01";-0.0467583941;"A";"Данные ЦМИ";"Месяц";"Предложение";"2";"%";"0"
"2026-01-01";0.6987966028;"A";"Данные ЦМИ";"Месяц";"Предложение";"2";"%";"0"
"2026-02-01";0.3634892393;"A";"Данные ЦМИ";"Месяц";"Предложение";"2";"%";"0"
"2026-03-01";0.235182535;"A";"Данные ЦМИ";"Месяц";"Предложение";"2";"%";"0"
"2026-04-01";0.0245185873;"A";"Данные ЦМИ";"Месяц";"Предложение";"2";"%";"0"
"2026-05-01";-0.0176168132;"A";"Данные ЦМИ";"Месяц";"Предложение";"2";"%";"0"
"2026-06-01";0.7064762647;"A";"Данные ЦМИ";"Месяц";"Предложение";"2";"%";"0"
"2026-07-01";0.4861217768;"A";"Данные ЦМИ";"Месяц";"Предложение";"2";"%";"0"
"2026-08-01";0.2208434821;"A";"Данные ЦМИ";"Месяц";"Предложение";"2";"%";"0"