"period";"value";"obs_status";"freq";"key_rate_categories";"source";"decimals";"unit_measure";"unit_mult"
"2013-09-01";-0.68;"A";"Месяц";"Ключевая ставка в реальном выражении";"Данные ЦМИ";"1";"%";"0"
"2013-10-01";-1.08;"A";"Месяц";"Ключевая ставка в реальном выражении";"Данные ЦМИ";"1";"%";"0"
"2013-11-01";-1.18;"A";"Месяц";"Ключевая ставка в реальном выражении";"Данные ЦМИ";"1";"%";"0"
"2013-12-01";-0.6;"A";"Месяц";"Ключевая ставка в реальном выражении";"Данные ЦМИ";"1";"%";"0"
"2014-01-01";0.41;"A";"Месяц";"Ключевая ставка в реальном выражении";"Данные ЦМИ";"1";"%";"0"
"2014-02-01";0.56;"A";"Месяц";"Ключевая ставка в реальном выражении";"Данные ЦМИ";"1";"%";"0"
"2014-03-01";0.55;"A";"Месяц";"Ключевая ставка в реальном выражении";"Данные ЦМИ";"1";"%";"0"
"2014-04-01";-1.64;"A";"Месяц";"Ключевая ставка в реальном выражении";"Данные ЦМИ";"1";"%";"0"
"2014-05-01";-2.91;"A";"Месяц";"Ключевая ставка в реальном выражении";"Данные ЦМИ";"1";"%";"0"
"2014-06-01";-3.43;"A";"Месяц";"Ключевая ставка в реальном выражении";"Данные ЦМИ";"1";"%";"0"
"2014-07-01";-2.86;"A";"Месяц";"Ключевая ставка в реальном выражении";"Данные ЦМИ";"1";"%";"0"
"2014-08-01";-1.5;"A";"Месяц";"Ключевая ставка в реальном выражении";"Данные ЦМИ";"1";"%";"0"
"2014-09-01";-0.79;"A";"Месяц";"Ключевая ставка в реальном выражении";"Данные ЦМИ";"1";"%";"0"
"2014-10-01";-0.93;"A";"Месяц";"Ключевая ставка в реальном выражении";"Данные ЦМИ";"1";"%";"0"
"2014-11-01";-0.67;"A";"Месяц";"Ключевая ставка в реальном выражении";"Данные ЦМИ";"1";"%";"0"
"2014-12-01";-4.32;"A";"Месяц";"Ключевая ставка в реальном выражении";"Данные ЦМИ";"1";"%";"0"
"2015-01-01";-11.05;"A";"Месяц";"Ключевая ставка в реальном выражении";"Данные ЦМИ";"1";"%";"0"
"2015-02-01";-17.29;"A";"Месяц";"Ключевая ставка в реальном выражении";"Данные ЦМИ";"1";"%";"0"
"2015-03-01";-13.89;"A";"Месяц";"Ключевая ставка в реальном выражении";"Данные ЦМИ";"1";"%";"0"
"2015-04-01";-4.87;"A";"Месяц";"Ключевая ставка в реальном выражении";"Данные ЦМИ";"1";"%";"0"
"2015-05-01";0.6;"A";"Месяц";"Ключевая ставка в реальном выражении";"Данные ЦМИ";"1";"%";"0"
"2015-06-01";3.59;"A";"Месяц";"Ключевая ставка в реальном выражении";"Данные ЦМИ";"1";"%";"0"
"2015-07-01";4.22;"A";"Месяц";"Ключевая ставка в реальном выражении";"Данные ЦМИ";"1";"%";"0"
"2015-08-01";3.04;"A";"Месяц";"Ключевая ставка в реальном выражении";"Данные ЦМИ";"1";"%";"0"
"2015-09-01";2.46;"A";"Месяц";"Ключевая ставка в реальном выражении";"Данные ЦМИ";"1";"%";"0"
"2015-10-01";1.98;"A";"Месяц";"Ключевая ставка в реальном выражении";"Данные ЦМИ";"1";"%";"0"
"2015-11-01";3.07;"A";"Месяц";"Ключевая ставка в реальном выражении";"Данные ЦМИ";"1";"%";"0"
"2015-12-01";3.49;"A";"Месяц";"Ключевая ставка в реальном выражении";"Данные ЦМИ";"1";"%";"0"
"2016-01-01";3.2;"A";"Месяц";"Ключевая ставка в реальном выражении";"Данные ЦМИ";"1";"%";"0"
"2016-02-01";2.59;"A";"Месяц";"Ключевая ставка в реальном выражении";"Данные ЦМИ";"1";"%";"0"
"2016-03-01";2.65;"A";"Месяц";"Ключевая ставка в реальном выражении";"Данные ЦМИ";"1";"%";"0"
"2016-04-01";3.54;"A";"Месяц";"Ключевая ставка в реальном выражении";"Данные ЦМИ";"1";"%";"0"
"2016-05-01";4.28;"A";"Месяц";"Ключевая ставка в реальном выражении";"Данные ЦМИ";"1";"%";"0"
"2016-06-01";4.23;"A";"Месяц";"Ключевая ставка в реальном выражении";"Данные ЦМИ";"1";"%";"0"
"2016-07-01";4.16;"A";"Месяц";"Ключевая ставка в реальном выражении";"Данные ЦМИ";"1";"%";"0"
"2016-08-01";4.46;"A";"Месяц";"Ключевая ставка в реальном выражении";"Данные ЦМИ";"1";"%";"0"
"2016-09-01";4.72;"A";"Месяц";"Ключевая ставка в реальном выражении";"Данные ЦМИ";"1";"%";"0"
"2016-10-01";4.97;"A";"Месяц";"Ключевая ставка в реальном выражении";"Данные ЦМИ";"1";"%";"0"
"2016-11-01";5.32;"A";"Месяц";"Ключевая ставка в реальном выражении";"Данные ЦМИ";"1";"%";"0"
"2016-12-01";5.54;"A";"Месяц";"Ключевая ставка в реальном выражении";"Данные ЦМИ";"1";"%";"0"
"2017-01-01";5.83;"A";"Месяц";"Ключевая ставка в реальном выражении";"Данные ЦМИ";"1";"%";"0"
"2017-02-01";6.52;"A";"Месяц";"Ключевая ставка в реальном выражении";"Данные ЦМИ";"1";"%";"0"
"2017-03-01";7.44;"A";"Месяц";"Ключевая ставка в реальном выражении";"Данные ЦМИ";"1";"%";"0"
"2017-04-01";7.87;"A";"Месяц";"Ключевая ставка в реальном выражении";"Данные ЦМИ";"1";"%";"0"
"2017-05-01";7.49;"A";"Месяц";"Ключевая ставка в реальном выражении";"Данные ЦМИ";"1";"%";"0"
"2017-06-01";6.98;"A";"Месяц";"Ключевая ставка в реальном выражении";"Данные ЦМИ";"1";"%";"0"
"2017-07-01";6.4;"A";"Месяц";"Ключевая ставка в реальном выражении";"Данные ЦМИ";"1";"%";"0"
"2017-08-01";6.27;"A";"Месяц";"Ключевая ставка в реальном выражении";"Данные ЦМИ";"1";"%";"0"
"2017-09-01";6.12;"A";"Месяц";"Ключевая ставка в реальном выражении";"Данные ЦМИ";"1";"%";"0"
"2017-10-01";6.4;"A";"Месяц";"Ключевая ставка в реальном выражении";"Данные ЦМИ";"1";"%";"0"
"2017-11-01";6.49;"A";"Месяц";"Ключевая ставка в реальном выражении";"Данные ЦМИ";"1";"%";"0"
"2017-12-01";6.28;"A";"Месяц";"Ключевая ставка в реальном выражении";"Данные ЦМИ";"1";"%";"0"
"2018-01-01";5.88;"A";"Месяц";"Ключевая ставка в реальном выражении";"Данные ЦМИ";"1";"%";"0"
"2018-02-01";5.76;"A";"Месяц";"Ключевая ставка в реальном выражении";"Данные ЦМИ";"1";"%";"0"
"2018-03-01";5.93;"A";"Месяц";"Ключевая ставка в реальном выражении";"Данные ЦМИ";"1";"%";"0"
"2018-04-01";5.52;"A";"Месяц";"Ключевая ставка в реальном выражении";"Данные ЦМИ";"1";"%";"0"
"2018-05-01";4.8;"A";"Месяц";"Ключевая ставка в реальном выражении";"Данные ЦМИ";"1";"%";"0"
"2018-06-01";3.59;"A";"Месяц";"Ключевая ставка в реальном выражении";"Данные ЦМИ";"1";"%";"0"
"2018-07-01";2.68;"A";"Месяц";"Ключевая ставка в реальном выражении";"Данные ЦМИ";"1";"%";"0"
"2018-08-01";2.32;"A";"Месяц";"Ключевая ставка в реальном выражении";"Данные ЦМИ";"1";"%";"0"
"2018-09-01";2.53;"A";"Месяц";"Ключевая ставка в реальном выражении";"Данные ЦМИ";"1";"%";"0"
"2018-10-01";2.83;"A";"Месяц";"Ключевая ставка в реальном выражении";"Данные ЦМИ";"1";"%";"0"
"2018-11-01";2.73;"A";"Месяц";"Ключевая ставка в реальном выражении";"Данные ЦМИ";"1";"%";"0"
"2018-12-01";2.29;"A";"Месяц";"Ключевая ставка в реальном выражении";"Данные ЦМИ";"1";"%";"0"
"2019-01-01";1.71;"A";"Месяц";"Ключевая ставка в реальном выражении";"Данные ЦМИ";"1";"%";"0"
"2019-02-01";1.69;"A";"Месяц";"Ключевая ставка в реальном выражении";"Данные ЦМИ";"1";"%";"0"
"2019-03-01";2.72;"A";"Месяц";"Ключевая ставка в реальном выражении";"Данные ЦМИ";"1";"%";"0"
"2019-04-01";3.97;"A";"Месяц";"Ключевая ставка в реальном выражении";"Данные ЦМИ";"1";"%";"0"
"2019-05-01";4.42;"A";"Месяц";"Ключевая ставка в реальном выражении";"Данные ЦМИ";"1";"%";"0"
"2019-06-01";4.06;"A";"Месяц";"Ключевая ставка в реальном выражении";"Данные ЦМИ";"1";"%";"0"
"2019-07-01";3.56;"A";"Месяц";"Ключевая ставка в реальном выражении";"Данные ЦМИ";"1";"%";"0"
"2019-08-01";3.7;"A";"Месяц";"Ключевая ставка в реальном выражении";"Данные ЦМИ";"1";"%";"0"
"2019-09-01";4.51;"A";"Месяц";"Ключевая ставка в реальном выражении";"Данные ЦМИ";"1";"%";"0"
"2019-10-01";5.29;"A";"Месяц";"Ключевая ставка в реальном выражении";"Данные ЦМИ";"1";"%";"0"
"2019-11-01";4.97;"A";"Месяц";"Ключевая ставка в реальном выражении";"Данные ЦМИ";"1";"%";"0"
"2019-12-01";4.35;"A";"Месяц";"Ключевая ставка в реальном выражении";"Данные ЦМИ";"1";"%";"0"
"2020-01-01";4.26;"A";"Месяц";"Ключевая ставка в реальном выражении";"Данные ЦМИ";"1";"%";"0"
"2020-02-01";4.17;"A";"Месяц";"Ключевая ставка в реальном выражении";"Данные ЦМИ";"1";"%";"0"
"2020-03-01";3.09;"A";"Месяц";"Ключевая ставка в реальном выражении";"Данные ЦМИ";"1";"%";"0"
"2020-04-01";1.54;"A";"Месяц";"Ключевая ставка в реальном выражении";"Данные ЦМИ";"1";"%";"0"
"2020-05-01";0.61;"A";"Месяц";"Ключевая ставка в реальном выражении";"Данные ЦМИ";"1";"%";"0"
"2020-06-01";0.78;"A";"Месяц";"Ключевая ставка в реальном выражении";"Данные ЦМИ";"1";"%";"0"
"2020-07-01";0.22;"A";"Месяц";"Ключевая ставка в реальном выражении";"Данные ЦМИ";"1";"%";"0"
"2020-08-01";-0.12;"A";"Месяц";"Ключевая ставка в реальном выражении";"Данные ЦМИ";"1";"%";"0"
"2020-09-01";0.16;"A";"Месяц";"Ключевая ставка в реальном выражении";"Данные ЦМИ";"1";"%";"0"
"2020-10-01";0.36;"A";"Месяц";"Ключевая ставка в реальном выражении";"Данные ЦМИ";"1";"%";"0"
"2020-11-01";-0.25;"A";"Месяц";"Ключевая ставка в реальном выражении";"Данные ЦМИ";"1";"%";"0"
"2020-12-01";-1.25;"A";"Месяц";"Ключевая ставка в реальном выражении";"Данные ЦМИ";"1";"%";"0"
"2021-01-01";-1.63;"A";"Месяц";"Ключевая ставка в реальном выражении";"Данные ЦМИ";"1";"%";"0"
"2021-02-01";-2.09;"A";"Месяц";"Ключевая ставка в реальном выражении";"Данные ЦМИ";"1";"%";"0"
"2021-03-01";-3.03;"A";"Месяц";"Ключевая ставка в реальном выражении";"Данные ЦМИ";"1";"%";"0"
"2021-04-01";-3.06;"A";"Месяц";"Ключевая ставка в реальном выражении";"Данные ЦМИ";"1";"%";"0"
"2021-05-01";-3.53;"A";"Месяц";"Ключевая ставка в реальном выражении";"Данные ЦМИ";"1";"%";"0"
"2021-06-01";-3.36;"A";"Месяц";"Ключевая ставка в реальном выражении";"Данные ЦМИ";"1";"%";"0"
"2021-07-01";-3.35;"A";"Месяц";"Ключевая ставка в реальном выражении";"Данные ЦМИ";"1";"%";"0"
"2021-08-01";-1.89;"A";"Месяц";"Ключевая ставка в реальном выражении";"Данные ЦМИ";"1";"%";"0"
"2021-09-01";-1.48;"A";"Месяц";"Ключевая ставка в реальном выражении";"Данные ЦМИ";"1";"%";"0"
"2021-10-01";-1.69;"A";"Месяц";"Ключевая ставка в реальном выражении";"Данные ЦМИ";"1";"%";"0"
"2021-11-01";-3.06;"A";"Месяц";"Ключевая ставка в реальном выражении";"Данные ЦМИ";"1";"%";"0"
"2021-12-01";-2.68;"A";"Месяц";"Ключевая ставка в реальном выражении";"Данные ЦМИ";"1";"%";"0"
"2022-01-01";-2.01;"A";"Месяц";"Ключевая ставка в реальном выражении";"Данные ЦМИ";"1";"%";"0"
"2022-02-01";-0.47;"A";"Месяц";"Ключевая ставка в реальном выражении";"Данные ЦМИ";"1";"%";"0"
"2022-03-01";-20.38;"A";"Месяц";"Ключевая ставка в реальном выражении";"Данные ЦМИ";"1";"%";"0"
"2022-04-01";-25.82;"A";"Месяц";"Ключевая ставка в реальном выражении";"Данные ЦМИ";"1";"%";"0"
"2022-05-01";-27.09;"A";"Месяц";"Ключевая ставка в реальном выражении";"Данные ЦМИ";"1";"%";"0"
"2022-06-01";-0.97;"A";"Месяц";"Ключевая ставка в реальном выражении";"Данные ЦМИ";"1";"%";"0"
"2022-07-01";7.02;"A";"Месяц";"Ключевая ставка в реальном выражении";"Данные ЦМИ";"1";"%";"0"
"2022-08-01";7.64;"A";"Месяц";"Ключевая ставка в реальном выражении";"Данные ЦМИ";"1";"%";"0"
"2022-09-01";6.87;"A";"Месяц";"Ключевая ставка в реальном выражении";"Данные ЦМИ";"1";"%";"0"
"2022-10-01";5.56;"A";"Месяц";"Ключевая ставка в реальном выражении";"Данные ЦМИ";"1";"%";"0"
"2022-11-01";5.49;"A";"Месяц";"Ключевая ставка в реальном выражении";"Данные ЦМИ";"1";"%";"0"
"2022-12-01";5.8;"A";"Месяц";"Ключевая ставка в реальном выражении";"Данные ЦМИ";"1";"%";"0"
"2023-01-01";5.62;"A";"Месяц";"Ключевая ставка в реальном выражении";"Данные ЦМИ";"1";"%";"0"
"2023-02-01";5.63;"A";"Месяц";"Ключевая ставка в реальном выражении";"Данные ЦМИ";"1";"%";"0"
"2023-03-01";5.46;"A";"Месяц";"Ключевая ставка в реальном выражении";"Данные ЦМИ";"1";"%";"0"
"2023-04-01";4.82;"A";"Месяц";"Ключевая ставка в реальном выражении";"Данные ЦМИ";"1";"%";"0"
"2023-05-01";3.32;"A";"Месяц";"Ключевая ставка в реальном выражении";"Данные ЦМИ";"1";"%";"0"
"2023-06-01";2.41;"A";"Месяц";"Ключевая ставка в реальном выражении";"Данные ЦМИ";"1";"%";"0"
"2023-07-01";1.49;"A";"Месяц";"Ключевая ставка в реальном выражении";"Данные ЦМИ";"1";"%";"0"
"2023-08-01";2.02;"A";"Месяц";"Ключевая ставка в реальном выражении";"Данные ЦМИ";"1";"%";"0"
"2023-09-01";1.77;"A";"Месяц";"Ключевая ставка в реальном выражении";"Данные ЦМИ";"1";"%";"0"
"2023-10-01";0.79;"A";"Месяц";"Ключевая ставка в реальном выражении";"Данные ЦМИ";"1";"%";"0"
"2023-11-01";2.39;"A";"Месяц";"Ключевая ставка в реальном выражении";"Данные ЦМИ";"1";"%";"0"
"2023-12-01";4.57;"A";"Месяц";"Ключевая ставка в реальном выражении";"Данные ЦМИ";"1";"%";"0"
"2024-01-01";7.42;"A";"Месяц";"Ключевая ставка в реальном выражении";"Данные ЦМИ";"1";"%";"0"
"2024-02-01";9.27;"A";"Месяц";"Ключевая ставка в реальном выражении";"Данные ЦМИ";"1";"%";"0"
"2024-03-01";9.62;"A";"Месяц";"Ключевая ставка в реальном выражении";"Данные ЦМИ";"1";"%";"0"
"2024-04-01";8.46;"A";"Месяц";"Ключевая ставка в реальном выражении";"Данные ЦМИ";"1";"%";"0"
"2024-05-01";7.49;"A";"Месяц";"Ключевая ставка в реальном выражении";"Данные ЦМИ";"1";"%";"0"
"2024-06-01";7.22;"A";"Месяц";"Ключевая ставка в реальном выражении";"Данные ЦМИ";"1";"%";"0"
"2024-07-01";8.58;"A";"Месяц";"Ключевая ставка в реальном выражении";"Данные ЦМИ";"1";"%";"0"
"2024-08-01";9.97;"A";"Месяц";"Ключевая ставка в реальном выражении";"Данные ЦМИ";"1";"%";"0"
"2024-09-01";9.33;"A";"Месяц";"Ключевая ставка в реальном выражении";"Данные ЦМИ";"1";"%";"0"
"2024-10-01";7.7;"A";"Месяц";"Ключевая ставка в реальном выражении";"Данные ЦМИ";"1";"%";"0"
"2024-11-01";8.02;"A";"Месяц";"Ключевая ставка в реальном выражении";"Данные ЦМИ";"1";"%";"0"
"2024-12-01";6.55;"A";"Месяц";"Ключевая ставка в реальном выражении";"Данные ЦМИ";"1";"%";"0"
"2025-01-01";7.56;"A";"Месяц";"Ключевая ставка в реальном выражении";"Данные ЦМИ";"1";"%";"0"
"2025-02-01";9.14;"A";"Месяц";"Ключевая ставка в реальном выражении";"Данные ЦМИ";"1";"%";"0"
"2025-03-01";11.62;"A";"Месяц";"Ключевая ставка в реальном выражении";"Данные ЦМИ";"1";"%";"0"
"2025-04-01";13.57;"A";"Месяц";"Ключевая ставка в реальном выражении";"Данные ЦМИ";"1";"%";"0"
"2025-05-01";14.67;"A";"Месяц";"Ключевая ставка в реальном выражении";"Данные ЦМИ";"1";"%";"0"
"2025-06-01";15.13;"A";"Месяц";"Ключевая ставка в реальном выражении";"Данные ЦМИ";"1";"%";"0"
"2025-07-01";14.69;"A";"Месяц";"Ключевая ставка в реальном выражении";"Данные ЦМИ";"1";"%";"0"
"2025-08-01";13.59;"A";"Месяц";"Ключевая ставка в реальном выражении";"Данные ЦМИ";"1";"%";"0"
"2025-09-01";12.66;"A";"Месяц";"Ключевая ставка в реальном выражении";"Данные ЦМИ";"1";"%";"0"
"2025-10-01";11.75;"A";"Месяц";"Ключевая ставка в реальном выражении";"Данные ЦМИ";"1";"%";"0"
"2025-11-01";11.44;"A";"Месяц";"Ключевая ставка в реальном выражении";"Данные ЦМИ";"1";"%";"0"
"2025-12-01";10.99;"A";"Месяц";"Ключевая ставка в реальном выражении";"Данные ЦМИ";"1";"%";"0"
"2026-01-01";9.28;"A";"Месяц";"Ключевая ставка в реальном выражении";"Данные ЦМИ";"1";"%";"0"
"2026-02-01";8.78;"A";"Месяц";"Ключевая ставка в реальном выражении";"Данные ЦМИ";"1";"%";"0"
"2026-03-01";8.73;"A";"Месяц";"Ключевая ставка в реальном выражении";"Данные ЦМИ";"1";"%";"0"
"2026-04-01";10.16;"A";"Месяц";"Ключевая ставка в реальном выражении";"Данные ЦМИ";"1";"%";"0"
"2026-05-01";9.71;"A";"Месяц";"Ключевая ставка в реальном выражении";"Данные ЦМИ";"1";"%";"0"
"2026-06-01";9.41;"A";"Месяц";"Ключевая ставка в реальном выражении";"Данные ЦМИ";"1";"%";"0"
"2026-07-01";8.1;"A";"Месяц";"Ключевая ставка в реальном выражении";"Данные ЦМИ";"1";"%";"0"
"2026-08-01";7.48;"A";"Месяц";"Ключевая ставка в реальном выражении";"Данные ЦМИ";"1";"%";"0"
"2026-09-01";NaN;"A";"Месяц";"Ключевая ставка в реальном выражении";"Данные ЦМИ";"1";"%";"0"
"2013-09-01";5.5;"A";"Месяц";"Ключевая ставка";"Данные ЦМИ";"1";"%";"0"
"2013-10-01";5.5;"A";"Месяц";"Ключевая ставка";"Данные ЦМИ";"1";"%";"0"
"2013-11-01";5.5;"A";"Месяц";"Ключевая ставка";"Данные ЦМИ";"1";"%";"0"
"2013-12-01";5.5;"A";"Месяц";"Ключевая ставка";"Данные ЦМИ";"1";"%";"0"
"2014-01-01";5.5;"A";"Месяц";"Ключевая ставка";"Данные ЦМИ";"1";"%";"0"
"2014-02-01";5.5;"A";"Месяц";"Ключевая ставка";"Данные ЦМИ";"1";"%";"0"
"2014-03-01";7;"A";"Месяц";"Ключевая ставка";"Данные ЦМИ";"1";"%";"0"
"2014-04-01";7.0681818182;"A";"Месяц";"Ключевая ставка";"Данные ЦМИ";"1";"%";"0"
"2014-05-01";7.5;"A";"Месяц";"Ключевая ставка";"Данные ЦМИ";"1";"%";"0"
"2014-06-01";7.5;"A";"Месяц";"Ключевая ставка";"Данные ЦМИ";"1";"%";"0"
"2014-07-01";7.5869565217;"A";"Месяц";"Ключевая ставка";"Данные ЦМИ";"1";"%";"0"
"2014-08-01";8;"A";"Месяц";"Ключевая ставка";"Данные ЦМИ";"1";"%";"0"
"2014-09-01";8;"A";"Месяц";"Ключевая ставка";"Данные ЦМИ";"1";"%";"0"
"2014-10-01";8;"A";"Месяц";"Ключевая ставка";"Данные ЦМИ";"1";"%";"0"
"2014-11-01";9.5;"A";"Месяц";"Ключевая ставка";"Данные ЦМИ";"1";"%";"0"
"2014-12-01";13.5;"A";"Месяц";"Ключевая ставка";"Данные ЦМИ";"1";"%";"0"
"2015-01-01";17;"A";"Месяц";"Ключевая ставка";"Данные ЦМИ";"1";"%";"0"
"2015-02-01";15;"A";"Месяц";"Ключевая ставка";"Данные ЦМИ";"1";"%";"0"
"2015-03-01";14.4285714286;"A";"Месяц";"Ключевая ставка";"Данные ЦМИ";"1";"%";"0"
"2015-04-01";14;"A";"Месяц";"Ключевая ставка";"Данные ЦМИ";"1";"%";"0"
"2015-05-01";12.5789473684;"A";"Месяц";"Ключевая ставка";"Данные ЦМИ";"1";"%";"0"
"2015-06-01";11.9761904762;"A";"Месяц";"Ключевая ставка";"Данные ЦМИ";"1";"%";"0"
"2015-07-01";11.5;"A";"Месяц";"Ключевая ставка";"Данные ЦМИ";"1";"%";"0"
"2015-08-01";11;"A";"Месяц";"Ключевая ставка";"Данные ЦМИ";"1";"%";"0"
"2015-09-01";11;"A";"Месяц";"Ключевая ставка";"Данные ЦМИ";"1";"%";"0"
"2015-10-01";11;"A";"Месяц";"Ключевая ставка";"Данные ЦМИ";"1";"%";"0"
"2015-11-01";11;"A";"Месяц";"Ключевая ставка";"Данные ЦМИ";"1";"%";"0"
"2015-12-01";11;"A";"Месяц";"Ключевая ставка";"Данные ЦМИ";"1";"%";"0"
"2016-01-01";11;"A";"Месяц";"Ключевая ставка";"Данные ЦМИ";"1";"%";"0"
"2016-02-01";11;"A";"Месяц";"Ключевая ставка";"Данные ЦМИ";"1";"%";"0"
"2016-03-01";11;"A";"Месяц";"Ключевая ставка";"Данные ЦМИ";"1";"%";"0"
"2016-04-01";11;"A";"Месяц";"Ключевая ставка";"Данные ЦМИ";"1";"%";"0"
"2016-05-01";11;"A";"Месяц";"Ключевая ставка";"Данные ЦМИ";"1";"%";"0"
"2016-06-01";10.6904761905;"A";"Месяц";"Ключевая ставка";"Данные ЦМИ";"1";"%";"0"
"2016-07-01";10.5;"A";"Месяц";"Ключевая ставка";"Данные ЦМИ";"1";"%";"0"
"2016-08-01";10.5;"A";"Месяц";"Ключевая ставка";"Данные ЦМИ";"1";"%";"0"
"2016-09-01";10.2727272727;"A";"Месяц";"Ключевая ставка";"Данные ЦМИ";"1";"%";"0"
"2016-10-01";10;"A";"Месяц";"Ключевая ставка";"Данные ЦМИ";"1";"%";"0"
"2016-11-01";10;"A";"Месяц";"Ключевая ставка";"Данные ЦМИ";"1";"%";"0"
"2016-12-01";10;"A";"Месяц";"Ключевая ставка";"Данные ЦМИ";"1";"%";"0"
"2017-01-01";10;"A";"Месяц";"Ключевая ставка";"Данные ЦМИ";"1";"%";"0"
"2017-02-01";10;"A";"Месяц";"Ключевая ставка";"Данные ЦМИ";"1";"%";"0"
"2017-03-01";9.9431818182;"A";"Месяц";"Ключевая ставка";"Данные ЦМИ";"1";"%";"0"
"2017-04-01";9.75;"A";"Месяц";"Ключевая ставка";"Данные ЦМИ";"1";"%";"0"
"2017-05-01";9.25;"A";"Месяц";"Ключевая ставка";"Данные ЦМИ";"1";"%";"0"
"2017-06-01";9.130952381;"A";"Месяц";"Ключевая ставка";"Данные ЦМИ";"1";"%";"0"
"2017-07-01";9;"A";"Месяц";"Ключевая ставка";"Данные ЦМИ";"1";"%";"0"
"2017-08-01";9;"A";"Месяц";"Ключевая ставка";"Данные ЦМИ";"1";"%";"0"
"2017-09-01";8.7619047619;"A";"Месяц";"Ключевая ставка";"Данные ЦМИ";"1";"%";"0"
"2017-10-01";8.4772727273;"A";"Месяц";"Ключевая ставка";"Данные ЦМИ";"1";"%";"0"
"2017-11-01";8.25;"A";"Месяц";"Ключевая ставка";"Данные ЦМИ";"1";"%";"0"
"2017-12-01";8.0119047619;"A";"Месяц";"Ключевая ставка";"Данные ЦМИ";"1";"%";"0"
"2018-01-01";7.75;"A";"Месяц";"Ключевая ставка";"Данные ЦМИ";"1";"%";"0"
"2018-02-01";7.5921052632;"A";"Месяц";"Ключевая ставка";"Данные ЦМИ";"1";"%";"0"
"2018-03-01";7.4375;"A";"Месяц";"Ключевая ставка";"Данные ЦМИ";"1";"%";"0"
"2018-04-01";7.25;"A";"Месяц";"Ключевая ставка";"Данные ЦМИ";"1";"%";"0"
"2018-05-01";7.25;"A";"Месяц";"Ключевая ставка";"Данные ЦМИ";"1";"%";"0"
"2018-06-01";7.25;"A";"Месяц";"Ключевая ставка";"Данные ЦМИ";"1";"%";"0"
"2018-07-01";7.25;"A";"Месяц";"Ключевая ставка";"Данные ЦМИ";"1";"%";"0"
"2018-08-01";7.25;"A";"Месяц";"Ключевая ставка";"Данные ЦМИ";"1";"%";"0"
"2018-09-01";7.375;"A";"Месяц";"Ключевая ставка";"Данные ЦМИ";"1";"%";"0"
"2018-10-01";7.5;"A";"Месяц";"Ключевая ставка";"Данные ЦМИ";"1";"%";"0"
"2018-11-01";7.5;"A";"Месяц";"Ключевая ставка";"Данные ЦМИ";"1";"%";"0"
"2018-12-01";7.625;"A";"Месяц";"Ключевая ставка";"Данные ЦМИ";"1";"%";"0"
"2019-01-01";7.75;"A";"Месяц";"Ключевая ставка";"Данные ЦМИ";"1";"%";"0"
"2019-02-01";7.75;"A";"Месяц";"Ключевая ставка";"Данные ЦМИ";"1";"%";"0"
"2019-03-01";7.75;"A";"Месяц";"Ключевая ставка";"Данные ЦМИ";"1";"%";"0"
"2019-04-01";7.75;"A";"Месяц";"Ключевая ставка";"Данные ЦМИ";"1";"%";"0"
"2019-05-01";7.75;"A";"Месяц";"Ключевая ставка";"Данные ЦМИ";"1";"%";"0"
"2019-06-01";7.625;"A";"Месяц";"Ключевая ставка";"Данные ЦМИ";"1";"%";"0"
"2019-07-01";7.4673913043;"A";"Месяц";"Ключевая ставка";"Данные ЦМИ";"1";"%";"0"
"2019-08-01";7.25;"A";"Месяц";"Ключевая ставка";"Данные ЦМИ";"1";"%";"0"
"2019-09-01";7.0595238095;"A";"Месяц";"Ключевая ставка";"Данные ЦМИ";"1";"%";"0"
"2019-10-01";6.9130434783;"A";"Месяц";"Ключевая ставка";"Данные ЦМИ";"1";"%";"0"
"2019-11-01";6.5;"A";"Месяц";"Ключевая ставка";"Данные ЦМИ";"1";"%";"0"
"2019-12-01";6.3636363636;"A";"Месяц";"Ключевая ставка";"Данные ЦМИ";"1";"%";"0"
"2020-01-01";6.25;"A";"Месяц";"Ключевая ставка";"Данные ЦМИ";"1";"%";"0"
"2020-02-01";6.0657894737;"A";"Месяц";"Ключевая ставка";"Данные ЦМИ";"1";"%";"0"
"2020-03-01";6;"A";"Месяц";"Ключевая ставка";"Данные ЦМИ";"1";"%";"0"
"2020-04-01";5.9090909091;"A";"Месяц";"Ключевая ставка";"Данные ЦМИ";"1";"%";"0"
"2020-05-01";5.5;"A";"Месяц";"Ключевая ставка";"Данные ЦМИ";"1";"%";"0"
"2020-06-01";5.2;"A";"Месяц";"Ключевая ставка";"Данные ЦМИ";"1";"%";"0"
"2020-07-01";4.4431818182;"A";"Месяц";"Ключевая ставка";"Данные ЦМИ";"1";"%";"0"
"2020-08-01";4.25;"A";"Месяц";"Ключевая ставка";"Данные ЦМИ";"1";"%";"0"
"2020-09-01";4.25;"A";"Месяц";"Ключевая ставка";"Данные ЦМИ";"1";"%";"0"
"2020-10-01";4.25;"A";"Месяц";"Ключевая ставка";"Данные ЦМИ";"1";"%";"0"
"2020-11-01";4.25;"A";"Месяц";"Ключевая ставка";"Данные ЦМИ";"1";"%";"0"
"2020-12-01";4.25;"A";"Месяц";"Ключевая ставка";"Данные ЦМИ";"1";"%";"0"
"2021-01-01";4.25;"A";"Месяц";"Ключевая ставка";"Данные ЦМИ";"1";"%";"0"
"2021-02-01";4.25;"A";"Месяц";"Ключевая ставка";"Данные ЦМИ";"1";"%";"0"
"2021-03-01";4.3409090909;"A";"Месяц";"Ключевая ставка";"Данные ЦМИ";"1";"%";"0"
"2021-04-01";4.6136363636;"A";"Месяц";"Ключевая ставка";"Данные ЦМИ";"1";"%";"0"
"2021-05-01";5;"A";"Месяц";"Ключевая ставка";"Данные ЦМИ";"1";"%";"0"
"2021-06-01";5.2727272727;"A";"Месяц";"Ключевая ставка";"Данные ЦМИ";"1";"%";"0"
"2021-07-01";5.7272727273;"A";"Месяц";"Ключевая ставка";"Данные ЦМИ";"1";"%";"0"
"2021-08-01";6.5;"A";"Месяц";"Ключевая ставка";"Данные ЦМИ";"1";"%";"0"
"2021-09-01";6.6590909091;"A";"Месяц";"Ключевая ставка";"Данные ЦМИ";"1";"%";"0"
"2021-10-01";6.9285714286;"A";"Месяц";"Ключевая ставка";"Данные ЦМИ";"1";"%";"0"
"2021-11-01";7.5;"A";"Месяц";"Ключевая ставка";"Данные ЦМИ";"1";"%";"0"
"2021-12-01";7.9090909091;"A";"Месяц";"Ключевая ставка";"Данные ЦМИ";"1";"%";"0"
"2022-01-01";8.5;"A";"Месяц";"Ключевая ставка";"Данные ЦМИ";"1";"%";"0"
"2022-02-01";9.575;"A";"Месяц";"Ключевая ставка";"Данные ЦМИ";"1";"%";"0"
"2022-03-01";20;"A";"Месяц";"Ключевая ставка";"Данные ЦМИ";"1";"%";"0"
"2022-04-01";17.8571428571;"A";"Месяц";"Ключевая ставка";"Данные ЦМИ";"1";"%";"0"
"2022-05-01";13.5;"A";"Месяц";"Ключевая ставка";"Данные ЦМИ";"1";"%";"0"
"2022-06-01";10.0714285714;"A";"Месяц";"Ключевая ставка";"Данные ЦМИ";"1";"%";"0"
"2022-07-01";9.1428571429;"A";"Месяц";"Ключевая ставка";"Данные ЦМИ";"1";"%";"0"
"2022-08-01";8;"A";"Месяц";"Ключевая ставка";"Данные ЦМИ";"1";"%";"0"
"2022-09-01";7.7727272727;"A";"Месяц";"Ключевая ставка";"Данные ЦМИ";"1";"%";"0"
"2022-10-01";7.5;"A";"Месяц";"Ключевая ставка";"Данные ЦМИ";"1";"%";"0"
"2022-11-01";7.5;"A";"Месяц";"Ключевая ставка";"Данные ЦМИ";"1";"%";"0"
"2022-12-01";7.5;"A";"Месяц";"Ключевая ставка";"Данные ЦМИ";"1";"%";"0"
"2023-01-01";7.5;"A";"Месяц";"Ключевая ставка";"Данные ЦМИ";"1";"%";"0"
"2023-02-01";7.5;"A";"Месяц";"Ключевая ставка";"Данные ЦМИ";"1";"%";"0"
"2023-03-01";7.5;"A";"Месяц";"Ключевая ставка";"Данные ЦМИ";"1";"%";"0"
"2023-04-01";7.5;"A";"Месяц";"Ключевая ставка";"Данные ЦМИ";"1";"%";"0"
"2023-05-01";7.5;"A";"Месяц";"Ключевая ставка";"Данные ЦМИ";"1";"%";"0"
"2023-06-01";7.5;"A";"Месяц";"Ключевая ставка";"Данные ЦМИ";"1";"%";"0"
"2023-07-01";7.7857142857;"A";"Месяц";"Ключевая ставка";"Данные ЦМИ";"1";"%";"0"
"2023-08-01";10.4782608696;"A";"Месяц";"Ключевая ставка";"Данные ЦМИ";"1";"%";"0"
"2023-09-01";12.4761904762;"A";"Месяц";"Ключевая ставка";"Данные ЦМИ";"1";"%";"0"
"2023-10-01";13.1818181818;"A";"Месяц";"Ключевая ставка";"Данные ЦМИ";"1";"%";"0"
"2023-11-01";15;"A";"Месяц";"Ключевая ставка";"Данные ЦМИ";"1";"%";"0"
"2023-12-01";15.4761904762;"A";"Месяц";"Ключевая ставка";"Данные ЦМИ";"1";"%";"0"
"2024-01-01";16;"A";"Месяц";"Ключевая ставка";"Данные ЦМИ";"1";"%";"0"
"2024-02-01";16;"A";"Месяц";"Ключевая ставка";"Данные ЦМИ";"1";"%";"0"
"2024-03-01";16;"A";"Месяц";"Ключевая ставка";"Данные ЦМИ";"1";"%";"0"
"2024-04-01";16;"A";"Месяц";"Ключевая ставка";"Данные ЦМИ";"1";"%";"0"
"2024-05-01";16;"A";"Месяц";"Ключевая ставка";"Данные ЦМИ";"1";"%";"0"
"2024-06-01";16;"A";"Месяц";"Ключевая ставка";"Данные ЦМИ";"1";"%";"0"
"2024-07-01";16.2608695652;"A";"Месяц";"Ключевая ставка";"Данные ЦМИ";"1";"%";"0"
"2024-08-01";18;"A";"Месяц";"Ключевая ставка";"Данные ЦМИ";"1";"%";"0"
"2024-09-01";18.5238095238;"A";"Месяц";"Ключевая ставка";"Данные ЦМИ";"1";"%";"0"
"2024-10-01";19.347826087;"A";"Месяц";"Ключевая ставка";"Данные ЦМИ";"1";"%";"0"
"2024-11-01";21;"A";"Месяц";"Ключевая ставка";"Данные ЦМИ";"1";"%";"0"
"2024-12-01";21;"A";"Месяц";"Ключевая ставка";"Данные ЦМИ";"1";"%";"0"
"2025-01-01";21;"A";"Месяц";"Ключевая ставка";"Данные ЦМИ";"1";"%";"0"
"2025-02-01";21;"A";"Месяц";"Ключевая ставка";"Данные ЦМИ";"1";"%";"0"
"2025-03-01";21;"A";"Месяц";"Ключевая ставка";"Данные ЦМИ";"1";"%";"0"
"2025-04-01";21;"A";"Месяц";"Ключевая ставка";"Данные ЦМИ";"1";"%";"0"
"2025-05-01";21;"A";"Месяц";"Ключевая ставка";"Данные ЦМИ";"1";"%";"0"
"2025-06-01";20.25;"A";"Месяц";"Ключевая ставка";"Данные ЦМИ";"1";"%";"0"
"2025-07-01";19.652173913;"A";"Месяц";"Ключевая ставка";"Данные ЦМИ";"1";"%";"0"
"2025-08-01";18;"A";"Месяц";"Ключевая ставка";"Данные ЦМИ";"1";"%";"0"
"2025-09-01";17.4545454545;"A";"Месяц";"Ключевая ставка";"Данные ЦМИ";"1";"%";"0"
"2025-10-01";16.8913043478;"A";"Месяц";"Ключевая ставка";"Данные ЦМИ";"1";"%";"0"
"2025-11-01";16.5;"A";"Месяц";"Ключевая ставка";"Данные ЦМИ";"1";"%";"0"
"2025-12-01";16.3409090909;"A";"Месяц";"Ключевая ставка";"Данные ЦМИ";"1";"%";"0"
"2026-01-01";16;"A";"Месяц";"Ключевая ставка";"Данные ЦМИ";"1";"%";"0"
"2026-02-01";15.7631578947;"A";"Месяц";"Ключевая ставка";"Данные ЦМИ";"1";"%";"0"
"2026-03-01";15.3409090909;"A";"Месяц";"Ключевая ставка";"Данные ЦМИ";"1";"%";"0"
"2026-04-01";14.9090909091;"A";"Месяц";"Ключевая ставка";"Данные ЦМИ";"1";"%";"0"
"2026-05-01";14.5;"A";"Месяц";"Ключевая ставка";"Данные ЦМИ";"1";"%";"0"
"2026-06-01";14.4166666667;"A";"Месяц";"Ключевая ставка";"Данные ЦМИ";"1";"%";"0"
"2026-07-01";14.1956521739;"A";"Месяц";"Ключевая ставка";"Данные ЦМИ";"1";"%";"0"
"2026-08-01";14;"A";"Месяц";"Ключевая ставка";"Данные ЦМИ";"1";"%";"0"
"2026-09-01";14;"A";"Месяц";"Ключевая ставка";"Данные ЦМИ";"1";"%";"0"
"2013-09-01";6.22;"A";"Месяц";"Базовая инфляция по трем месяцам";"Данные ЦМИ";"1";"%";"0"
"2013-10-01";6.65;"A";"Месяц";"Базовая инфляция по трем месяцам";"Данные ЦМИ";"1";"%";"0"
"2013-11-01";6.76;"A";"Месяц";"Базовая инфляция по трем месяцам";"Данные ЦМИ";"1";"%";"0"
"2013-12-01";6.14;"A";"Месяц";"Базовая инфляция по трем месяцам";"Данные ЦМИ";"1";"%";"0"
"2014-01-01";5.07;"A";"Месяц";"Базовая инфляция по трем месяцам";"Данные ЦМИ";"1";"%";"0"
"2014-02-01";4.91;"A";"Месяц";"Базовая инфляция по трем месяцам";"Данные ЦМИ";"1";"%";"0"
"2014-03-01";6.42;"A";"Месяц";"Базовая инфляция по трем месяцам";"Данные ЦМИ";"1";"%";"0"
"2014-04-01";8.85;"A";"Месяц";"Базовая инфляция по трем месяцам";"Данные ЦМИ";"1";"%";"0"
"2014-05-01";10.72;"A";"Месяц";"Базовая инфляция по трем месяцам";"Данные ЦМИ";"1";"%";"0"
"2014-06-01";11.32;"A";"Месяц";"Базовая инфляция по трем месяцам";"Данные ЦМИ";"1";"%";"0"
"2014-07-01";10.76;"A";"Месяц";"Базовая инфляция по трем месяцам";"Данные ЦМИ";"1";"%";"0"
"2014-08-01";9.65;"A";"Месяц";"Базовая инфляция по трем месяцам";"Данные ЦМИ";"1";"%";"0"
"2014-09-01";8.86;"A";"Месяц";"Базовая инфляция по трем месяцам";"Данные ЦМИ";"1";"%";"0"
"2014-10-01";9.01;"A";"Месяц";"Базовая инфляция по трем месяцам";"Данные ЦМИ";"1";"%";"0"
"2014-11-01";10.24;"A";"Месяц";"Базовая инфляция по трем месяцам";"Данные ЦМИ";"1";"%";"0"
"2014-12-01";18.62;"A";"Месяц";"Базовая инфляция по трем месяцам";"Данные ЦМИ";"1";"%";"0"
"2015-01-01";31.53;"A";"Месяц";"Базовая инфляция по трем месяцам";"Данные ЦМИ";"1";"%";"0"
"2015-02-01";39.04;"A";"Месяц";"Базовая инфляция по трем месяцам";"Данные ЦМИ";"1";"%";"0"
"2015-03-01";32.88;"A";"Месяц";"Базовая инфляция по трем месяцам";"Данные ЦМИ";"1";"%";"0"
"2015-04-01";19.84;"A";"Месяц";"Базовая инфляция по трем месяцам";"Данные ЦМИ";"1";"%";"0"
"2015-05-01";11.91;"A";"Месяц";"Базовая инфляция по трем месяцам";"Данные ЦМИ";"1";"%";"0"
"2015-06-01";8.1;"A";"Месяц";"Базовая инфляция по трем месяцам";"Данные ЦМИ";"1";"%";"0"
"2015-07-01";6.99;"A";"Месяц";"Базовая инфляция по трем месяцам";"Данные ЦМИ";"1";"%";"0"
"2015-08-01";7.72;"A";"Месяц";"Базовая инфляция по трем месяцам";"Данные ЦМИ";"1";"%";"0"
"2015-09-01";8.34;"A";"Месяц";"Базовая инфляция по трем месяцам";"Данные ЦМИ";"1";"%";"0"
"2015-10-01";8.84;"A";"Месяц";"Базовая инфляция по трем месяцам";"Данные ЦМИ";"1";"%";"0"
"2015-11-01";7.69;"A";"Месяц";"Базовая инфляция по трем месяцам";"Данные ЦМИ";"1";"%";"0"
"2015-12-01";7.26;"A";"Месяц";"Базовая инфляция по трем месяцам";"Данные ЦМИ";"1";"%";"0"
"2016-01-01";7.56;"A";"Месяц";"Базовая инфляция по трем месяцам";"Данные ЦМИ";"1";"%";"0"
"2016-02-01";8.2;"A";"Месяц";"Базовая инфляция по трем месяцам";"Данные ЦМИ";"1";"%";"0"
"2016-03-01";8.13;"A";"Месяц";"Базовая инфляция по трем месяцам";"Данные ЦМИ";"1";"%";"0"
"2016-04-01";7.21;"A";"Месяц";"Базовая инфляция по трем месяцам";"Данные ЦМИ";"1";"%";"0"
"2016-05-01";6.44;"A";"Месяц";"Базовая инфляция по трем месяцам";"Данные ЦМИ";"1";"%";"0"
"2016-06-01";6.2;"A";"Месяц";"Базовая инфляция по трем месяцам";"Данные ЦМИ";"1";"%";"0"
"2016-07-01";6.09;"A";"Месяц";"Базовая инфляция по трем месяцам";"Данные ЦМИ";"1";"%";"0"
"2016-08-01";5.78;"A";"Месяц";"Базовая инфляция по трем месяцам";"Данные ЦМИ";"1";"%";"0"
"2016-09-01";5.3;"A";"Месяц";"Базовая инфляция по трем месяцам";"Данные ЦМИ";"1";"%";"0"
"2016-10-01";4.79;"A";"Месяц";"Базовая инфляция по трем месяцам";"Данные ЦМИ";"1";"%";"0"
"2016-11-01";4.44;"A";"Месяц";"Базовая инфляция по трем месяцам";"Данные ЦМИ";"1";"%";"0"
"2016-12-01";4.23;"A";"Месяц";"Базовая инфляция по трем месяцам";"Данные ЦМИ";"1";"%";"0"
"2017-01-01";3.94;"A";"Месяц";"Базовая инфляция по трем месяцам";"Данные ЦМИ";"1";"%";"0"
"2017-02-01";3.27;"A";"Месяц";"Базовая инфляция по трем месяцам";"Данные ЦМИ";"1";"%";"0"
"2017-03-01";2.33;"A";"Месяц";"Базовая инфляция по трем месяцам";"Данные ЦМИ";"1";"%";"0"
"2017-04-01";1.74;"A";"Месяц";"Базовая инфляция по трем месяцам";"Данные ЦМИ";"1";"%";"0"
"2017-05-01";1.64;"A";"Месяц";"Базовая инфляция по трем месяцам";"Данные ЦМИ";"1";"%";"0"
"2017-06-01";2.01;"A";"Месяц";"Базовая инфляция по трем месяцам";"Данные ЦМИ";"1";"%";"0"
"2017-07-01";2.44;"A";"Месяц";"Базовая инфляция по трем месяцам";"Данные ЦМИ";"1";"%";"0"
"2017-08-01";2.57;"A";"Месяц";"Базовая инфляция по трем месяцам";"Данные ЦМИ";"1";"%";"0"
"2017-09-01";2.49;"A";"Месяц";"Базовая инфляция по трем месяцам";"Данные ЦМИ";"1";"%";"0"
"2017-10-01";1.95;"A";"Месяц";"Базовая инфляция по трем месяцам";"Данные ЦМИ";"1";"%";"0"
"2017-11-01";1.65;"A";"Месяц";"Базовая инфляция по трем месяцам";"Данные ЦМИ";"1";"%";"0"
"2017-12-01";1.63;"A";"Месяц";"Базовая инфляция по трем месяцам";"Данные ЦМИ";"1";"%";"0"
"2018-01-01";1.77;"A";"Месяц";"Базовая инфляция по трем месяцам";"Данные ЦМИ";"1";"%";"0"
"2018-02-01";1.73;"A";"Месяц";"Базовая инфляция по трем месяцам";"Данные ЦМИ";"1";"%";"0"
"2018-03-01";1.42;"A";"Месяц";"Базовая инфляция по трем месяцам";"Данные ЦМИ";"1";"%";"0"
"2018-04-01";1.64;"A";"Месяц";"Базовая инфляция по трем месяцам";"Данные ЦМИ";"1";"%";"0"
"2018-05-01";2.34;"A";"Месяц";"Базовая инфляция по трем месяцам";"Данные ЦМИ";"1";"%";"0"
"2018-06-01";3.53;"A";"Месяц";"Базовая инфляция по трем месяцам";"Данные ЦМИ";"1";"%";"0"
"2018-07-01";4.45;"A";"Месяц";"Базовая инфляция по трем месяцам";"Данные ЦМИ";"1";"%";"0"
"2018-08-01";4.82;"A";"Месяц";"Базовая инфляция по трем месяцам";"Данные ЦМИ";"1";"%";"0"
"2018-09-01";4.73;"A";"Месяц";"Базовая инфляция по трем месяцам";"Данные ЦМИ";"1";"%";"0"
"2018-10-01";4.54;"A";"Месяц";"Базовая инфляция по трем месяцам";"Данные ЦМИ";"1";"%";"0"
"2018-11-01";4.64;"A";"Месяц";"Базовая инфляция по трем месяцам";"Данные ЦМИ";"1";"%";"0"
"2018-12-01";5.22;"A";"Месяц";"Базовая инфляция по трем месяцам";"Данные ЦМИ";"1";"%";"0"
"2019-01-01";5.94;"A";"Месяц";"Базовая инфляция по трем месяцам";"Данные ЦМИ";"1";"%";"0"
"2019-02-01";5.96;"A";"Месяц";"Базовая инфляция по трем месяцам";"Данные ЦМИ";"1";"%";"0"
"2019-03-01";4.9;"A";"Месяц";"Базовая инфляция по трем месяцам";"Данные ЦМИ";"1";"%";"0"
"2019-04-01";3.64;"A";"Месяц";"Базовая инфляция по трем месяцам";"Данные ЦМИ";"1";"%";"0"
"2019-05-01";3.19;"A";"Месяц";"Базовая инфляция по трем месяцам";"Данные ЦМИ";"1";"%";"0"
"2019-06-01";3.43;"A";"Месяц";"Базовая инфляция по трем месяцам";"Данные ЦМИ";"1";"%";"0"
"2019-07-01";3.77;"A";"Месяц";"Базовая инфляция по трем месяцам";"Данные ЦМИ";"1";"%";"0"
"2019-08-01";3.42;"A";"Месяц";"Базовая инфляция по трем месяцам";"Данные ЦМИ";"1";"%";"0"
"2019-09-01";2.44;"A";"Месяц";"Базовая инфляция по трем месяцам";"Данные ЦМИ";"1";"%";"0"
"2019-10-01";1.54;"A";"Месяц";"Базовая инфляция по трем месяцам";"Данные ЦМИ";"1";"%";"0"
"2019-11-01";1.46;"A";"Месяц";"Базовая инфляция по трем месяцам";"Данные ЦМИ";"1";"%";"0"
"2019-12-01";1.93;"A";"Месяц";"Базовая инфляция по трем месяцам";"Данные ЦМИ";"1";"%";"0"
"2020-01-01";1.91;"A";"Месяц";"Базовая инфляция по трем месяцам";"Данные ЦМИ";"1";"%";"0"
"2020-02-01";1.82;"A";"Месяц";"Базовая инфляция по трем месяцам";"Данные ЦМИ";"1";"%";"0"
"2020-03-01";2.82;"A";"Месяц";"Базовая инфляция по трем месяцам";"Данные ЦМИ";"1";"%";"0"
"2020-04-01";4.3;"A";"Месяц";"Базовая инфляция по трем месяцам";"Данные ЦМИ";"1";"%";"0"
"2020-05-01";4.86;"A";"Месяц";"Базовая инфляция по трем месяцам";"Данные ЦМИ";"1";"%";"0"
"2020-06-01";4.39;"A";"Месяц";"Базовая инфляция по трем месяцам";"Данные ЦМИ";"1";"%";"0"
"2020-07-01";4.21;"A";"Месяц";"Базовая инфляция по трем месяцам";"Данные ЦМИ";"1";"%";"0"
"2020-08-01";4.38;"A";"Месяц";"Базовая инфляция по трем месяцам";"Данные ЦМИ";"1";"%";"0"
"2020-09-01";4.08;"A";"Месяц";"Базовая инфляция по трем месяцам";"Данные ЦМИ";"1";"%";"0"
"2020-10-01";3.88;"A";"Месяц";"Базовая инфляция по трем месяцам";"Данные ЦМИ";"1";"%";"0"
"2020-11-01";4.51;"A";"Месяц";"Базовая инфляция по трем месяцам";"Данные ЦМИ";"1";"%";"0"
"2020-12-01";5.57;"A";"Месяц";"Базовая инфляция по трем месяцам";"Данные ЦМИ";"1";"%";"0"
"2021-01-01";5.98;"A";"Месяц";"Базовая инфляция по трем месяцам";"Данные ЦМИ";"1";"%";"0"
"2021-02-01";6.47;"A";"Месяц";"Базовая инфляция по трем месяцам";"Данные ЦМИ";"1";"%";"0"
"2021-03-01";7.6;"A";"Месяц";"Базовая инфляция по трем месяцам";"Данные ЦМИ";"1";"%";"0"
"2021-04-01";7.92;"A";"Месяц";"Базовая инфляция по трем месяцам";"Данные ЦМИ";"1";"%";"0"
"2021-05-01";8.84;"A";"Месяц";"Базовая инфляция по трем месяцам";"Данные ЦМИ";"1";"%";"0"
"2021-06-01";8.93;"A";"Месяц";"Базовая инфляция по трем месяцам";"Данные ЦМИ";"1";"%";"0"
"2021-07-01";9.39;"A";"Месяц";"Базовая инфляция по трем месяцам";"Данные ЦМИ";"1";"%";"0"
"2021-08-01";8.55;"A";"Месяц";"Базовая инфляция по трем месяцам";"Данные ЦМИ";"1";"%";"0"
"2021-09-01";8.26;"A";"Месяц";"Базовая инфляция по трем месяцам";"Данные ЦМИ";"1";"%";"0"
"2021-10-01";8.77;"A";"Месяц";"Базовая инфляция по трем месяцам";"Данные ЦМИ";"1";"%";"0"
"2021-11-01";10.89;"A";"Месяц";"Базовая инфляция по трем месяцам";"Данные ЦМИ";"1";"%";"0"
"2021-12-01";10.88;"A";"Месяц";"Базовая инфляция по трем месяцам";"Данные ЦМИ";"1";"%";"0"
"2022-01-01";10.73;"A";"Месяц";"Базовая инфляция по трем месяцам";"Данные ЦМИ";"1";"%";"0"
"2022-02-01";10.09;"A";"Месяц";"Базовая инфляция по трем месяцам";"Данные ЦМИ";"1";"%";"0"
"2022-03-01";50.71;"A";"Месяц";"Базовая инфляция по трем месяцам";"Данные ЦМИ";"1";"%";"0"
"2022-04-01";58.89;"A";"Месяц";"Базовая инфляция по трем месяцам";"Данные ЦМИ";"1";"%";"0"
"2022-05-01";55.68;"A";"Месяц";"Базовая инфляция по трем месяцам";"Данные ЦМИ";"1";"%";"0"
"2022-06-01";11.15;"A";"Месяц";"Базовая инфляция по трем месяцам";"Данные ЦМИ";"1";"%";"0"
"2022-07-01";1.98;"A";"Месяц";"Базовая инфляция по трем месяцам";"Данные ЦМИ";"1";"%";"0"
"2022-08-01";0.33;"A";"Месяц";"Базовая инфляция по трем месяцам";"Данные ЦМИ";"1";"%";"0"
"2022-09-01";0.84;"A";"Месяц";"Базовая инфляция по трем месяцам";"Данные ЦМИ";"1";"%";"0"
"2022-10-01";1.84;"A";"Месяц";"Базовая инфляция по трем месяцам";"Данные ЦМИ";"1";"%";"0"
"2022-11-01";1.91;"A";"Месяц";"Базовая инфляция по трем месяцам";"Данные ЦМИ";"1";"%";"0"
"2022-12-01";1.61;"A";"Месяц";"Базовая инфляция по трем месяцам";"Данные ЦМИ";"1";"%";"0"
"2023-01-01";1.78;"A";"Месяц";"Базовая инфляция по трем месяцам";"Данные ЦМИ";"1";"%";"0"
"2023-02-01";1.77;"A";"Месяц";"Базовая инфляция по трем месяцам";"Данные ЦМИ";"1";"%";"0"
"2023-03-01";1.93;"A";"Месяц";"Базовая инфляция по трем месяцам";"Данные ЦМИ";"1";"%";"0"
"2023-04-01";2.56;"A";"Месяц";"Базовая инфляция по трем месяцам";"Данные ЦМИ";"1";"%";"0"
"2023-05-01";4.05;"A";"Месяц";"Базовая инфляция по трем месяцам";"Данные ЦМИ";"1";"%";"0"
"2023-06-01";4.97;"A";"Месяц";"Базовая инфляция по трем месяцам";"Данные ЦМИ";"1";"%";"0"
"2023-07-01";6.2;"A";"Месяц";"Базовая инфляция по трем месяцам";"Данные ЦМИ";"1";"%";"0"
"2023-08-01";8.29;"A";"Месяц";"Базовая инфляция по трем месяцам";"Данные ЦМИ";"1";"%";"0"
"2023-09-01";10.52;"A";"Месяц";"Базовая инфляция по трем месяцам";"Данные ЦМИ";"1";"%";"0"
"2023-10-01";12.3;"A";"Месяц";"Базовая инфляция по трем месяцам";"Данные ЦМИ";"1";"%";"0"
"2023-11-01";12.32;"A";"Месяц";"Базовая инфляция по трем месяцам";"Данные ЦМИ";"1";"%";"0"
"2023-12-01";10.43;"A";"Месяц";"Базовая инфляция по трем месяцам";"Данные ЦМИ";"1";"%";"0"
"2024-01-01";7.99;"A";"Месяц";"Базовая инфляция по трем месяцам";"Данные ЦМИ";"1";"%";"0"
"2024-02-01";6.16;"A";"Месяц";"Базовая инфляция по трем месяцам";"Данные ЦМИ";"1";"%";"0"
"2024-03-01";5.82;"A";"Месяц";"Базовая инфляция по трем месяцам";"Данные ЦМИ";"1";"%";"0"
"2024-04-01";6.95;"A";"Месяц";"Базовая инфляция по трем месяцам";"Данные ЦМИ";"1";"%";"0"
"2024-05-01";7.92;"A";"Месяц";"Базовая инфляция по трем месяцам";"Данные ЦМИ";"1";"%";"0"
"2024-06-01";8.19;"A";"Месяц";"Базовая инфляция по трем месяцам";"Данные ЦМИ";"1";"%";"0"
"2024-07-01";7.07;"A";"Месяц";"Базовая инфляция по трем месяцам";"Данные ЦМИ";"1";"%";"0"
"2024-08-01";7.3;"A";"Месяц";"Базовая инфляция по трем месяцам";"Данные ЦМИ";"1";"%";"0"
"2024-09-01";8.41;"A";"Месяц";"Базовая инфляция по трем месяцам";"Данные ЦМИ";"1";"%";"0"
"2024-10-01";10.81;"A";"Месяц";"Базовая инфляция по трем месяцам";"Данные ЦМИ";"1";"%";"0"
"2024-11-01";12.02;"A";"Месяц";"Базовая инфляция по трем месяцам";"Данные ЦМИ";"1";"%";"0"
"2024-12-01";13.56;"A";"Месяц";"Базовая инфляция по трем месяцам";"Данные ЦМИ";"1";"%";"0"
"2025-01-01";12.5;"A";"Месяц";"Базовая инфляция по трем месяцам";"Данные ЦМИ";"1";"%";"0"
"2025-02-01";10.87;"A";"Месяц";"Базовая инфляция по трем месяцам";"Данные ЦМИ";"1";"%";"0"
"2025-03-01";8.4;"A";"Месяц";"Базовая инфляция по трем месяцам";"Данные ЦМИ";"1";"%";"0"
"2025-04-01";6.54;"A";"Месяц";"Базовая инфляция по трем месяцам";"Данные ЦМИ";"1";"%";"0"
"2025-05-01";5.52;"A";"Месяц";"Базовая инфляция по трем месяцам";"Данные ЦМИ";"1";"%";"0"
"2025-06-01";4.45;"A";"Месяц";"Базовая инфляция по трем месяцам";"Данные ЦМИ";"1";"%";"0"
"2025-07-01";4.33;"A";"Месяц";"Базовая инфляция по трем месяцам";"Данные ЦМИ";"1";"%";"0"
"2025-08-01";3.88;"A";"Месяц";"Базовая инфляция по трем месяцам";"Данные ЦМИ";"1";"%";"0"
"2025-09-01";4.26;"A";"Месяц";"Базовая инфляция по трем месяцам";"Данные ЦМИ";"1";"%";"0"
"2025-10-01";4.6;"A";"Месяц";"Базовая инфляция по трем месяцам";"Данные ЦМИ";"1";"%";"0"
"2025-11-01";4.54;"A";"Месяц";"Базовая инфляция по трем месяцам";"Данные ЦМИ";"1";"%";"0"
"2025-12-01";4.82;"A";"Месяц";"Базовая инфляция по трем месяцам";"Данные ЦМИ";"1";"%";"0"
"2026-01-01";6.15;"A";"Месяц";"Базовая инфляция по трем месяцам";"Данные ЦМИ";"1";"%";"0"
"2026-02-01";6.42;"A";"Месяц";"Базовая инфляция по трем месяцам";"Данные ЦМИ";"1";"%";"0"
"2026-03-01";6.08;"A";"Месяц";"Базовая инфляция по трем месяцам";"Данные ЦМИ";"1";"%";"0"
"2026-04-01";4.31;"A";"Месяц";"Базовая инфляция по трем месяцам";"Данные ЦМИ";"1";"%";"0"
"2026-05-01";4.37;"A";"Месяц";"Базовая инфляция по трем месяцам";"Данные ЦМИ";"1";"%";"0"
"2026-06-01";4.58;"A";"Месяц";"Базовая инфляция по трем месяцам";"Данные ЦМИ";"1";"%";"0"
"2026-07-01";5.64;"A";"Месяц";"Базовая инфляция по трем месяцам";"Данные ЦМИ";"1";"%";"0"
"2026-08-01";6.07;"A";"Месяц";"Базовая инфляция по трем месяцам";"Данные ЦМИ";"1";"%";"0"
"2026-09-01";NaN;"A";"Месяц";"Базовая инфляция по трем месяцам";"Данные ЦМИ";"1";"%";"0"