детектор,Орск 2024-04,Новотроицк 2024-04,г. Оренбург 2024-04,Кувандык 2024-04,г. Курган 2024-04,Ишим 2024-04,Абатский р-н 2024-05,Красногорск 2024-03
conformal_raw,-,-,-,-,-,-,-,-
conformal,-,-,-,-,-,-,-,-
panel,✓,-,-,✓,-,✓,-,-
cusum,-,-,-,-,-,-,-,-
cusum_reset,✓,-,-,-,-,-,-,✓
page_hinkley,-,-,-,-,-,-,-,-
multivariate,✓,-,-,✓,✓,-,-,-
panel_multivariate,✓,-,-,✓,-,-,-,-
bocpd,✓,-,✓,✓,✓,✓,✓,-
pelt,✓,-,-,✓,-,-,-,-
binseg,✓,-,-,✓,-,-,-,-
panel_bocpd,✓,-,-,✓,-,✓,-,-
regional,✓,✓,✓,✓,-,-,-,-
panel_regional,✓,-,-,✓,-,-,-,-
panel+news_v2 (γ=0.25),✓,-,-,✓,-,✓,-,-
panel+news_v2 (γ=0.5),✓,-,-,✓,-,✓,✓,-
panel+news_v2 (γ=1.0),✓,-,-,✓,-,✓,✓,-
bocpd+news_v2 (γ=0.5),✓,-,✓,✓,✓,✓,✓,-
