детектор,реестр: попаданий,реестр: всего,реестр при равном бюджете МО по месяцам,доля тревог в МО-месяцах с тяжёлым происшествием,тревог панельного детектора вытеснено
conformal_raw,0,8,0,0.011,
conformal,0,8,0,0.012,
panel,3,8,3,0.035,
cusum,0,8,0,0.045,
cusum_reset,2,8,2,0.049,
page_hinkley,0,8,0,0.045,
multivariate,1,8,3,0.052,
panel_multivariate,3,8,2,0.034,
bocpd,6,8,6,0.041,
pelt,5,8,2,0.044,
binseg,5,8,2,0.046,
panel_bocpd,3,8,3,0.035,
regional,1,8,4,0.047,
panel_regional,2,8,2,0.041,
panel+news_v2 (γ=0.25),3,8,3,0.069,0.03
panel+news_v2 (γ=0.5),4,8,4,0.105,0.066
panel+news_v2 (γ=1.0),4,8,4,0.194,0.148
bocpd+news_v2 (γ=0.5),6,8,6,0.126,
