territory_id,month,news_local
1,2024-10-01,10.0
29,2024-07-01,14.0
29,2024-08-01,23.0
194,2024-10-01,36.0
329,2024-05-01,14.0
373,2024-04-01,18.0
385,2024-04-01,15.0
414,2024-03-01,14.0
745,2024-08-01,12.0
754,2024-08-01,11.0
812,2024-07-01,10.0
824,2024-11-01,22.0
842,2024-10-01,45.0
1007,2024-07-01,58.0
1146,2024-05-01,12.0
1261,2024-08-01,11.0
1333,2024-04-01,236.0
1339,2024-04-01,25.0
1398,2024-01-01,10.0
1448,2024-09-01,21.0
1459,2024-03-01,53.0
1461,2024-02-01,12.0
1481,2024-06-01,126.0
1500,2024-09-01,55.0
1652,2024-05-01,48.0
1662,2024-05-01,38.0
1665,2024-04-01,265.0
1670,2024-04-01,133.0
1672,2024-01-01,15.0
1673,2024-04-01,404.0
1687,2024-04-01,25.0
1696,2024-04-01,24.0
2000,2024-08-01,146.0
2047,2024-04-01,21.0
2072,2024-10-01,30.0
2093,2024-10-01,58.0
2142,2024-09-01,27.0
2144,2024-04-01,12.0
2192,2024-04-01,102.0
2195,2024-04-01,47.0
2199,2024-05-01,10.0
2200,2024-05-01,20.0
2202,2024-04-01,20.0
2203,2024-04-01,14.0
2204,2024-04-01,39.0
2212,2024-04-01,12.0
2251,2024-07-01,26.0
2278,2024-07-01,19.0
3013,2024-05-01,13.0
