budget,detector,base_rate_MO,hit_t-1,hit_t+0,hit_t+1,hit_t+2,hit_window,lift_t0
series,conformal_raw,0.07680224867724868,0.0,0.02040816326530612,0.04081632653061224,0.041666666666666664,0.04081632653061224,0.26572351222512686
series,conformal,0.0894510582010582,0.04081632653061224,0.08163265306122448,0.061224489795918366,0.0625,0.14285714285714285,0.9125957222075521
series,panel,0.10503472222222222,0.061224489795918366,0.16326530612244897,0.12244897959183673,0.10416666666666667,0.2857142857142857,1.554393658289762
series,cusum,0.10966435185185185,0.14285714285714285,0.14285714285714285,0.1836734693877551,0.1875,0.20408163265306123,1.3026762156049756
series,cusum_reset,0.10536541005291006,0.14285714285714285,0.1836734693877551,0.12244897959183673,0.10416666666666667,0.42857142857142855,1.7432046180575016
series,page_hinkley,0.11007771164021164,0.12244897959183673,0.16326530612244897,0.1836734693877551,0.16666666666666666,0.20408163265306123,1.4831822327128372
series,multivariate,0.020006613756613757,0.02040816326530612,0.061224489795918366,0.02040816326530612,0.0,0.10204081632653061,3.060212514757969
series,panel_multivariate,0.09883432539682539,0.08163265306122448,0.1836734693877551,0.12244897959183673,0.125,0.30612244897959184,1.8583975622871485
series,bocpd,0.11028439153439154,0.061224489795918366,0.2653061224489796,0.02040816326530612,0.0625,0.3673469387755102,2.405654315699293
series,pelt,0.041501322751322754,0.02040816326530612,0.12244897959183673,0.1836734693877551,0.020833333333333332,0.3469387755102041,2.950483779169038
series,binseg,0.038979828042328045,0.0,0.10204081632653061,0.1836734693877551,0.0,0.2857142857142857,2.617785184063021
series,panel_bocpd,0.107432208994709,0.08163265306122448,0.1836734693877551,0.12244897959183673,0.14583333333333334,0.3469387755102041,1.7096685538393888
series,regional,0.09490740740740741,0.10204081632653061,0.12244897959183673,0.02040816326530612,0.020833333333333332,0.20408163265306123,1.2901941264310601
series,panel_regional,0.10011574074074074,0.061224489795918366,0.20408163265306123,0.10204081632653061,0.0625,0.3469387755102041,2.038457001297629
mo,conformal_raw,0.10503472222222222,0.0,0.04081632653061224,0.061224489795918366,0.08333333333333333,0.08163265306122448,0.3885984145724405
mo,conformal,0.10503472222222222,0.04081632653061224,0.08163265306122448,0.061224489795918366,0.08333333333333333,0.16326530612244897,0.777196829144881
mo,panel,0.10503472222222222,0.061224489795918366,0.16326530612244897,0.12244897959183673,0.10416666666666667,0.2857142857142857,1.554393658289762
mo,cusum,0.10503472222222222,0.14285714285714285,0.14285714285714285,0.16326530612244897,0.1875,0.20408163265306123,1.3600944510035418
mo,cusum_reset,0.10503472222222222,0.14285714285714285,0.1836734693877551,0.12244897959183673,0.10416666666666667,0.42857142857142855,1.7486928655759826
mo,page_hinkley,0.10503472222222222,0.10204081632653061,0.14285714285714285,0.16326530612244897,0.16666666666666666,0.20408163265306123,1.3600944510035418
mo,multivariate,0.10503472222222222,0.14285714285714285,0.1836734693877551,0.08163265306122448,0.08333333333333333,0.32653061224489793,1.7486928655759826
mo,panel_multivariate,0.10503472222222222,0.08163265306122448,0.1836734693877551,0.12244897959183673,0.14583333333333334,0.32653061224489793,1.7486928655759826
mo,bocpd,0.10503472222222222,0.061224489795918366,0.22448979591836735,0.02040816326530612,0.0625,0.3469387755102041,2.137291280148423
mo,pelt,0.09928902116402116,0.061224489795918366,0.1836734693877551,0.24489795918367346,0.08333333333333333,0.5714285714285714,1.8498869989294637
mo,binseg,0.09428736772486772,0.061224489795918366,0.20408163265306123,0.22448979591836735,0.08333333333333333,0.5714285714285714,2.16446420742782
mo,panel_bocpd,0.10503472222222222,0.061224489795918366,0.1836734693877551,0.12244897959183673,0.14583333333333334,0.32653061224489793,1.7486928655759826
mo,regional,0.10420800264550265,0.12244897959183673,0.12244897959183673,0.02040816326530612,0.020833333333333332,0.20408163265306123,1.175043916813056
mo,panel_regional,0.10011574074074074,0.061224489795918366,0.20408163265306123,0.10204081632653061,0.0625,0.3469387755102041,2.038457001297629
mo_month,conformal_raw,0.10515873015873016,0.02040816326530612,0.061224489795918366,0.061224489795918366,0.08333333333333333,0.10204081632653061,0.582210242587601
mo_month,conformal,0.10515873015873016,0.061224489795918366,0.08163265306122448,0.08163265306122448,0.08333333333333333,0.16326530612244897,0.7762803234501346
mo_month,panel,0.10515873015873016,0.08163265306122448,0.1836734693877551,0.16326530612244897,0.14583333333333334,0.3673469387755102,1.7466307277628033
mo_month,cusum,0.10515873015873016,0.1836734693877551,0.16326530612244897,0.1836734693877551,0.14583333333333334,0.20408163265306123,1.5525606469002693
mo_month,cusum_reset,0.10515873015873016,0.12244897959183673,0.16326530612244897,0.1836734693877551,0.20833333333333334,0.46938775510204084,1.5525606469002693
mo_month,page_hinkley,0.10515873015873016,0.10204081632653061,0.14285714285714285,0.16326530612244897,0.125,0.16326530612244897,1.3584905660377358
mo_month,multivariate,0.10515873015873016,0.12244897959183673,0.1836734693877551,0.14285714285714285,0.10416666666666667,0.3469387755102041,1.7466307277628033
mo_month,panel_multivariate,0.10515873015873016,0.08163265306122448,0.16326530612244897,0.14285714285714285,0.14583333333333334,0.3469387755102041,1.5525606469002693
mo_month,bocpd,0.10515873015873016,0.08163265306122448,0.22448979591836735,0.04081632653061224,0.08333333333333333,0.3673469387755102,2.1347708894878705
mo_month,pelt,0.00818452380952381,0.0,0.02040816326530612,0.08163265306122448,0.0,0.10204081632653061,2.493506493506493
mo_month,binseg,0.007688492063492063,0.0,0.02040816326530612,0.08163265306122448,0.0,0.10204081632653061,2.654377880184332
mo_month,panel_bocpd,0.10515873015873016,0.08163265306122448,0.1836734693877551,0.16326530612244897,0.14583333333333334,0.3673469387755102,1.7466307277628033
mo_month,regional,0.09325396825396826,0.12244897959183673,0.24489795918367346,0.08163265306122448,0.0625,0.30612244897959184,2.6261398176291793
mo_month,panel_regional,0.09858630952380952,0.08163265306122448,0.22448979591836735,0.1836734693877551,0.10416666666666667,0.42857142857142855,2.2770889487870623
