detector,recall,precision,F1,delay,false_alarms_per100,n_shocks,recall_step,recall_dip,recall_ramp,recall_spike,scenario
regional,0.769811320754717,0.15207877461706784,0.25398247130426216,0.04411764705882353,1.9590140441387218,265,1.0,1.0,0.1836734693877551,0.704225352112676,regional
panel_regional,0.6754716981132075,0.12393405343945424,0.20944043839616136,0.16201117318435754,2.168010061167324,265,0.9223300970873787,1.0,0.32653061224489793,0.36619718309859156,regional
cusum_reset,0.47547169811320755,0.09018718094157686,0.1516159426048064,0.25396825396825395,2.1322814840221804,265,0.7184466019417476,0.47619047619047616,0.30612244897959184,0.23943661971830985,regional
conformal,0.33962264150943394,0.0847457627118644,0.1356443104747551,0.2777777777777778,1.9350597381809866,265,0.2524271844660194,0.5714285714285714,0.30612244897959184,0.352112676056338,regional
binseg,0.15471698113207547,0.06844741235392321,0.09490740740740741,0.3902439024390244,0.7788829817641343,265,0.23300970873786409,0.023809523809523808,0.061224489795918366,0.18309859154929578,regional
conformal_raw,0.2490566037735849,0.05779569892473118,0.09381973255756293,0.24242424242424243,1.9164808780655118,265,0.1941747572815534,0.3333333333333333,0.12244897959183673,0.36619718309859156,regional
pelt,0.15471698113207547,0.06487341772151899,0.09141583054626533,0.3902439024390244,0.8231864174241125,265,0.23300970873786409,0.023809523809523808,0.061224489795918366,0.18309859154929578,regional
cusum,0.1660377358490566,0.048141086749285036,0.07464077865582774,0.5454545454545454,2.4638426799291144,265,0.33980582524271846,0.14285714285714285,0.061224489795918366,0.0,regional
bocpd,0.2528301886792453,0.043478260869565216,0.0741971207087486,0.16417910447761194,2.123706625507346,265,0.27184466019417475,0.2619047619047619,0.12244897959183673,0.30985915492957744,regional
multivariate,0.17358490566037735,0.041504539559014265,0.06699130751376689,0.021739130434782608,2.023666609500943,265,0.22330097087378642,0.21428571428571427,0.08163265306122448,0.14084507042253522,regional
panel_multivariate,0.09811320754716982,0.017967781908302356,0.03037322000443111,0.34615384615384615,2.2123134968273024,265,0.11650485436893204,0.09523809523809523,0.08163265306122448,0.08450704225352113,regional
panel_bocpd,0.06037735849056604,0.011264080100125156,0.0189860900520799,0.625,2.1994512090550504,265,0.02912621359223301,0.09523809523809523,0.08163265306122448,0.07042253521126761,regional
panel,0.06037735849056604,0.01125,0.018966084952255515,0.4375,2.215171782998914,265,0.038834951456310676,0.047619047619047616,0.08163265306122448,0.08450704225352113,regional
page_hinkley,0.03018867924528302,0.008417508417508417,0.013164390324173113,0.75,2.4466929628994456,265,0.04854368932038835,0.023809523809523808,0.04081632653061224,0.0,regional
