,"F1, местные шоки","задержка, мес.","полнота, региональные шоки",реестр 2024 (из 8),новости: тревога в месяц события,средний ранг
bocpd,0.4697900235560591,0.0947533281127643,0.2528301886792453,6,0.2244897959183673,3.875
panel_regional,0.5457809787684291,0.1342560553633218,0.6754716981132075,2,0.2244897959183673,4.375
regional,0.0714728764828957,0.3642384105960264,0.769811320754717,4,0.2448979591836734,4.5
panel_bocpd,0.6422630957142971,0.1213646532438478,0.060377358490566,3,0.1836734693877551,5.625
panel,0.6377085208669503,0.1171477079796264,0.060377358490566,3,0.1836734693877551,5.875
cusum_reset,0.5244635410668691,0.2469225199131064,0.4754716981132075,2,0.1632653061224489,6.25
multivariate,0.1911377930991889,0.2906976744186046,0.1735849056603773,3,0.1836734693877551,6.75
panel_multivariate,0.6193713060190226,0.1420083184789067,0.0981132075471698,2,0.1632653061224489,7.5
conformal,0.5481342676050982,0.1856452726017943,0.3396226415094339,0,0.0816326530612244,7.875
conformal_raw,0.3973535048292098,0.2170301142263759,0.2490566037735849,0,0.0612244897959183,9.625
binseg,0.2584862962031682,0.72568093385214,0.1547169811320754,2,0.0204081632653061,10.0
cusum,0.1890395827650585,0.5185185185185185,0.1660377358490566,0,0.1632653061224489,10.125
pelt,0.2581285678828493,0.7192307692307692,0.1547169811320754,2,0.0204081632653061,10.25
page_hinkley,0.1836346678236091,0.5424528301886793,0.030188679245283,0,0.1428571428571428,12.375
