origin,h,category,stf_d0.8_kg1,stf_d0.8_kg3,stf_d0.8_kg6,stf_d0.95_kg1,stf_d0.95_kg3,stf_d0.95_kg6,stf_d0.9_kg1,stf_d0.9_kg3,stf_d0.9_kg6
2023-12-01,1,Все категории,0.1111111111111111,0.1111111111111111,0.1111111111111111,0.1111111111111111,0.1111111111111111,0.1111111111111111,0.1111111111111111,0.1111111111111111,0.1111111111111111
2023-12-01,1,Здоровье,0.1111111111111111,0.1111111111111111,0.1111111111111111,0.1111111111111111,0.1111111111111111,0.1111111111111111,0.1111111111111111,0.1111111111111111,0.1111111111111111
2023-12-01,1,Маркетплейсы,0.1111111111111111,0.1111111111111111,0.1111111111111111,0.1111111111111111,0.1111111111111111,0.1111111111111111,0.1111111111111111,0.1111111111111111,0.1111111111111111
2023-12-01,1,Общественное питание,0.1111111111111111,0.1111111111111111,0.1111111111111111,0.1111111111111111,0.1111111111111111,0.1111111111111111,0.1111111111111111,0.1111111111111111,0.1111111111111111
2023-12-01,1,Продовольствие,0.1111111111111111,0.1111111111111111,0.1111111111111111,0.1111111111111111,0.1111111111111111,0.1111111111111111,0.1111111111111111,0.1111111111111111,0.1111111111111111
2023-12-01,1,Транспорт,0.1111111111111111,0.1111111111111111,0.1111111111111111,0.1111111111111111,0.1111111111111111,0.1111111111111111,0.1111111111111111,0.1111111111111111,0.1111111111111111
2023-12-01,3,Все категории,0.1111111111111111,0.1111111111111111,0.1111111111111111,0.1111111111111111,0.1111111111111111,0.1111111111111111,0.1111111111111111,0.1111111111111111,0.1111111111111111
2023-12-01,3,Здоровье,0.1111111111111111,0.1111111111111111,0.1111111111111111,0.1111111111111111,0.1111111111111111,0.1111111111111111,0.1111111111111111,0.1111111111111111,0.1111111111111111
2023-12-01,3,Маркетплейсы,0.1111111111111111,0.1111111111111111,0.1111111111111111,0.1111111111111111,0.1111111111111111,0.1111111111111111,0.1111111111111111,0.1111111111111111,0.1111111111111111
2023-12-01,3,Общественное питание,0.1111111111111111,0.1111111111111111,0.1111111111111111,0.1111111111111111,0.1111111111111111,0.1111111111111111,0.1111111111111111,0.1111111111111111,0.1111111111111111
2023-12-01,3,Продовольствие,0.1111111111111111,0.1111111111111111,0.1111111111111111,0.1111111111111111,0.1111111111111111,0.1111111111111111,0.1111111111111111,0.1111111111111111,0.1111111111111111
2023-12-01,3,Транспорт,0.1111111111111111,0.1111111111111111,0.1111111111111111,0.1111111111111111,0.1111111111111111,0.1111111111111111,0.1111111111111111,0.1111111111111111,0.1111111111111111
2023-12-01,6,Все категории,0.1111111111111111,0.1111111111111111,0.1111111111111111,0.1111111111111111,0.1111111111111111,0.1111111111111111,0.1111111111111111,0.1111111111111111,0.1111111111111111
2023-12-01,6,Здоровье,0.1111111111111111,0.1111111111111111,0.1111111111111111,0.1111111111111111,0.1111111111111111,0.1111111111111111,0.1111111111111111,0.1111111111111111,0.1111111111111111
2023-12-01,6,Маркетплейсы,0.1111111111111111,0.1111111111111111,0.1111111111111111,0.1111111111111111,0.1111111111111111,0.1111111111111111,0.1111111111111111,0.1111111111111111,0.1111111111111111
2023-12-01,6,Общественное питание,0.1111111111111111,0.1111111111111111,0.1111111111111111,0.1111111111111111,0.1111111111111111,0.1111111111111111,0.1111111111111111,0.1111111111111111,0.1111111111111111
2023-12-01,6,Продовольствие,0.1111111111111111,0.1111111111111111,0.1111111111111111,0.1111111111111111,0.1111111111111111,0.1111111111111111,0.1111111111111111,0.1111111111111111,0.1111111111111111
2023-12-01,6,Транспорт,0.1111111111111111,0.1111111111111111,0.1111111111111111,0.1111111111111111,0.1111111111111111,0.1111111111111111,0.1111111111111111,0.1111111111111111,0.1111111111111111
2023-12-01,12,Все категории,0.1111111111111111,0.1111111111111111,0.1111111111111111,0.1111111111111111,0.1111111111111111,0.1111111111111111,0.1111111111111111,0.1111111111111111,0.1111111111111111
2023-12-01,12,Здоровье,0.1111111111111111,0.1111111111111111,0.1111111111111111,0.1111111111111111,0.1111111111111111,0.1111111111111111,0.1111111111111111,0.1111111111111111,0.1111111111111111
2023-12-01,12,Маркетплейсы,0.1111111111111111,0.1111111111111111,0.1111111111111111,0.1111111111111111,0.1111111111111111,0.1111111111111111,0.1111111111111111,0.1111111111111111,0.1111111111111111
2023-12-01,12,Общественное питание,0.1111111111111111,0.1111111111111111,0.1111111111111111,0.1111111111111111,0.1111111111111111,0.1111111111111111,0.1111111111111111,0.1111111111111111,0.1111111111111111
2023-12-01,12,Продовольствие,0.1111111111111111,0.1111111111111111,0.1111111111111111,0.1111111111111111,0.1111111111111111,0.1111111111111111,0.1111111111111111,0.1111111111111111,0.1111111111111111
2023-12-01,12,Транспорт,0.1111111111111111,0.1111111111111111,0.1111111111111111,0.1111111111111111,0.1111111111111111,0.1111111111111111,0.1111111111111111,0.1111111111111111,0.1111111111111111
2024-01-01,1,Все категории,0.3351028310484878,0.0,0.0,0.33192050948249563,0.0,0.0,0.3329766594690166,0.0,0.0
2024-01-01,1,Здоровье,0.33565195451662433,0.0,0.0,0.3314833802780276,0.0,0.0,0.33286466520534813,0.0,0.0
2024-01-01,1,Маркетплейсы,0.0,0.0,0.3316215915962464,0.0,0.0,0.33470581180987985,0.0,0.0,0.3336725965938737
2024-01-01,1,Общественное питание,0.0,0.0,0.3308911548864038,0.0,0.0,0.33529226485384384,0.0,0.0,0.3338165802597523
2024-01-01,1,Продовольствие,0.0,0.0,0.33372729819509434,0.0,0.0,0.3330182601173415,0.0,0.0,0.33325444168756424
2024-01-01,1,Транспорт,0.3325661351017326,0.0,0.0,0.3339476382764376,0.0,0.0,0.3334862266218298,0.0,0.0
2024-01-01,3,Все категории,0.3351028310484878,0.0,0.0,0.33192050948249563,0.0,0.0,0.3329766594690166,0.0,0.0
2024-01-01,3,Здоровье,0.33565195451662433,0.0,0.0,0.3314833802780276,0.0,0.0,0.33286466520534813,0.0,0.0
2024-01-01,3,Маркетплейсы,0.0,0.0,0.3316215915962464,0.0,0.0,0.33470581180987985,0.0,0.0,0.3336725965938737
2024-01-01,3,Общественное питание,0.0,0.0,0.3308911548864038,0.0,0.0,0.33529226485384384,0.0,0.0,0.3338165802597523
2024-01-01,3,Продовольствие,0.0,0.0,0.33372729819509434,0.0,0.0,0.3330182601173415,0.0,0.0,0.33325444168756424
2024-01-01,3,Транспорт,0.3325661351017326,0.0,0.0,0.3339476382764376,0.0,0.0,0.3334862266218298,0.0,0.0
2024-01-01,6,Все категории,0.3351028310484878,0.0,0.0,0.33192050948249563,0.0,0.0,0.3329766594690166,0.0,0.0
2024-01-01,6,Здоровье,0.33565195451662433,0.0,0.0,0.3314833802780276,0.0,0.0,0.33286466520534813,0.0,0.0
2024-01-01,6,Маркетплейсы,0.0,0.0,0.3316215915962464,0.0,0.0,0.33470581180987985,0.0,0.0,0.3336725965938737
2024-01-01,6,Общественное питание,0.0,0.0,0.3308911548864038,0.0,0.0,0.33529226485384384,0.0,0.0,0.3338165802597523
2024-01-01,6,Продовольствие,0.0,0.0,0.33372729819509434,0.0,0.0,0.3330182601173415,0.0,0.0,0.33325444168756424
2024-01-01,6,Транспорт,0.3325661351017326,0.0,0.0,0.3339476382764376,0.0,0.0,0.3334862266218298,0.0,0.0
2024-02-01,1,Все категории,0.3364062421867709,0.0,0.0,0.33088254271119233,0.0,0.0,0.3327112151020367,0.0,0.0
2024-02-01,1,Здоровье,0.33532691468409,0.0,0.0,0.331740312001846,0.0,0.0,0.33293277331406407,0.0,0.0
2024-02-01,1,Маркетплейсы,0.0,0.0,0.3284523571375502,0.0,0.0,0.3372388056103473,0.0,0.0,0.3343088372521025
2024-02-01,1,Общественное питание,0.0,0.0,0.3353198133043587,0.0,0.0,0.33174407057636623,0.0,0.0,0.332936116119275
2024-02-01,1,Продовольствие,0.0,0.0,0.33526039803131075,0.0,0.0,0.33179377261569704,0.0,0.0,0.3329458293529922
2024-02-01,1,Транспорт,0.33421385206214227,0.0,0.0,0.33261679772006275,0.0,0.0,0.333169350217795,0.0,0.0
2024-02-01,3,Все категории,0.3364062421867709,0.0,0.0,0.33088254271119233,0.0,0.0,0.3327112151020367,0.0,0.0
2024-02-01,3,Здоровье,0.33532691468409,0.0,0.0,0.331740312001846,0.0,0.0,0.33293277331406407,0.0,0.0
2024-02-01,3,Маркетплейсы,0.0,0.0,0.3284523571375502,0.0,0.0,0.3372388056103473,0.0,0.0,0.3343088372521025
2024-02-01,3,Общественное питание,0.0,0.0,0.3353198133043587,0.0,0.0,0.33174407057636623,0.0,0.0,0.332936116119275
2024-02-01,3,Продовольствие,0.0,0.0,0.33526039803131075,0.0,0.0,0.33179377261569704,0.0,0.0,0.3329458293529922
2024-02-01,3,Транспорт,0.33421385206214227,0.0,0.0,0.33261679772006275,0.0,0.0,0.333169350217795,0.0,0.0
2024-02-01,6,Все категории,0.3364062421867709,0.0,0.0,0.33088254271119233,0.0,0.0,0.3327112151020367,0.0,0.0
2024-02-01,6,Здоровье,0.33532691468409,0.0,0.0,0.331740312001846,0.0,0.0,0.33293277331406407,0.0,0.0
2024-02-01,6,Маркетплейсы,0.0,0.0,0.3284523571375502,0.0,0.0,0.3372388056103473,0.0,0.0,0.3343088372521025
2024-02-01,6,Общественное питание,0.0,0.0,0.3353198133043587,0.0,0.0,0.33174407057636623,0.0,0.0,0.332936116119275
2024-02-01,6,Продовольствие,0.0,0.0,0.33526039803131075,0.0,0.0,0.33179377261569704,0.0,0.0,0.3329458293529922
2024-02-01,6,Транспорт,0.33421385206214227,0.0,0.0,0.33261679772006275,0.0,0.0,0.333169350217795,0.0,0.0
2024-03-01,1,Все категории,0.33651267973418825,0.0,0.0,0.33079784496138154,0.0,0.0,0.33268947530443027,0.0,0.0
2024-03-01,1,Здоровье,0.3347887810101754,0.0,0.0,0.33216635776712433,0.0,0.0,0.33304486122270033,0.0,0.0
2024-03-01,1,Маркетплейсы,0.0,0.0,0.0,0.0,0.329340875765206,0.33667324532001885,0.0,0.0,0.3339858789147752
2024-03-01,1,Общественное питание,0.0,0.3303004979531565,0.3373175442564085,0.0,0.0,0.0,0.0,0.0,0.33238195779043495
2024-03-01,1,Продовольствие,0.0,0.0,0.3356620815074354,0.0,0.0,0.3314738076235425,0.0,0.0,0.33286411086902207
2024-03-01,1,Транспорт,0.3360480939279399,0.0,0.0,0.33115240953863995,0.0,0.0,0.33279949653342006,0.0,0.0
2024-03-01,3,Все категории,0.3449598422929754,0.0,0.0,0.32378162432003943,0.0,0.0,0.3312585333869851,0.0,0.0
2024-03-01,3,Здоровье,0.34506093720990205,0.0,0.0,0.3237738818529425,0.0,0.0,0.3311651809371554,0.0,0.0
2024-03-01,3,Маркетплейсы,0.0,0.0,0.0,0.0,0.32809241915118553,0.3383285317086679,0.0,0.0,0.3335790491401465
2024-03-01,3,Общественное питание,0.0,0.0,0.0,0.0,0.3296822106329763,0.3365645716254236,0.0,0.0,0.3337532177416001
2024-03-01,3,Продовольствие,0.0,0.33406532497356034,0.0,0.0,0.33269114662104465,0.0,0.0,0.33324352840539506,0.0
2024-03-01,3,Транспорт,0.3286485920796514,0.0,0.0,0.3372256594270943,0.0,0.0,0.33412574849325427,0.0,0.0
2024-03-01,6,Все категории,0.3449598422929754,0.0,0.0,0.32378162432003943,0.0,0.0,0.3312585333869851,0.0,0.0
2024-03-01,6,Здоровье,0.34506093720990205,0.0,0.0,0.3237738818529425,0.0,0.0,0.3311651809371554,0.0,0.0
2024-03-01,6,Маркетплейсы,0.0,0.0,0.0,0.0,0.32809241915118553,0.3383285317086679,0.0,0.0,0.3335790491401465
2024-03-01,6,Общественное питание,0.0,0.0,0.0,0.0,0.3296822106329763,0.3365645716254236,0.0,0.0,0.3337532177416001
2024-03-01,6,Продовольствие,0.0,0.33406532497356034,0.0,0.0,0.33269114662104465,0.0,0.0,0.33324352840539506,0.0
2024-03-01,6,Транспорт,0.3286485920796514,0.0,0.0,0.3372256594270943,0.0,0.0,0.33412574849325427,0.0,0.0
2024-04-01,1,Все категории,0.33617961798938395,0.0,0.0,0.3310628536521205,0.0,0.0,0.33275752835849554,0.0,0.0
2024-04-01,1,Здоровье,0.33544282174416623,0.0,0.0,0.33164640208750856,0.0,0.0,0.3329107761683251,0.0,0.0
2024-04-01,1,Маркетплейсы,0.0,0.0,0.0,0.0,0.3307826593129748,0.33663986125545814,0.0,0.0,0.3325774794315669
2024-04-01,1,Общественное питание,0.33755846609180457,0.0,0.0,0.3299638674946966,0.0,0.0,0.3324776664134988,0.0,0.0
2024-04-01,1,Продовольствие,0.0,0.0,0.3357777089089863,0.0,0.0,0.331381723817056,0.0,0.0,0.3328405672739578
2024-04-01,1,Транспорт,0.33685917814972055,0.0,0.0,0.33051272419594707,0.0,0.0,0.33262809765433227,0.0,0.0
2024-04-01,3,Все категории,0.3432534044420258,0.0,0.3296176592270357,0.0,0.0,0.0,0.32712893633093865,0.0,0.0
2024-04-01,3,Здоровье,0.3456369487682278,0.0,0.0,0.32330794631911214,0.0,0.0,0.33105510491266,0.0,0.0
2024-04-01,3,Маркетплейсы,0.0,0.0,0.0,0.0,0.3332974468968479,0.340443182400354,0.0,0.0,0.3262593707027982
2024-04-01,3,Общественное питание,0.0,0.3378761866610423,0.3407999847792179,0.0,0.0,0.0,0.0,0.0,0.32132382855973984
2024-04-01,3,Продовольствие,0.0,0.33840002769538113,0.3348506079169772,0.0,0.0,0.0,0.0,0.3267493643876416,0.0
2024-04-01,3,Транспорт,0.3471498923518316,0.0,0.0,0.3220947623546561,0.0,0.0,0.33075534529351225,0.0,0.0
2024-04-01,6,Все категории,0.3432534044420258,0.0,0.3296176592270357,0.0,0.0,0.0,0.32712893633093865,0.0,0.0
2024-04-01,6,Здоровье,0.3456369487682278,0.0,0.0,0.32330794631911214,0.0,0.0,0.33105510491266,0.0,0.0
2024-04-01,6,Маркетплейсы,0.0,0.0,0.0,0.0,0.3332974468968479,0.340443182400354,0.0,0.0,0.3262593707027982
2024-04-01,6,Общественное питание,0.0,0.3378761866610423,0.3407999847792179,0.0,0.0,0.0,0.0,0.0,0.32132382855973984
2024-04-01,6,Продовольствие,0.0,0.33840002769538113,0.3348506079169772,0.0,0.0,0.0,0.0,0.3267493643876416,0.0
2024-04-01,6,Транспорт,0.3471498923518316,0.0,0.0,0.3220947623546561,0.0,0.0,0.33075534529351225,0.0,0.0
2024-05-01,1,Все категории,0.3361727966843274,0.0,0.0,0.3310659996487215,0.0,0.0,0.3327612036669511,0.0,0.0
2024-05-01,1,Здоровье,0.3352877785344205,0.0,0.0,0.33176995301230044,0.0,0.0,0.3329422684532792,0.0,0.0
2024-05-01,1,Маркетплейсы,0.0,0.0,0.32834243821224496,0.0,0.0,0.337232935645925,0.0,0.0,0.33442462614183016
2024-05-01,1,Общественное питание,0.33719683442004095,0.0,0.0,0.330250844090164,0.0,0.0,0.33255232148979513,0.0,0.0
2024-05-01,1,Продовольствие,0.3349235032960606,0.0,0.0,0.3320626055091074,0.0,0.0,0.33301389119483205,0.0,0.0
2024-05-01,1,Транспорт,0.33660116338308743,0.0,0.0,0.33071784296375556,0.0,0.0,0.332680993653157,0.0,0.0
2024-05-01,3,Все категории,0.3468625075859407,0.0,0.0,0.32232323349499453,0.0,0.0,0.3308142589190648,0.0,0.0
2024-05-01,3,Здоровье,0.3464446032808089,0.0,0.0,0.3226492794779967,0.0,0.0,0.3309061172411944,0.0,0.0
2024-05-01,3,Маркетплейсы,0.0,0.0,0.0,0.0,0.334282618838831,0.34040365929573607,0.0,0.0,0.32531372186543295
2024-05-01,3,Общественное питание,0.3381115092886599,0.3300366579928377,0.33185183271850244,0.0,0.0,0.0,0.0,0.0,0.0
2024-05-01,3,Продовольствие,0.34083583839481635,0.3306179544499505,0.0,0.0,0.0,0.0,0.3285462071552331,0.0,0.0
2024-05-01,3,Транспорт,0.35159776524028424,0.3204042843143977,0.0,0.0,0.0,0.0,0.3279979504453181,0.0,0.0
2024-05-01,6,Все категории,0.3468625075859407,0.0,0.0,0.32232323349499453,0.0,0.0,0.3308142589190648,0.0,0.0
2024-05-01,6,Здоровье,0.3464446032808089,0.0,0.0,0.3226492794779967,0.0,0.0,0.3309061172411944,0.0,0.0
2024-05-01,6,Маркетплейсы,0.0,0.0,0.0,0.0,0.334282618838831,0.34040365929573607,0.0,0.0,0.32531372186543295
2024-05-01,6,Общественное питание,0.3381115092886599,0.3300366579928377,0.33185183271850244,0.0,0.0,0.0,0.0,0.0,0.0
2024-05-01,6,Продовольствие,0.34083583839481635,0.3306179544499505,0.0,0.0,0.0,0.0,0.3285462071552331,0.0,0.0
2024-05-01,6,Транспорт,0.35159776524028424,0.3204042843143977,0.0,0.0,0.0,0.0,0.3279979504453181,0.0,0.0
2024-06-01,1,Все категории,0.3357384449771635,0.0,0.0,0.3314109308260562,0.0,0.0,0.33285062419678035,0.0,0.0
2024-06-01,1,Здоровье,0.33511855665725,0.0,0.0,0.3319050602209961,0.0,0.0,0.3329763831217538,0.0,0.0
2024-06-01,1,Маркетплейсы,0.0,0.0,0.33016253611376295,0.0,0.0,0.3357497344809086,0.0,0.0,0.33408772940532844
2024-06-01,1,Общественное питание,0.3368040868672646,0.0,0.0,0.33056291761507295,0.0,0.0,0.3326329955176624,0.0,0.0
2024-06-01,1,Продовольствие,0.3349155088858697,0.0,0.0,0.33206833044856543,0.0,0.0,0.3330161606655648,0.0,0.0
2024-06-01,1,Транспорт,0.3364014258840928,0.0,0.0,0.3308769511909077,0.0,0.0,0.33272162292499946,0.0,0.0
2024-06-01,3,Все категории,0.34612754575597304,0.0,0.0,0.32291201359018906,0.0,0.0,0.33096044065383784,0.0,0.0
2024-06-01,3,Здоровье,0.34760017010522193,0.0,0.0,0.32171550549680034,0.0,0.0,0.3306843243979777,0.0,0.0
2024-06-01,3,Маркетплейсы,0.0,0.0,0.0,0.0,0.3344940402340436,0.3398424696647424,0.0,0.0,0.32566349010121376
2024-06-01,3,Общественное питание,0.35124644293275536,0.0,0.32267052097991666,0.0,0.0,0.0,0.3260830360873279,0.0,0.0
2024-06-01,3,Продовольствие,0.3421082522289808,0.0,0.0,0.3261233540579166,0.0,0.0,0.3317683937131027,0.0,0.0
2024-06-01,3,Транспорт,0.3543823689850134,0.0,0.0,0.3163369202313655,0.0,0.0,0.3292807107836211,0.0,0.0
2024-06-01,6,Все категории,0.0,0.0,0.0,0.0,0.335919367680086,0.334241571036403,0.0,0.32983906128351104,0.0
2024-06-01,6,Здоровье,0.37604557105340264,0.2984722728198024,0.0,0.0,0.0,0.0,0.32548215612679504,0.0,0.0
2024-06-01,6,Маркетплейсы,0.0,0.0,0.0,0.0,0.33169673309024655,0.3406206765411793,0.0,0.0,0.32768259036857406
2024-06-01,6,Общественное питание,0.3478181990646437,0.0,0.0,0.320598846932779,0.0,0.0,0.33158295400257737,0.0,0.0
2024-06-01,6,Продовольствие,0.3332610299489404,0.0,0.0,0.33226554284800863,0.0,0.0,0.33447342720305084,0.0,0.0
2024-06-01,6,Транспорт,0.3313439586970539,0.0,0.0,0.3348220583185672,0.0,0.0,0.33383398298437883,0.0,0.0
2024-07-01,1,Все категории,0.33590724403805095,0.0,0.0,0.3312757660621003,0.0,0.0,0.3328169898998488,0.0,0.0
2024-07-01,1,Здоровье,0.33498678698770085,0.0,0.0,0.3320103548526023,0.0,0.0,0.33300285815969705,0.0,0.0
2024-07-01,1,Маркетплейсы,0.0,0.0,0.3324975310989989,0.0,0.0,0.3338676496577125,0.0,0.0,0.33363481924328864
2024-07-01,1,Общественное питание,0.3364143365151334,0.0,0.0,0.3308730295588783,0.0,0.0,0.3327126339259882,0.0,0.0
2024-07-01,1,Продовольствие,0.0,0.0,0.33511208166000106,0.0,0.0,0.33191201727529696,0.0,0.0,0.332975901064702
2024-07-01,1,Транспорт,0.33611870545137335,0.0,0.0,0.3311022833409527,0.0,0.0,0.3327790112076739,0.0,0.0
2024-07-01,3,Все категории,0.3458901075104521,0.0,0.0,0.3230733667451825,0.0,0.0,0.3310365257443654,0.0,0.0
2024-07-01,3,Здоровье,0.3457278660121439,0.0,0.0,0.3232096299352974,0.0,0.0,0.3310625040525587,0.0,0.0
2024-07-01,3,Маркетплейсы,0.0,0.0,0.0,0.0,0.3286771788006253,0.3390928762848551,0.0,0.0,0.3322299449145196
2024-07-01,3,Общественное питание,0.3408923266092706,0.32892090872204194,0.3301867646686875,0.0,0.0,0.0,0.0,0.0,0.0
2024-07-01,3,Продовольствие,0.3412692401731163,0.0,0.0,0.32680359794594044,0.0,0.0,0.3319271618809434,0.0,0.0
2024-07-01,3,Транспорт,0.35217814470163494,0.0,0.0,0.3180674667232161,0.0,0.0,0.329754388575149,0.0,0.0
2024-08-01,1,Все категории,0.33584927995192926,0.0,0.0,0.3313215093503235,0.0,0.0,0.33282921069774724,0.0,0.0
2024-08-01,1,Здоровье,0.3349615858984838,0.0,0.0,0.3320307420127442,0.0,0.0,0.3330076720887721,0.0,0.0
2024-08-01,1,Маркетплейсы,0.0,0.0,0.3331005318048372,0.0,0.0,0.3333754102250481,0.0,0.0,0.3335240579701149
2024-08-01,1,Общественное питание,0.3360727919485743,0.0,0.0,0.3311447463053967,0.0,0.0,0.3327824617460291,0.0,0.0
2024-08-01,1,Продовольствие,0.3321530931916623,0.0,0.3348619396774656,0.0,0.0,0.0,0.0,0.0,0.3329849671308721
2024-08-01,1,Транспорт,0.33568969269074744,0.0,0.0,0.3314444196735982,0.0,0.0,0.33286588763565433,0.0,0.0
2024-08-01,3,Все категории,0.3454478761199743,0.0,0.0,0.3234198951172232,0.0,0.0,0.33113222876280246,0.0,0.0
2024-08-01,3,Здоровье,0.3442061114476745,0.0,0.0,0.324436370792296,0.0,0.0,0.33135751776002964,0.0,0.0
2024-08-01,3,Маркетплейсы,0.0,0.0,0.0,0.0,0.3267953160678906,0.33808440972019727,0.0,0.0,0.33512027421191215
2024-08-01,3,Общественное питание,0.3324276469300227,0.32666170545826,0.3409106476117172,0.0,0.0,0.0,0.0,0.0,0.0
2024-08-01,3,Продовольствие,0.3291524444104706,0.0,0.3394611470453896,0.0,0.0,0.0,0.0,0.0,0.33138640854413987
2024-08-01,3,Транспорт,0.34909829109918405,0.0,0.0,0.32050628288964644,0.0,0.0,0.33039542601116956,0.0,0.0
2024-09-01,1,Все категории,0.3358579148147096,0.0,0.0,0.331314585880123,0.0,0.0,0.33282749930516736,0.0,0.0
2024-09-01,1,Здоровье,0.3349538862756038,0.0,0.0,0.33203679398464225,0.0,0.0,0.3330093197397539,0.0,0.0
2024-09-01,1,Маркетплейсы,0.0,0.0,0.33542796303046424,0.0,0.0,0.3315261184915129,0.0,0.0,0.3330459184780229
2024-09-01,1,Общественное питание,0.33584486981626227,0.0,0.0,0.3313261874510945,0.0,0.0,0.33282894273264313,0.0,0.0
2024-09-01,1,Продовольствие,0.3341269209553663,0.0,0.0,0.3326975107666847,0.0,0.0,0.333175568277949,0.0,0.0
2024-09-01,1,Транспорт,0.3354030392588145,0.0,0.0,0.3316726355134789,0.0,0.0,0.33292432522770676,0.0,0.0
2024-09-01,3,Все категории,0.34603379513419996,0.0,0.32329758168880673,0.0,0.0,0.0,0.3306686231769932,0.0,0.0
2024-09-01,3,Здоровье,0.34335541055296037,0.0,0.0,0.3251230670562226,0.0,0.0,0.33152152239081706,0.0,0.0
2024-09-01,3,Маркетплейсы,0.0,0.0,0.33327566366969547,0.0,0.0,0.3314060133969517,0.0,0.0,0.33531832293335284
2024-09-01,3,Общественное питание,0.3209730259896581,0.0,0.34861106904289463,0.0,0.0,0.0,0.0,0.0,0.33041590496744727
2024-09-01,3,Продовольствие,0.0,0.0,0.33877608044062585,0.0,0.0,0.32885424505582744,0.0,0.0,0.3323696745035469
2024-09-01,3,Транспорт,0.34710038240927316,0.0,0.0,0.3221021794445262,0.0,0.0,0.3307974381462008,0.0,0.0
2024-10-01,1,Все категории,0.3355854221939717,0.0,0.0,0.3315316999972951,0.0,0.0,0.33288287780873316,0.0,0.0
2024-10-01,1,Здоровье,0.33476759334654954,0.0,0.0,0.33218550807259073,0.0,0.0,0.3330468985808598,0.0,0.0
2024-10-01,1,Маркетплейсы,0.336442010974791,0.33169165529976163,0.0,0.0,0.0,0.0,0.3318663337254474,0.0,0.0
2024-10-01,1,Общественное питание,0.3357699925889228,0.0,0.0,0.33138602711733095,0.0,0.0,0.3328439802937462,0.0,0.0
2024-10-01,1,Продовольствие,0.33453101876320646,0.0,0.0,0.33237437672569964,0.0,0.0,0.33309460451109385,0.0,0.0
2024-10-01,1,Транспорт,0.33540309519632033,0.0,0.0,0.3316725155087406,0.0,0.0,0.3329243892949391,0.0,0.0
2024-11-01,1,Все категории,0.335689845069288,0.0,0.0,0.33144867528228256,0.0,0.0,0.33286147964842955,0.0,0.0
2024-11-01,1,Здоровье,0.0,0.33465099899259365,0.0,0.0,0.3322787414686329,0.0,0.0,0.33307025953877334,0.0
2024-11-01,1,Маркетплейсы,0.3384563047869039,0.0,0.0,0.3291446198010336,0.0,0.0,0.33239907541206254,0.0,0.0
2024-11-01,1,Общественное питание,0.3356471844968844,0.0,0.0,0.3314838952158012,0.0,0.0,0.3328689202873144,0.0,0.0
2024-11-01,1,Продовольствие,0.3344091618281744,0.0,0.0,0.33247134202778295,0.0,0.0,0.3331194961440427,0.0,0.0
2024-11-01,1,Транспорт,0.3352886766776981,0.0,0.0,0.3317640478006115,0.0,0.0,0.3329472755216904,0.0,0.0
