h,model,ref,dMAE,ci_low,ci_high,win_share,MAE_prophet,MAE_final,delta_pct,mode,n_forecasts
1,final,prophet_default,-282.0239302174273,-288.7739958206593,-275.36214517587723,0.9145171957671958,599.4902273978532,317.466297180426,-47.043957904298125,rolling,145152
3,final,prophet_default,-197.20193830526506,-202.88282852999208,-191.55282638754844,0.8472222222222222,626.2089890225872,429.00705071732204,-31.4913937299217,rolling,120960
6,final,prophet_default,-275.7070265233416,-284.0225503651324,-267.14487064145436,0.824156746031746,735.1011799503008,459.3941534269592,-37.5059970032944,rolling,84672
12,final,prophet_default,-393.5993530407619,-414.48351363221053,-373.6442357432536,0.6746031746031746,870.0403825332412,476.44102949247923,-45.23920509238247,rolling,12096
1,final,prophet_default,-1078.2779998149583,-1100.9237557097513,-1055.1684949459125,0.7909226190476191,1360.2632472651715,281.9852474502131,-79.26980325189639,holdout,12096
3,final,prophet_default,-915.2422121363998,-941.6214579666535,-891.8251361920917,0.7810019841269841,1299.7450519506522,384.5028398142525,-70.41705684994206,holdout,12096
6,final,prophet_default,-705.4782478036491,-728.5418199455335,-681.2825014583784,0.7100694444444444,1209.8312365996187,504.35298879596957,-58.31212043974692,holdout,12096
12,final,prophet_default,-393.5993530407619,-414.48351363221053,-373.6442357432536,0.6746031746031746,870.0403825332412,476.44102949247923,-45.23920509238247,holdout,12096
1,final,prophet_default,-365.90161644099885,-373.512604657085,-358.0572004558695,0.9055886243386243,640.4496418017281,274.5480253607294,-57.13198861531652,h2_2024,72576
3,final,prophet_default,-361.6284135960191,-368.97486717495,-354.58587883732184,0.8917824074074074,718.6040580329634,356.9756444369443,-50.32373663264656,h2_2024,72576
6,final,prophet_default,-254.74598772535143,-262.2581871297648,-247.2322476092398,0.8034887566137566,736.581569508395,481.8355817830436,-34.58489843770764,h2_2024,72576
12,final,prophet_default,-393.5993530407619,-414.48351363221053,-373.6442357432536,0.6746031746031746,870.0403825332412,476.44102949247923,-45.23920509238247,h2_2024,12096
