h,model,ref,dMAE,ci_low,ci_high,win_share,MAE_prophet_tuned,MAE_final,delta_pct,mode
1,final,prophet_tuned,-409.26173314494,-415.288361082805,-403.28489713856015,0.8298611111111112,726.728030325366,317.466297180426,-56.31566639334223,rolling
3,final,prophet_tuned,-349.3158243838752,-356.6330177511256,-342.09960729037215,0.7945601851851852,778.3228751011974,429.00705071732204,-44.88058048383293,rolling
6,final,prophet_tuned,-449.9992483749594,-460.03753964053885,-440.7644710221448,0.810681216931217,909.3934018019188,459.3941534269592,-49.48345209931235,rolling
12,final,prophet_tuned,-2001.933163967471,-2045.9734674591755,-1961.8757438131197,0.8263888888888888,2478.3741934599507,476.44102949247923,-80.77606558566765,rolling
1,final,prophet_tuned,-854.7808549557053,-875.6337497568503,-833.7009827935854,0.7557870370370371,1136.7661024059184,281.9852474502131,-75.19408373865099,holdout
3,final,prophet_tuned,-508.37144996492543,-529.2315213376025,-488.8697615303285,0.624834656084656,892.874289779178,384.5028398142525,-56.936508955886026,holdout
6,final,prophet_tuned,-386.15963016415463,-407.7060744464751,-363.55975016828415,0.6031746031746031,890.5126189601242,504.35298879596957,-43.363745997792115,holdout
12,final,prophet_tuned,-2001.933163967471,-2045.9734674591755,-1961.8757438131197,0.8263888888888888,2478.3741934599507,476.44102949247923,-80.77606558566765,holdout
1,final,prophet_tuned,-285.2230038924627,-290.7360231744648,-279.4958328388434,0.8362268518518519,559.7710292531922,274.5480253607294,-50.95351295207035,h2_2024
3,final,prophet_tuned,-217.71301575807556,-224.59097064989513,-210.9043222640157,0.7196593915343915,574.6886601950199,356.9756444369443,-37.883645674197744,h2_2024
6,final,prophet_tuned,-170.73991196981507,-177.92608090042805,-163.24261401554878,0.6796461640211641,652.5754937528586,481.8355817830436,-26.164009161287495,h2_2024
12,final,prophet_tuned,-2001.933163967471,-2045.9734674591755,-1961.8757438131197,0.8263888888888888,2478.3741934599507,476.44102949247923,-80.77606558566765,h2_2024
