category,h,final,prophet_default,rel_%
Все категории,1,949.2,1805.3,-47.4
Все категории,3,1255.0,1754.5,-28.5
Все категории,6,1303.2,2159.5,-39.6
Все категории,12,1062.6,2900.6,-63.4
Здоровье,1,91.5,118.6,-22.9
Здоровье,3,110.1,146.1,-24.7
Здоровье,6,105.6,125.6,-15.9
Здоровье,12,113.7,243.9,-53.4
Маркетплейсы,1,313.6,511.5,-38.7
Маркетплейсы,3,468.7,582.1,-19.5
Маркетплейсы,6,588.0,772.5,-23.9
Маркетплейсы,12,654.0,716.4,-8.7
Общественное питание,1,83.2,141.5,-41.2
Общественное питание,3,118.1,181.8,-35.0
Общественное питание,6,119.3,210.0,-43.2
Общественное питание,12,97.5,206.1,-52.7
Продовольствие,1,352.1,871.5,-59.6
Продовольствие,3,483.2,912.8,-47.1
Продовольствие,6,537.8,932.7,-42.3
Продовольствие,12,744.5,835.7,-10.9
Транспорт,1,107.5,148.5,-27.6
Транспорт,3,143.0,180.0,-20.6
Транспорт,6,139.3,210.4,-33.8
Транспорт,12,145.5,317.5,-54.2
