category,month,source,панель факт 2024 г/г,страна 2024 г/г,панель прогноз 2025 г/г,страна факт 2025 г/г,ошибка 2025 при приросте 2024 г. без изменений,разрыв 2024 (панель минус страна),ошибка 2025 (прогноз минус страна)
Все категории,1,consumer-spending (месячный),0.13453516530287457,0.16321606250025877,0.1670415431783694,0.1558232745803636,-0.02128810927748903,-0.028680897197384203,0.011218268598005787
Все категории,2,consumer-spending (месячный),0.17454184724735367,0.19734897526737116,0.16013008091725123,0.12441153768592628,0.05013030956142739,-0.022807128020017498,0.03571854323132495
Все категории,3,consumer-spending (месячный),0.17730923929689868,0.18396839173920498,0.14921076433783997,0.1455422031427025,0.03176703615419618,-0.006659152442306304,0.0036685611951374764
Все категории,4,consumer-spending (месячный),0.1992769595533641,0.17048204162437708,0.12999575375568528,0.15060657064623384,0.04867038890713027,0.02879491792898703,-0.020610816890548556
Все категории,5,consumer-spending (месячный),0.17599565498380243,0.17002576662796964,0.13876993907379798,0.15057427314395788,0.025421381839844548,0.005969888355832786,-0.011804334070159905
Все категории,6,consumer-spending (месячный),0.19134585979638952,0.161324898865856,0.1300902152083172,0.14322064645898847,0.04812521333740105,0.030020960930533525,-0.01313043125067126
Все категории,7,consumer-spending (месячный),0.1727386870957428,0.16353601409953167,0.1357245108625582,0.1470268082457662,0.02571187884997661,0.009202672996211136,-0.011302297383207982
Все категории,8,consumer-spending (месячный),0.1637934990678762,0.14869941354501903,0.13598535997031203,0.14368921320118822,0.020104285866688,0.015094085522857181,-0.00770385323087619
Все категории,9,consumer-spending (месячный),0.14430533627795739,0.14740690480385,0.1379907497756958,0.1305218288865817,0.013783507391375682,-0.0031015685258926062,0.007468920889114106
Все категории,10,consumer-spending (месячный),0.15815358287423864,0.13409275694735667,0.1275164492923806,0.1568370276234088,0.001316555250829854,0.024060825926881968,-0.02932057833102819
Все категории,11,consumer-spending (месячный),0.1402938791464301,0.14536514662385458,0.13397950303615724,0.1192762622119019,0.021017616934528194,-0.005071267477424479,0.014703240824255337
Все категории,12,consumer-spending (месячный),0.15053190786332693,0.14513422566058432,0.1359791635604164,0.130792624376179,0.01973928348714793,0.005397682202742615,0.005186539184237393
Продовольствие,1,consumer-spending (месячный),0.10583072130527338,0.1453689149280748,0.08674274540098259,0.13254352357732868,-0.026712802272055303,-0.03953819362280142,-0.04580077817634609
Продовольствие,2,consumer-spending (месячный),0.13321288910993867,0.17437260182559178,0.08467458276738404,0.10317500583454264,0.030037883275396027,-0.04115971271565311,-0.0185004230671586
Продовольствие,3,consumer-spending (месячный),0.1457777054936511,0.15811069172742864,0.07520531363235161,0.14435798585653115,0.0014197196371199539,-0.012332986233777543,-0.06915267222417953
Продовольствие,4,consumer-spending (месячный),0.1453123544993704,0.14680116949440758,0.07303468802842317,0.1489120504345578,-0.003599695935187386,-0.0014888149950371687,-0.07587736240613463
Продовольствие,5,consumer-spending (месячный),0.1521427603137646,0.1600128507174985,0.06905271729626827,0.1528036779232289,-0.0006609176094642955,-0.007870090403733876,-0.08375096062696064
Продовольствие,6,consumer-spending (месячный),0.14878476920854933,0.15148291066541741,0.07565297758437572,0.13735134712715547,0.011433422081393863,-0.002698141456868086,-0.06169836954277974
Продовольствие,7,consumer-spending (месячный),0.1372980553348615,0.1562899830781297,0.08207241737384408,0.15373941443652206,-0.016441359101660558,-0.01899192774326819,-0.07166699706267798
Продовольствие,8,consumer-spending (месячный),0.09918322619343423,0.1474244665545399,0.09792502013833304,0.1284696927553124,-0.029286466561878166,-0.048241240361105664,-0.03054467261697935
Продовольствие,9,consumer-spending (месячный),0.08229749099911188,0.13203683690723045,0.10336706977069476,0.10410728641379796,-0.021809795414686084,-0.04973934590811857,-0.0007402166431031976
Продовольствие,10,consumer-spending (месячный),0.10505528188846269,0.13115002270777598,0.09060394472132471,0.11411937901498925,-0.00906409712652656,-0.02609474081931329,-0.02351543429366454
Продовольствие,11,consumer-spending (месячный),0.10307371715499869,0.13749204966020123,0.09112877463173641,0.0733145189340072,0.02975919822099149,-0.03441833250520254,0.01781425569772921
Продовольствие,12,consumer-spending (месячный),0.08242302944470858,0.13222235438396446,0.10551798593411088,0.08829687805655562,-0.005873848611847032,-0.04979932493925587,0.017221107877555264
Маркетплейсы,1,недельные категории (среднее % г/г за месяц),0.6200284137482053,0.5777955372,0.27900994921734923,0.37626917160000006,0.2437592421482052,0.04223287654820529,-0.09725922238265083
Маркетплейсы,2,недельные категории (среднее % г/г за месяц),0.6970851311493933,0.651820062175,0.2540127059218982,0.32771583774999996,0.36936929339939334,0.04526506897439331,-0.07370313182810179
Маркетплейсы,3,недельные категории (среднее % г/г за месяц),0.6556328143045416,0.61469327712,0.25277840746670255,0.34363721056,0.31199560374454155,0.040939537184541575,-0.09085880309329747
Маркетплейсы,4,недельные категории (среднее % г/г за месяц),0.6970324701219373,0.621369425975,0.22172980451393598,0.364940662475,0.33209180764693724,0.07566304414693725,-0.14321085796106403
Маркетплейсы,5,недельные категории (среднее % г/г за месяц),0.6220301643204462,0.5762879658,0.23690589813370777,0.4161880428,0.20584212152044623,0.04574219852044625,-0.17928214466629222
Маркетплейсы,6,недельные категории (среднее % г/г за месяц),0.6253020348101266,0.6112564332399999,0.22588750228776977,0.42594897418,0.1993530606301266,0.014045601570126687,-0.20006147189223022
Маркетплейсы,7,недельные категории (среднее % г/г за месяц),0.570374383405482,0.55223373115,0.23714603499613096,0.41344764600000006,0.1569267374054819,0.018140652255482004,-0.1763016110038691
Маркетплейсы,8,недельные категории (среднее % г/г за месяц),0.552623046885856,0.558073584425,0.23107380210127615,0.42416868548000003,0.12845436140585592,-0.00545053753914404,-0.19309488337872388
Маркетплейсы,9,недельные категории (среднее % г/г за месяц),0.4468120245626668,0.4597163095,0.2402682478954441,0.41319373319999997,0.03361829136266681,-0.0129042849373332,-0.17292548530455587
Маркетплейсы,10,недельные категории (среднее % г/г за месяц),0.4070047492463815,0.424004798975,0.24005217534862155,0.35580141015,0.05120333909638153,-0.01700004972861846,-0.11574923480137844
Маркетплейсы,11,недельные категории (среднее % г/г за месяц),0.24924855958876702,0.28331242035,0.28898858841689323,0.28650183296000004,-0.03725327337123302,-0.03406386076123297,0.002486755456893197
Маркетплейсы,12,недельные категории (среднее % г/г за месяц),0.3592437728071012,0.37781487714,0.22278306914693013,0.285011899825,0.07423187298210115,-0.018571104332898825,-0.06222883067806989
Общественное питание,1,consumer-spending (месячный),0.15565113607251124,0.17567877980429092,0.25359590906598317,0.5272947520612716,-0.3716436159887604,-0.020027643731779676,-0.27369884299528846
Общественное питание,2,consumer-spending (месячный),0.1997155356187419,0.25641765214883194,0.23454329991840206,0.45821854912764004,-0.25850301350889815,-0.05670211653009005,-0.22367524920923798
Общественное питание,3,consumer-spending (месячный),0.21817374244268084,0.20322594822660744,0.22332170185316902,0.5286189136866715,-0.3104451712439906,0.014947794216073396,-0.30529721183350245
Общественное питание,4,consumer-spending (месячный),0.24660818349506264,0.2269453715088705,0.1766241957267174,0.5606657122405156,-0.314057528745453,0.01966281198619213,-0.38404151651379825
Общественное питание,5,consumer-spending (месячный),0.22902675362131175,0.2099426222488654,0.17880239912833784,0.5878897264394665,-0.3588629728181547,0.019084131372446356,-0.4090873273111286
Общественное питание,6,consumer-spending (месячный),0.25553303366231894,0.2459286209286211,0.1842389376384168,0.49763609817145227,-0.24210306450913333,0.009604412733697831,-0.31339716053303546
Общественное питание,7,consumer-spending (месячный),0.21406228868983557,0.26597982399656606,0.23262573363332195,0.4877759316401613,-0.27371364295032574,-0.05191753530673049,-0.25515019800683936
Общественное питание,8,consumer-spending (месячный),0.20423967243447905,0.28683858004018736,0.23811184271772223,0.4901106050748212,-0.28587093264034213,-0.08259890760570832,-0.25199876235709895
Общественное питание,9,consumer-spending (месячный),0.16061797931064992,0.22106495026331174,0.2313502926221891,0.48878665899942497,-0.32816867968877506,-0.06044697095266183,-0.2574363663772359
Общественное питание,10,consumer-spending (месячный),0.200262855061069,0.2188347659980896,0.20587924326980467,0.480362348368492,-0.280099493307423,-0.018571910937020597,-0.27448310509868734
Общественное питание,11,consumer-spending (месячный),0.18486534856237746,0.22639577919521225,0.20463793778051964,0.41386284833697173,-0.22899749977459427,-0.04153043063283479,-0.2092249105564521
Общественное питание,12,consumer-spending (месячный),0.18938491157200343,0.23844500179147232,0.18598482012992879,0.41345291479820645,-0.22406800322620302,-0.04906009021946889,-0.22746809466827766
Транспорт,1,недельные категории (среднее % г/г за месяц),0.11617921975267453,0.16514561962,0.16104914996035236,0.184215163535,-0.06803594378232547,-0.048966399867325455,-0.023166013574647648
Транспорт,2,недельные категории (среднее % г/г за месяц),0.13351258779916786,0.21777258959,0.16151219962133068,0.169439780735,-0.03592719293583213,-0.08426000179083215,-0.007927581113669313
Транспорт,3,недельные категории (среднее % г/г за месяц),0.1348722737103223,0.20293555337599997,0.14910815474336503,0.165250812512,-0.030378538801677707,-0.06806327966567768,-0.016142657768634966
Транспорт,4,недельные категории (среднее % г/г за месяц),0.16692733596657172,0.191659430125,0.10805148949195043,0.11675033012,0.050177005846571726,-0.02473209415842828,-0.00869884062804957
Транспорт,5,недельные категории (среднее % г/г за месяц),0.15065913024488675,0.17000572084499999,0.1182006863018108,0.13279896276,0.017860167484886752,-0.019346590600113234,-0.014598276458189202
Транспорт,6,недельные категории (среднее % г/г за месяц),0.17104931677553248,0.202396903936,0.10476138905290466,0.09299405792,0.07805525885553248,-0.03134758716046751,0.011767331132904665
Транспорт,7,недельные категории (среднее % г/г за месяц),0.16393985276817147,0.23595449614,0.10998812597974617,0.059100973295,0.10483887947317147,-0.07201464337182853,0.05088715268474617
Транспорт,8,недельные категории (среднее % г/г за месяц),0.11926448505815523,0.21267286680999997,0.13320863452454978,0.0329794668,0.08628501825815524,-0.09340838175184474,0.10022916772454979
Транспорт,9,недельные категории (среднее % г/г за месяц),0.1140431975092191,0.220718704628,0.13327614816299005,0.03531812307,0.0787250744392191,-0.1066755071187809,0.09795802509299005
Транспорт,10,недельные категории (среднее % г/г за месяц),0.12644538387202897,0.198530515295,0.11804774440617538,0.037228755045,0.08921662882702897,-0.07208513142297102,0.08081898936117538
Транспорт,11,недельные категории (среднее % г/г за месяц),0.12957139734646095,0.21249283314000003,0.11873712089422428,0.023018583871999985,0.10655281347446097,-0.08292143579353908,0.0957185370222243
Транспорт,12,недельные категории (среднее % г/г за месяц),0.1192592066204814,0.20452096718400004,0.12129482912227796,0.026833376410000005,0.0924258302104814,-0.08526176056351864,0.09446145271227796
Здоровье,1,недельные категории (среднее % г/г за месяц),0.12050230333206646,0.15073778640000002,0.14654474762273395,0.1618381745875,-0.04133587125543353,-0.030235483067933555,-0.015293426964766044
Здоровье,2,недельные категории (среднее % г/г за месяц),0.1377602916497831,0.19586987205,0.13590384724538462,0.213492071625,-0.0757317799752169,-0.05810958040021691,-0.07758822437961538
Здоровье,3,недельные категории (среднее % г/г за месяц),0.10631295867405299,0.17094380987000002,0.13604855867422172,0.23398860835000002,-0.12767564967594702,-0.06463085119594703,-0.0979400496757783
Здоровье,4,недельные категории (среднее % г/г за месяц),0.18490511529071196,0.18857520398750002,0.07142742685237247,0.17866235647499998,0.006242758815711985,-0.0036700886967880597,-0.10723492962262751
Здоровье,5,недельные категории (среднее % г/г за месяц),0.14794126119013473,0.14338471645,0.08945145320919479,0.2012466194625,-0.053305358272365266,0.004556544740134727,-0.11179516625330521
Здоровье,6,недельные категории (среднее % г/г за месяц),0.1285945729858018,0.16522607121,0.09080587545814689,0.16454392212000002,-0.03594934913419823,-0.0366314982241982,-0.07373804666185313
Здоровье,7,недельные категории (среднее % г/г за месяц),0.17414641821017107,0.1890364673625,0.07082740098474183,0.1539048085,0.020241609710171082,-0.014890049152328916,-0.08307740751525816
Здоровье,8,недельные категории (среднее % г/г за месяц),0.09715780851645928,0.1700921309125,0.10771771113455397,0.12448393258000001,-0.027326124063540735,-0.07293432239604072,-0.01676622144544604
Здоровье,9,недельные категории (среднее % г/г за месяц),0.13606461277593307,0.18349492698,0.09636516635643044,0.1303232149125,0.0057413978634330565,-0.04743031420406693,-0.03395804855606957
Здоровье,10,недельные категории (среднее % г/г за месяц),0.17339674387940107,0.205676336275,0.0729564322638594,0.11730340562500001,0.05609333825440106,-0.03227959239559894,-0.044346973361140615
Здоровье,11,недельные категории (среднее % г/г за месяц),0.12929161984171844,0.1962534352625,0.0945467423202202,0.10661572615,0.022675893691718435,-0.06696181542078156,-0.012068983829779806
Здоровье,12,недельные категории (среднее % г/г за месяц),0.09748771446844673,0.21027964180999997,0.11156765708684513,0.132095752475,-0.034608038006553266,-0.11279192734155324,-0.020528095388154866
