model,h,MAE,MAPE,r2_level,n,MASE,r2_yoy,mode,set
arima_raw,1,683.7488584018344,9.369736587977751,0.9841553648673147,145152,1.2336787148853985,0.6491318968419044,rolling,all
arima_raw,3,889.6045498686375,12.526637862690427,0.9813505361104009,120960,1.8065406251973555,0.42195046714046835,rolling,all
arima_raw,6,1155.8896563841824,15.716674562637985,0.968070342347772,84672,2.3478241384997767,-0.44335549641681427,rolling,all
arima_raw,12,2149.8613491586766,21.277352431889106,0.9300687404293005,12096,4.147799954012154,-1.923774393507915,rolling,all
arima_stf_resid,1,336.02502683120184,6.941834386999418,0.9971553469461961,145152,0.8491981427508927,0.7818301643896169,rolling,all
arima_stf_resid,3,486.3350496251452,9.161566063173293,0.9945117852201388,120960,1.2187299796053723,0.5828494709669867,rolling,all
arima_stf_resid,6,631.566264781192,11.113747729066569,0.9908398407855403,84672,1.5338225155929002,-0.013757046533104278,rolling,all
arima_stf_resid,12,1010.5956384761397,14.977986059935883,0.9815067857148762,12096,2.6679108070473903,-0.8345001803690553,rolling,all
chronos2_extended,1,331.76868930567366,6.801241105869519,0.9972363273296867,145152,0.8257435105082009,0.8003630220579925,rolling,all
chronos2_extended,3,478.11314839842044,8.833793227193274,0.9947160760966428,120960,1.1384201172380792,0.5663121984468378,rolling,all
chronos2_extended,6,676.6530221395004,11.22381816979368,0.9899822172952232,84672,1.5120933183365213,0.1058572061723071,rolling,all
chronos2_extended,12,959.6275481709231,13.772934617292574,0.9861085941275255,12096,2.4454116215635784,-0.587054801908717,rolling,all
chronos2_raw,1,659.5488404798891,8.979637603484186,0.9867694723299935,145152,1.1907425235419855,0.6946271762667887,rolling,all
chronos2_raw,3,898.1087969915261,12.722347854269023,0.9807577759705433,120960,1.8152440800360397,0.4233483343210024,rolling,all
chronos2_raw,6,1301.2998155868604,17.433656717429116,0.9635862668911179,84672,2.618152448752248,-0.27304987347217624,rolling,all
chronos2_raw,12,2804.7095471942234,24.8850968512379,0.8923595906257616,12096,5.103832717905519,-1.6559819348633855,rolling,all
chronos2_stf_resid,1,348.39095712689675,6.933523856821269,0.9970756773851175,145152,0.8543894216688159,0.7706521919352862,rolling,all
chronos2_stf_resid,3,520.0895545219919,9.213237377944447,0.9937365861262833,120960,1.237603464292873,0.5477793283135702,rolling,all
chronos2_stf_resid,6,749.569640239285,11.545699519821177,0.9873563574209813,84672,1.6410007669742017,0.16101590821730383,rolling,all
chronos2_stf_resid,12,1576.3157126817541,18.36356223873259,0.9594959141733921,12096,3.505064517771036,-0.8484785376594284,rolling,all
ens_stf9,1,319.4523755073558,6.62379426073742,0.9974147883704683,145152,0.806522350963516,0.8110369796790019,rolling,all
ens_stf9,3,433.51159372794694,8.363624024708518,0.9956709789390338,120960,1.0861862635233517,0.6619663332962403,rolling,all
ens_stf9,6,462.28157001337337,8.646861274548096,0.995248680231429,84672,1.1570334725461717,0.5208179452927142,rolling,all
ens_stf9,12,523.7703919989357,9.640494710382745,0.9960641454893288,12096,1.481528081314053,0.30844038995667034,rolling,all
ets_raw,1,654.4839118447042,9.16996050108503,0.9859563463278802,145152,1.206449878460677,0.6974832939512094,rolling,all
ets_raw,3,802.7259862160874,12.150329484690761,0.9856182764102062,120960,1.6965979754874658,0.49652229836396167,rolling,all
ets_raw,6,1001.8774455995925,14.26999847083267,0.977810140841541,84672,2.0954543717025818,0.15165948584791256,rolling,all
ets_raw,12,1801.5974494246411,17.50376661933453,0.9528571271087188,12096,3.383098019976316,-0.6057188509348783,rolling,all
ets_stf_resid,1,346.8872471786567,6.981372124126341,0.9970039055767665,145152,0.8584573720288972,0.7775260885073058,rolling,all
ets_stf_resid,3,496.283697333331,9.087931566209457,0.9943906577273394,120960,1.2111056782746779,0.5717905912770114,rolling,all
ets_stf_resid,6,644.0942873760058,10.928925540812566,0.9908314615145619,84672,1.5221101721453942,0.1873727105530958,rolling,all
ets_stf_resid,12,1111.1445342734726,14.567828616100215,0.9804122087229168,12096,2.6870288736093726,-0.40589091446614645,rolling,all
final,1,317.466297180426,6.550457566437711,0.9974469300769362,145152,0.7991221120828698,0.8134364461020005,rolling,all
final,3,429.00705071732204,8.243616482015003,0.9957343618622287,120960,1.0738980227232777,0.6596378528766149,rolling,all
final,6,459.3941534269592,8.588969529726393,0.9952143546742781,84672,1.154277454261253,0.4970221775039647,rolling,all
final,12,476.44102949247923,8.814919089291509,0.9965730341662483,12096,1.3773255799304303,0.2667302943767045,rolling,all
naive,1,675.2611607142857,9.097512773688456,0.9835155956864217,145152,1.2025271398082693,0.6964633183134683,rolling,all
naive,3,838.2550760582011,12.474272176241442,0.9806753113932044,120960,1.7377524649973966,0.47318039361494935,rolling,all
naive,6,1055.0337655895692,15.072333398719062,0.9721977646393688,84672,2.1888056254327517,0.0749861152989334,rolling,all
naive,12,1386.131283068783,15.392486660289482,0.971011265720094,12096,2.9467666858506165,-0.5111652983189732,rolling,all
prophet_default,1,599.4902273978532,9.734341667622672,0.989527471625854,145152,1.2701675525454477,0.6409267264107407,rolling,all
prophet_default,3,626.2089890225872,11.099282670045039,0.9906910558021524,120960,1.4841248942975533,0.518341974073941,rolling,all
prophet_default,6,735.1011799503008,12.809077162462405,0.9877836803780021,84672,1.7281807131838454,0.16393073517705858,rolling,all
prophet_default,12,870.0403825332412,15.853442017795635,0.9861170610066545,12096,2.3357818933310983,-1.434724607181057,rolling,all
prophet_tuned,1,726.728030325366,10.455859926466564,0.973077666264221,145152,1.3299179970526387,0.41933912778378046,rolling,all
prophet_tuned,3,778.3228751011974,11.93979929914557,0.9746117746126076,120960,1.5786226729871982,0.17640642674808849,rolling,all
prophet_tuned,6,909.3934018019188,13.729746679979401,0.9721464856291453,84672,1.861203066778013,-0.09667591129273445,rolling,all
prophet_tuned,12,2478.3741934599507,25.70442054269601,0.9073155639226963,12096,4.210494252135829,-4.078122317208676,rolling,all
snaive,1,1266.0694168871253,17.897557186234742,0.9668739068172788,145152,2.4071372931456114,-0.4350027411776447,rolling,all
snaive,3,1329.2323578042328,17.65575613988264,0.9660360623286008,120960,2.502256921735055,-0.5037089746511729,rolling,all
snaive,6,1312.4928075396826,16.94599811845385,0.9677844181755553,84672,2.506239437902813,-0.5371262177673173,rolling,all
snaive,12,1386.131283068783,15.392486660289482,0.971011265720094,12096,2.9467666858506165,-0.5111652983189732,rolling,all
snaive_growth,1,398.80561230550876,8.596186347093255,0.9959487939607508,145152,1.0148783857387071,0.5404709209299253,rolling,all
snaive_growth,3,506.3660647713577,9.866197378465587,0.9944049149452808,120960,1.2536677227755915,0.41163486781545466,rolling,all
snaive_growth,6,556.6523435640962,10.395745058726181,0.9936158241827037,84672,1.3996318422671474,0.2805401816296834,rolling,all
snaive_growth,12,769.5123469690049,12.59378375404443,0.9920524414892858,12096,2.0535943446463163,0.08312691522719651,rolling,all
stf,1,335.7056741255684,6.805660990199593,0.9971278941507785,145152,0.8371210212346419,0.8045888895424,rolling,all
stf,3,464.93715344802774,8.671087141773407,0.9950630374566126,120960,1.1412801676458666,0.6548918983733549,rolling,all
stf,6,528.0471061127778,9.56005273369838,0.9939255998644843,84672,1.310998106473597,0.48741370809253237,rolling,all
stf,12,772.1461602083984,12.309573936408135,0.9920802902527748,12096,2.040423960781876,0.14413783934616797,rolling,all
theta_raw,1,598.4330085522199,8.915833615434405,0.9885838319585523,145152,1.1600833060349731,0.6939958042066755,rolling,all
theta_raw,3,673.2972627146289,11.829696722435635,0.9891369191796756,120960,1.5999251215877601,0.49837279011472213,rolling,all
theta_raw,6,789.1467043470913,13.538058349586764,0.9854430058753759,84672,1.904877514822093,0.1322969767489175,rolling,all
theta_raw,12,915.344043047313,13.25333045118314,0.9848693481373256,12096,2.097980852200664,-0.7873280885431031,rolling,all
theta_stf_resid,1,341.2536675466314,6.843301622892035,0.997071713760521,145152,0.8415598229406956,0.7932835185153457,rolling,all
theta_stf_resid,3,477.7353050888847,8.872448353095614,0.9946200491884947,120960,1.1651176374192291,0.6167773827413772,rolling,all
theta_stf_resid,6,589.4557294809257,10.30302854666258,0.9922474796284309,84672,1.3962482951845518,0.3351014134540996,rolling,all
theta_stf_resid,12,808.7288163188748,12.195439624193263,0.9901613881546674,12096,2.061041083161008,-0.30415670151603313,rolling,all
timesfm25_extended,1,332.3967189798083,6.675783692710143,0.9972266939047483,145152,0.8225618602456004,0.795133002684371,rolling,all
timesfm25_extended,3,456.4897453936484,8.560103407491692,0.9951301855099192,120960,1.1326822305219868,0.5959322585401432,rolling,all
timesfm25_extended,6,548.2191460250601,10.070402239792694,0.9933484634686452,84672,1.3895371955113753,0.2795894884109479,rolling,all
timesfm25_extended,12,986.9926719999534,14.878221996432405,0.9866104155486277,12096,2.7750127543911205,-0.6130336931479465,rolling,all
timesfm25_raw,1,636.4475035035894,8.753856093623297,0.9881059584039696,145152,1.1617237601244343,0.7044236979230494,rolling,all
timesfm25_raw,3,856.151208731264,11.907990399471844,0.9829419902751966,120960,1.7016069106168414,0.42211268687733683,rolling,all
timesfm25_raw,6,1240.980564202356,15.81642761560694,0.966977493236408,84672,2.3688122004362437,-0.18282544514763588,rolling,all
timesfm25_raw,12,2672.0968015291705,23.512173216383687,0.9009191954313517,12096,4.792275076472327,-1.5260832465661087,rolling,all
timesfm25_stf_resid,1,347.25580691754476,6.948816544762392,0.9970308266260239,145152,0.8562953131976625,0.7607469697595544,rolling,all
timesfm25_stf_resid,3,546.4993856690191,9.35670390292327,0.9931228496071034,120960,1.2659593148538062,0.5028213783645339,rolling,all
timesfm25_stf_resid,6,777.02503402065,11.556419643333216,0.986770089909109,84672,1.6595693398119271,0.12238055208748932,rolling,all
timesfm25_stf_resid,12,1532.438318066704,16.690419270572118,0.9623289415856463,12096,3.2301255882960977,-0.619984962348566,rolling,all
arima_raw,1,683.7488584018344,9.369736587977751,0.9841553648673147,145152,1.2336787148853985,0.6491318968419044,rolling,sample_prophet_default
arima_raw,3,889.6045498686375,12.526637862690427,0.9813505361104009,120960,1.8065406251973555,0.42195046714046835,rolling,sample_prophet_default
arima_raw,6,1155.8896563841824,15.716674562637985,0.968070342347772,84672,2.3478241384997767,-0.44335549641681427,rolling,sample_prophet_default
arima_raw,12,2149.8613491586766,21.277352431889106,0.9300687404293005,12096,4.147799954012154,-1.923774393507915,rolling,sample_prophet_default
arima_stf_resid,1,336.02502683120184,6.941834386999418,0.9971553469461961,145152,0.8491981427508927,0.7818301643896169,rolling,sample_prophet_default
arima_stf_resid,3,486.3350496251452,9.161566063173293,0.9945117852201388,120960,1.2187299796053723,0.5828494709669867,rolling,sample_prophet_default
arima_stf_resid,6,631.566264781192,11.113747729066569,0.9908398407855403,84672,1.5338225155929002,-0.013757046533104278,rolling,sample_prophet_default
arima_stf_resid,12,1010.5956384761397,14.977986059935883,0.9815067857148762,12096,2.6679108070473903,-0.8345001803690553,rolling,sample_prophet_default
chronos2_extended,1,331.76868930567366,6.801241105869519,0.9972363273296867,145152,0.8257435105082009,0.8003630220579925,rolling,sample_prophet_default
chronos2_extended,3,478.11314839842044,8.833793227193274,0.9947160760966428,120960,1.1384201172380792,0.5663121984468378,rolling,sample_prophet_default
chronos2_extended,6,676.6530221395004,11.22381816979368,0.9899822172952232,84672,1.5120933183365213,0.1058572061723071,rolling,sample_prophet_default
chronos2_extended,12,959.6275481709231,13.772934617292574,0.9861085941275255,12096,2.4454116215635784,-0.587054801908717,rolling,sample_prophet_default
chronos2_raw,1,659.5488404798891,8.979637603484186,0.9867694723299935,145152,1.1907425235419855,0.6946271762667887,rolling,sample_prophet_default
chronos2_raw,3,898.1087969915261,12.722347854269023,0.9807577759705433,120960,1.8152440800360397,0.4233483343210024,rolling,sample_prophet_default
chronos2_raw,6,1301.2998155868604,17.433656717429116,0.9635862668911179,84672,2.618152448752248,-0.27304987347217624,rolling,sample_prophet_default
chronos2_raw,12,2804.7095471942234,24.8850968512379,0.8923595906257616,12096,5.103832717905519,-1.6559819348633855,rolling,sample_prophet_default
chronos2_stf_resid,1,348.39095712689675,6.933523856821269,0.9970756773851175,145152,0.8543894216688159,0.7706521919352862,rolling,sample_prophet_default
chronos2_stf_resid,3,520.0895545219919,9.213237377944447,0.9937365861262833,120960,1.237603464292873,0.5477793283135702,rolling,sample_prophet_default
chronos2_stf_resid,6,749.569640239285,11.545699519821177,0.9873563574209813,84672,1.6410007669742017,0.16101590821730383,rolling,sample_prophet_default
chronos2_stf_resid,12,1576.3157126817541,18.36356223873259,0.9594959141733921,12096,3.505064517771036,-0.8484785376594284,rolling,sample_prophet_default
ens_stf9,1,319.4523755073558,6.62379426073742,0.9974147883704683,145152,0.806522350963516,0.8110369796790019,rolling,sample_prophet_default
ens_stf9,3,433.51159372794694,8.363624024708518,0.9956709789390338,120960,1.0861862635233517,0.6619663332962403,rolling,sample_prophet_default
ens_stf9,6,462.28157001337337,8.646861274548096,0.995248680231429,84672,1.1570334725461717,0.5208179452927142,rolling,sample_prophet_default
ens_stf9,12,523.7703919989357,9.640494710382745,0.9960641454893288,12096,1.481528081314053,0.30844038995667034,rolling,sample_prophet_default
ets_raw,1,654.4839118447042,9.16996050108503,0.9859563463278802,145152,1.206449878460677,0.6974832939512094,rolling,sample_prophet_default
ets_raw,3,802.7259862160874,12.150329484690761,0.9856182764102062,120960,1.6965979754874658,0.49652229836396167,rolling,sample_prophet_default
ets_raw,6,1001.8774455995925,14.26999847083267,0.977810140841541,84672,2.0954543717025818,0.15165948584791256,rolling,sample_prophet_default
ets_raw,12,1801.5974494246411,17.50376661933453,0.9528571271087188,12096,3.383098019976316,-0.6057188509348783,rolling,sample_prophet_default
ets_stf_resid,1,346.8872471786567,6.981372124126341,0.9970039055767665,145152,0.8584573720288972,0.7775260885073058,rolling,sample_prophet_default
ets_stf_resid,3,496.283697333331,9.087931566209457,0.9943906577273394,120960,1.2111056782746779,0.5717905912770114,rolling,sample_prophet_default
ets_stf_resid,6,644.0942873760058,10.928925540812566,0.9908314615145619,84672,1.5221101721453942,0.1873727105530958,rolling,sample_prophet_default
ets_stf_resid,12,1111.1445342734726,14.567828616100215,0.9804122087229168,12096,2.6870288736093726,-0.40589091446614645,rolling,sample_prophet_default
final,1,317.466297180426,6.550457566437711,0.9974469300769362,145152,0.7991221120828698,0.8134364461020005,rolling,sample_prophet_default
final,3,429.00705071732204,8.243616482015003,0.9957343618622287,120960,1.0738980227232777,0.6596378528766149,rolling,sample_prophet_default
final,6,459.3941534269592,8.588969529726393,0.9952143546742781,84672,1.154277454261253,0.4970221775039647,rolling,sample_prophet_default
final,12,476.44102949247923,8.814919089291509,0.9965730341662483,12096,1.3773255799304303,0.2667302943767045,rolling,sample_prophet_default
naive,1,675.2611607142857,9.097512773688456,0.9835155956864217,145152,1.2025271398082693,0.6964633183134683,rolling,sample_prophet_default
naive,3,838.2550760582011,12.474272176241442,0.9806753113932044,120960,1.7377524649973966,0.47318039361494935,rolling,sample_prophet_default
naive,6,1055.0337655895692,15.072333398719062,0.9721977646393688,84672,2.1888056254327517,0.0749861152989334,rolling,sample_prophet_default
naive,12,1386.131283068783,15.392486660289482,0.971011265720094,12096,2.9467666858506165,-0.5111652983189732,rolling,sample_prophet_default
prophet_default,1,599.4902273978532,9.734341667622672,0.989527471625854,145152,1.2701675525454477,0.6409267264107407,rolling,sample_prophet_default
prophet_default,3,626.2089890225872,11.099282670045039,0.9906910558021524,120960,1.4841248942975533,0.518341974073941,rolling,sample_prophet_default
prophet_default,6,735.1011799503008,12.809077162462405,0.9877836803780021,84672,1.7281807131838454,0.16393073517705858,rolling,sample_prophet_default
prophet_default,12,870.0403825332412,15.853442017795635,0.9861170610066545,12096,2.3357818933310983,-1.434724607181057,rolling,sample_prophet_default
prophet_tuned,1,726.728030325366,10.455859926466564,0.973077666264221,145152,1.3299179970526387,0.41933912778378046,rolling,sample_prophet_default
prophet_tuned,3,778.3228751011974,11.93979929914557,0.9746117746126076,120960,1.5786226729871982,0.17640642674808849,rolling,sample_prophet_default
prophet_tuned,6,909.3934018019188,13.729746679979401,0.9721464856291453,84672,1.861203066778013,-0.09667591129273445,rolling,sample_prophet_default
prophet_tuned,12,2478.3741934599507,25.70442054269601,0.9073155639226963,12096,4.210494252135829,-4.078122317208676,rolling,sample_prophet_default
snaive,1,1266.0694168871253,17.897557186234742,0.9668739068172788,145152,2.4071372931456114,-0.4350027411776447,rolling,sample_prophet_default
snaive,3,1329.2323578042328,17.65575613988264,0.9660360623286008,120960,2.502256921735055,-0.5037089746511729,rolling,sample_prophet_default
snaive,6,1312.4928075396826,16.94599811845385,0.9677844181755553,84672,2.506239437902813,-0.5371262177673173,rolling,sample_prophet_default
snaive,12,1386.131283068783,15.392486660289482,0.971011265720094,12096,2.9467666858506165,-0.5111652983189732,rolling,sample_prophet_default
snaive_growth,1,398.80561230550876,8.596186347093255,0.9959487939607508,145152,1.0148783857387071,0.5404709209299253,rolling,sample_prophet_default
snaive_growth,3,506.3660647713577,9.866197378465587,0.9944049149452808,120960,1.2536677227755915,0.41163486781545466,rolling,sample_prophet_default
snaive_growth,6,556.6523435640962,10.395745058726181,0.9936158241827037,84672,1.3996318422671474,0.2805401816296834,rolling,sample_prophet_default
snaive_growth,12,769.5123469690049,12.59378375404443,0.9920524414892858,12096,2.0535943446463163,0.08312691522719651,rolling,sample_prophet_default
stf,1,335.7056741255684,6.805660990199593,0.9971278941507785,145152,0.8371210212346419,0.8045888895424,rolling,sample_prophet_default
stf,3,464.93715344802774,8.671087141773407,0.9950630374566126,120960,1.1412801676458666,0.6548918983733549,rolling,sample_prophet_default
stf,6,528.0471061127778,9.56005273369838,0.9939255998644843,84672,1.310998106473597,0.48741370809253237,rolling,sample_prophet_default
stf,12,772.1461602083984,12.309573936408135,0.9920802902527748,12096,2.040423960781876,0.14413783934616797,rolling,sample_prophet_default
theta_raw,1,598.4330085522199,8.915833615434405,0.9885838319585523,145152,1.1600833060349731,0.6939958042066755,rolling,sample_prophet_default
theta_raw,3,673.2972627146289,11.829696722435635,0.9891369191796756,120960,1.5999251215877601,0.49837279011472213,rolling,sample_prophet_default
theta_raw,6,789.1467043470913,13.538058349586764,0.9854430058753759,84672,1.904877514822093,0.1322969767489175,rolling,sample_prophet_default
theta_raw,12,915.344043047313,13.25333045118314,0.9848693481373256,12096,2.097980852200664,-0.7873280885431031,rolling,sample_prophet_default
theta_stf_resid,1,341.2536675466314,6.843301622892035,0.997071713760521,145152,0.8415598229406956,0.7932835185153457,rolling,sample_prophet_default
theta_stf_resid,3,477.7353050888847,8.872448353095614,0.9946200491884947,120960,1.1651176374192291,0.6167773827413772,rolling,sample_prophet_default
theta_stf_resid,6,589.4557294809257,10.30302854666258,0.9922474796284309,84672,1.3962482951845518,0.3351014134540996,rolling,sample_prophet_default
theta_stf_resid,12,808.7288163188748,12.195439624193263,0.9901613881546674,12096,2.061041083161008,-0.30415670151603313,rolling,sample_prophet_default
timesfm25_extended,1,332.3967189798083,6.675783692710143,0.9972266939047483,145152,0.8225618602456004,0.795133002684371,rolling,sample_prophet_default
timesfm25_extended,3,456.4897453936484,8.560103407491692,0.9951301855099192,120960,1.1326822305219868,0.5959322585401432,rolling,sample_prophet_default
timesfm25_extended,6,548.2191460250601,10.070402239792694,0.9933484634686452,84672,1.3895371955113753,0.2795894884109479,rolling,sample_prophet_default
timesfm25_extended,12,986.9926719999534,14.878221996432405,0.9866104155486277,12096,2.7750127543911205,-0.6130336931479465,rolling,sample_prophet_default
timesfm25_raw,1,636.4475035035894,8.753856093623297,0.9881059584039696,145152,1.1617237601244343,0.7044236979230494,rolling,sample_prophet_default
timesfm25_raw,3,856.151208731264,11.907990399471844,0.9829419902751966,120960,1.7016069106168414,0.42211268687733683,rolling,sample_prophet_default
timesfm25_raw,6,1240.980564202356,15.81642761560694,0.966977493236408,84672,2.3688122004362437,-0.18282544514763588,rolling,sample_prophet_default
timesfm25_raw,12,2672.0968015291705,23.512173216383687,0.9009191954313517,12096,4.792275076472327,-1.5260832465661087,rolling,sample_prophet_default
timesfm25_stf_resid,1,347.25580691754476,6.948816544762392,0.9970308266260239,145152,0.8562953131976625,0.7607469697595544,rolling,sample_prophet_default
timesfm25_stf_resid,3,546.4993856690191,9.35670390292327,0.9931228496071034,120960,1.2659593148538062,0.5028213783645339,rolling,sample_prophet_default
timesfm25_stf_resid,6,777.02503402065,11.556419643333216,0.986770089909109,84672,1.6595693398119271,0.12238055208748932,rolling,sample_prophet_default
timesfm25_stf_resid,12,1532.438318066704,16.690419270572118,0.9623289415856463,12096,3.2301255882960977,-0.619984962348566,rolling,sample_prophet_default
arima_raw,1,683.7488584018344,9.369736587977751,0.9841553648673147,145152,1.2336787148853985,0.6491318968419044,rolling,sample_prophet_tuned
arima_raw,3,889.6045498686375,12.526637862690427,0.9813505361104009,120960,1.8065406251973555,0.42195046714046835,rolling,sample_prophet_tuned
arima_raw,6,1155.8896563841824,15.716674562637985,0.968070342347772,84672,2.3478241384997767,-0.44335549641681427,rolling,sample_prophet_tuned
arima_raw,12,2149.8613491586766,21.277352431889106,0.9300687404293005,12096,4.147799954012154,-1.923774393507915,rolling,sample_prophet_tuned
arima_stf_resid,1,336.02502683120184,6.941834386999418,0.9971553469461961,145152,0.8491981427508927,0.7818301643896169,rolling,sample_prophet_tuned
arima_stf_resid,3,486.3350496251452,9.161566063173293,0.9945117852201388,120960,1.2187299796053723,0.5828494709669867,rolling,sample_prophet_tuned
arima_stf_resid,6,631.566264781192,11.113747729066569,0.9908398407855403,84672,1.5338225155929002,-0.013757046533104278,rolling,sample_prophet_tuned
arima_stf_resid,12,1010.5956384761397,14.977986059935883,0.9815067857148762,12096,2.6679108070473903,-0.8345001803690553,rolling,sample_prophet_tuned
chronos2_extended,1,331.76868930567366,6.801241105869519,0.9972363273296867,145152,0.8257435105082009,0.8003630220579925,rolling,sample_prophet_tuned
chronos2_extended,3,478.11314839842044,8.833793227193274,0.9947160760966428,120960,1.1384201172380792,0.5663121984468378,rolling,sample_prophet_tuned
chronos2_extended,6,676.6530221395004,11.22381816979368,0.9899822172952232,84672,1.5120933183365213,0.1058572061723071,rolling,sample_prophet_tuned
chronos2_extended,12,959.6275481709231,13.772934617292574,0.9861085941275255,12096,2.4454116215635784,-0.587054801908717,rolling,sample_prophet_tuned
chronos2_raw,1,659.5488404798891,8.979637603484186,0.9867694723299935,145152,1.1907425235419855,0.6946271762667887,rolling,sample_prophet_tuned
chronos2_raw,3,898.1087969915261,12.722347854269023,0.9807577759705433,120960,1.8152440800360397,0.4233483343210024,rolling,sample_prophet_tuned
chronos2_raw,6,1301.2998155868604,17.433656717429116,0.9635862668911179,84672,2.618152448752248,-0.27304987347217624,rolling,sample_prophet_tuned
chronos2_raw,12,2804.7095471942234,24.8850968512379,0.8923595906257616,12096,5.103832717905519,-1.6559819348633855,rolling,sample_prophet_tuned
chronos2_stf_resid,1,348.39095712689675,6.933523856821269,0.9970756773851175,145152,0.8543894216688159,0.7706521919352862,rolling,sample_prophet_tuned
chronos2_stf_resid,3,520.0895545219919,9.213237377944447,0.9937365861262833,120960,1.237603464292873,0.5477793283135702,rolling,sample_prophet_tuned
chronos2_stf_resid,6,749.569640239285,11.545699519821177,0.9873563574209813,84672,1.6410007669742017,0.16101590821730383,rolling,sample_prophet_tuned
chronos2_stf_resid,12,1576.3157126817541,18.36356223873259,0.9594959141733921,12096,3.505064517771036,-0.8484785376594284,rolling,sample_prophet_tuned
ens_stf9,1,319.4523755073558,6.62379426073742,0.9974147883704683,145152,0.806522350963516,0.8110369796790019,rolling,sample_prophet_tuned
ens_stf9,3,433.51159372794694,8.363624024708518,0.9956709789390338,120960,1.0861862635233517,0.6619663332962403,rolling,sample_prophet_tuned
ens_stf9,6,462.28157001337337,8.646861274548096,0.995248680231429,84672,1.1570334725461717,0.5208179452927142,rolling,sample_prophet_tuned
ens_stf9,12,523.7703919989357,9.640494710382745,0.9960641454893288,12096,1.481528081314053,0.30844038995667034,rolling,sample_prophet_tuned
ets_raw,1,654.4839118447042,9.16996050108503,0.9859563463278802,145152,1.206449878460677,0.6974832939512094,rolling,sample_prophet_tuned
ets_raw,3,802.7259862160874,12.150329484690761,0.9856182764102062,120960,1.6965979754874658,0.49652229836396167,rolling,sample_prophet_tuned
ets_raw,6,1001.8774455995925,14.26999847083267,0.977810140841541,84672,2.0954543717025818,0.15165948584791256,rolling,sample_prophet_tuned
ets_raw,12,1801.5974494246411,17.50376661933453,0.9528571271087188,12096,3.383098019976316,-0.6057188509348783,rolling,sample_prophet_tuned
ets_stf_resid,1,346.8872471786567,6.981372124126341,0.9970039055767665,145152,0.8584573720288972,0.7775260885073058,rolling,sample_prophet_tuned
ets_stf_resid,3,496.283697333331,9.087931566209457,0.9943906577273394,120960,1.2111056782746779,0.5717905912770114,rolling,sample_prophet_tuned
ets_stf_resid,6,644.0942873760058,10.928925540812566,0.9908314615145619,84672,1.5221101721453942,0.1873727105530958,rolling,sample_prophet_tuned
ets_stf_resid,12,1111.1445342734726,14.567828616100215,0.9804122087229168,12096,2.6870288736093726,-0.40589091446614645,rolling,sample_prophet_tuned
final,1,317.466297180426,6.550457566437711,0.9974469300769362,145152,0.7991221120828698,0.8134364461020005,rolling,sample_prophet_tuned
final,3,429.00705071732204,8.243616482015003,0.9957343618622287,120960,1.0738980227232777,0.6596378528766149,rolling,sample_prophet_tuned
final,6,459.3941534269592,8.588969529726393,0.9952143546742781,84672,1.154277454261253,0.4970221775039647,rolling,sample_prophet_tuned
final,12,476.44102949247923,8.814919089291509,0.9965730341662483,12096,1.3773255799304303,0.2667302943767045,rolling,sample_prophet_tuned
naive,1,675.2611607142857,9.097512773688456,0.9835155956864217,145152,1.2025271398082693,0.6964633183134683,rolling,sample_prophet_tuned
naive,3,838.2550760582011,12.474272176241442,0.9806753113932044,120960,1.7377524649973966,0.47318039361494935,rolling,sample_prophet_tuned
naive,6,1055.0337655895692,15.072333398719062,0.9721977646393688,84672,2.1888056254327517,0.0749861152989334,rolling,sample_prophet_tuned
naive,12,1386.131283068783,15.392486660289482,0.971011265720094,12096,2.9467666858506165,-0.5111652983189732,rolling,sample_prophet_tuned
prophet_default,1,599.4902273978532,9.734341667622672,0.989527471625854,145152,1.2701675525454477,0.6409267264107407,rolling,sample_prophet_tuned
prophet_default,3,626.2089890225872,11.099282670045039,0.9906910558021524,120960,1.4841248942975533,0.518341974073941,rolling,sample_prophet_tuned
prophet_default,6,735.1011799503008,12.809077162462405,0.9877836803780021,84672,1.7281807131838454,0.16393073517705858,rolling,sample_prophet_tuned
prophet_default,12,870.0403825332412,15.853442017795635,0.9861170610066545,12096,2.3357818933310983,-1.434724607181057,rolling,sample_prophet_tuned
prophet_tuned,1,726.728030325366,10.455859926466564,0.973077666264221,145152,1.3299179970526387,0.41933912778378046,rolling,sample_prophet_tuned
prophet_tuned,3,778.3228751011974,11.93979929914557,0.9746117746126076,120960,1.5786226729871982,0.17640642674808849,rolling,sample_prophet_tuned
prophet_tuned,6,909.3934018019188,13.729746679979401,0.9721464856291453,84672,1.861203066778013,-0.09667591129273445,rolling,sample_prophet_tuned
prophet_tuned,12,2478.3741934599507,25.70442054269601,0.9073155639226963,12096,4.210494252135829,-4.078122317208676,rolling,sample_prophet_tuned
snaive,1,1266.0694168871253,17.897557186234742,0.9668739068172788,145152,2.4071372931456114,-0.4350027411776447,rolling,sample_prophet_tuned
snaive,3,1329.2323578042328,17.65575613988264,0.9660360623286008,120960,2.502256921735055,-0.5037089746511729,rolling,sample_prophet_tuned
snaive,6,1312.4928075396826,16.94599811845385,0.9677844181755553,84672,2.506239437902813,-0.5371262177673173,rolling,sample_prophet_tuned
snaive,12,1386.131283068783,15.392486660289482,0.971011265720094,12096,2.9467666858506165,-0.5111652983189732,rolling,sample_prophet_tuned
snaive_growth,1,398.80561230550876,8.596186347093255,0.9959487939607508,145152,1.0148783857387071,0.5404709209299253,rolling,sample_prophet_tuned
snaive_growth,3,506.3660647713577,9.866197378465587,0.9944049149452808,120960,1.2536677227755915,0.41163486781545466,rolling,sample_prophet_tuned
snaive_growth,6,556.6523435640962,10.395745058726181,0.9936158241827037,84672,1.3996318422671474,0.2805401816296834,rolling,sample_prophet_tuned
snaive_growth,12,769.5123469690049,12.59378375404443,0.9920524414892858,12096,2.0535943446463163,0.08312691522719651,rolling,sample_prophet_tuned
stf,1,335.7056741255684,6.805660990199593,0.9971278941507785,145152,0.8371210212346419,0.8045888895424,rolling,sample_prophet_tuned
stf,3,464.93715344802774,8.671087141773407,0.9950630374566126,120960,1.1412801676458666,0.6548918983733549,rolling,sample_prophet_tuned
stf,6,528.0471061127778,9.56005273369838,0.9939255998644843,84672,1.310998106473597,0.48741370809253237,rolling,sample_prophet_tuned
stf,12,772.1461602083984,12.309573936408135,0.9920802902527748,12096,2.040423960781876,0.14413783934616797,rolling,sample_prophet_tuned
theta_raw,1,598.4330085522199,8.915833615434405,0.9885838319585523,145152,1.1600833060349731,0.6939958042066755,rolling,sample_prophet_tuned
theta_raw,3,673.2972627146289,11.829696722435635,0.9891369191796756,120960,1.5999251215877601,0.49837279011472213,rolling,sample_prophet_tuned
theta_raw,6,789.1467043470913,13.538058349586764,0.9854430058753759,84672,1.904877514822093,0.1322969767489175,rolling,sample_prophet_tuned
theta_raw,12,915.344043047313,13.25333045118314,0.9848693481373256,12096,2.097980852200664,-0.7873280885431031,rolling,sample_prophet_tuned
theta_stf_resid,1,341.2536675466314,6.843301622892035,0.997071713760521,145152,0.8415598229406956,0.7932835185153457,rolling,sample_prophet_tuned
theta_stf_resid,3,477.7353050888847,8.872448353095614,0.9946200491884947,120960,1.1651176374192291,0.6167773827413772,rolling,sample_prophet_tuned
theta_stf_resid,6,589.4557294809257,10.30302854666258,0.9922474796284309,84672,1.3962482951845518,0.3351014134540996,rolling,sample_prophet_tuned
theta_stf_resid,12,808.7288163188748,12.195439624193263,0.9901613881546674,12096,2.061041083161008,-0.30415670151603313,rolling,sample_prophet_tuned
timesfm25_extended,1,332.3967189798083,6.675783692710143,0.9972266939047483,145152,0.8225618602456004,0.795133002684371,rolling,sample_prophet_tuned
timesfm25_extended,3,456.4897453936484,8.560103407491692,0.9951301855099192,120960,1.1326822305219868,0.5959322585401432,rolling,sample_prophet_tuned
timesfm25_extended,6,548.2191460250601,10.070402239792694,0.9933484634686452,84672,1.3895371955113753,0.2795894884109479,rolling,sample_prophet_tuned
timesfm25_extended,12,986.9926719999534,14.878221996432405,0.9866104155486277,12096,2.7750127543911205,-0.6130336931479465,rolling,sample_prophet_tuned
timesfm25_raw,1,636.4475035035894,8.753856093623297,0.9881059584039696,145152,1.1617237601244343,0.7044236979230494,rolling,sample_prophet_tuned
timesfm25_raw,3,856.151208731264,11.907990399471844,0.9829419902751966,120960,1.7016069106168414,0.42211268687733683,rolling,sample_prophet_tuned
timesfm25_raw,6,1240.980564202356,15.81642761560694,0.966977493236408,84672,2.3688122004362437,-0.18282544514763588,rolling,sample_prophet_tuned
timesfm25_raw,12,2672.0968015291705,23.512173216383687,0.9009191954313517,12096,4.792275076472327,-1.5260832465661087,rolling,sample_prophet_tuned
timesfm25_stf_resid,1,347.25580691754476,6.948816544762392,0.9970308266260239,145152,0.8562953131976625,0.7607469697595544,rolling,sample_prophet_tuned
timesfm25_stf_resid,3,546.4993856690191,9.35670390292327,0.9931228496071034,120960,1.2659593148538062,0.5028213783645339,rolling,sample_prophet_tuned
timesfm25_stf_resid,6,777.02503402065,11.556419643333216,0.986770089909109,84672,1.6595693398119271,0.12238055208748932,rolling,sample_prophet_tuned
timesfm25_stf_resid,12,1532.438318066704,16.690419270572118,0.9623289415856463,12096,3.2301255882960977,-0.619984962348566,rolling,sample_prophet_tuned
arima_raw,1,1463.4091386309394,11.60445910149146,0.9680566910381329,12096,1.9647160025458652,0.5156907378035842,holdout,all
arima_raw,3,1668.7672423712809,15.381772987296399,0.961956525106179,12096,2.548511271712593,-9.056236452331667e-05,holdout,all
arima_raw,6,1683.991669421668,17.421525995177866,0.9594998935146303,12096,2.8764994186629798,-0.6972267390042455,holdout,all
arima_raw,12,2149.8613491586766,21.277352431889106,0.9300687404293005,12096,4.147799954012154,-1.923774393507915,holdout,all
arima_stf_resid,1,291.74059916202134,5.242418844316349,0.9985873529569226,12096,0.7136971377479318,0.7823194842838309,holdout,all
arima_stf_resid,3,425.4407274260739,7.358916150363652,0.9971009299352694,12096,1.0420375585743518,0.6362966682466711,holdout,all
arima_stf_resid,6,684.0270686153297,10.247173917583172,0.9931391339492059,12096,1.5323172392757447,0.27395177390903347,holdout,all
arima_stf_resid,12,1010.5956384761397,14.977986059935883,0.9815067857148762,12096,2.6679108070473903,-0.8345001803690553,holdout,all
chronos2_extended,1,317.89213597060876,5.703975791570386,0.9984232447381494,12096,0.7778184424407806,0.7707444715745382,holdout,all
chronos2_extended,3,368.41581798692016,6.641191739229815,0.9978378433581984,12096,0.9071941528656703,0.7070129832346457,holdout,all
chronos2_extended,6,569.4721608333551,8.21085530609114,0.994707625963371,12096,1.1790634968555902,0.42948508873588853,holdout,all
chronos2_extended,12,959.6275481709231,13.772934617292574,0.9861085941275255,12096,2.4454116215635784,-0.587054801908717,holdout,all
chronos2_raw,1,1655.4783735861854,12.642711381135626,0.9597463739622467,12096,2.1852948293307657,0.45197518110464874,holdout,all
chronos2_raw,3,1989.7230480581363,16.816850501916996,0.9461311092415347,12096,2.8640828578257986,-0.15469126913766074,holdout,all
chronos2_raw,6,2214.9012253489445,20.911267850199245,0.9355384993582914,12096,3.5386159102997223,-1.1745621535364226,holdout,all
chronos2_raw,12,2804.7095471942234,24.8850968512379,0.8923595906257616,12096,5.103832717905519,-1.6559819348633855,holdout,all
chronos2_stf_resid,1,303.408074924643,5.178278289134097,0.9984378576274905,12096,0.713666067884638,0.7776613197774087,holdout,all
chronos2_stf_resid,3,430.3497317038081,6.891361416224977,0.9968982307038239,12096,0.9924601317054689,0.6597315471923134,holdout,all
chronos2_stf_resid,6,675.6135123995066,9.243635669270505,0.9918008076804555,12096,1.3928447685938485,0.3023022553415845,holdout,all
chronos2_stf_resid,12,1576.3157126817541,18.36356223873259,0.9594959141733921,12096,3.505064517771036,-0.8484785376594284,holdout,all
ens_stf9,1,284.75854084070744,5.244304624915309,0.9986481837085167,12096,0.6960857333861632,0.8215854918598471,holdout,all
ens_stf9,3,398.893581664671,7.177089801643216,0.9975196269150239,12096,0.9695818693476905,0.6952372330813718,holdout,all
ens_stf9,6,556.2272220045447,8.654960694322824,0.9958740251405886,12096,1.2148828134295,0.5477954900102089,holdout,all
ens_stf9,12,523.7703919989357,9.640494710382745,0.9960641454893288,12096,1.481528081314053,0.30844038995667034,holdout,all
ets_raw,1,1447.8417923636832,11.491779580049934,0.9681787405031108,12096,1.9408797219560334,0.48176370387087697,holdout,all
ets_raw,3,1432.3145236281875,14.120316321317677,0.9708941486462983,12096,2.2402712671693066,-0.011257189777699628,holdout,all
ets_raw,6,1484.2775587040842,16.467025534089572,0.9689347910289899,12096,2.603689979368174,-0.46444864966157806,holdout,all
ets_raw,12,1801.5974494246411,17.50376661933453,0.9528571271087188,12096,3.383098019976316,-0.6057188509348783,holdout,all
ets_stf_resid,1,294.5230818014315,5.293840896446122,0.9985159972612604,12096,0.7152586808204221,0.7886986573821732,holdout,all
ets_stf_resid,3,438.4174222863241,7.350704135360102,0.9970693672704534,12096,1.0458379766670716,0.6551290348142598,holdout,all
ets_stf_resid,6,649.693596574107,9.579320160729209,0.9937935598877977,12096,1.4266787869807946,0.17093949431828215,holdout,all
ets_stf_resid,12,1111.1445342734726,14.567828616100215,0.9804122087229168,12096,2.6870288736093726,-0.40589091446614645,holdout,all
final,1,281.9852474502131,5.151983549084608,0.9986935517394457,12096,0.6878888286671001,0.8224950793380332,holdout,all
final,3,384.5028398142525,6.917962897270716,0.997711627926672,12096,0.940272042026836,0.7121126724918276,holdout,all
final,6,504.35298879596957,8.023286280538509,0.9964987157646547,12096,1.124479538188439,0.5902294000149702,holdout,all
final,12,476.44102949247923,8.814919089291509,0.9965730341662483,12096,1.3773255799304303,0.2667302943767045,holdout,all
naive,1,1632.6276455026455,12.14317738885503,0.9595575888281889,12096,2.0919708762808416,0.4833353075780231,holdout,all
naive,3,2135.247023809524,17.32719225295185,0.9351709181883954,12096,2.8914320975902377,-0.25366058026222893,holdout,all
naive,6,1782.936259920635,18.40520029670231,0.9535484304055379,12096,2.914305658511918,-0.8204130231966644,holdout,all
naive,12,1386.131283068783,15.392486660289482,0.971011265720094,12096,2.9467666858506165,-0.5111652983189732,holdout,all
prophet_default,1,1360.2632472651715,12.424165781077914,0.9734153422650507,12096,1.9919608719078545,0.3301830767938644,holdout,all
prophet_default,3,1299.7450519506522,13.588459835789457,0.9760688368567754,12096,2.12111529355653,0.1170951020450055,holdout,all
prophet_default,6,1209.8312365996187,12.842251689784709,0.9777184214470147,12096,1.9778911379896227,0.010488096665812519,holdout,all
prophet_default,12,870.0403825332412,15.853442017795635,0.9861170610066545,12096,2.3357818933310983,-1.434724607181057,holdout,all
prophet_tuned,1,1136.7661024059184,9.973673909404152,0.9788115252979032,12096,1.6013802721196884,0.4703136356223563,holdout,all
prophet_tuned,3,892.874289779178,9.536525324849563,0.9856257675508912,12096,1.4144329219754392,0.31007606715731995,holdout,all
prophet_tuned,6,890.5126189601242,10.635705931015089,0.9855770314852359,12096,1.5332539306908228,0.09095631174656071,holdout,all
prophet_tuned,12,2478.3741934599507,25.70442054269601,0.9073155639226963,12096,4.210494252135829,-4.078122317208676,holdout,all
snaive,1,1386.131283068783,15.392486660289482,0.971011265720094,12096,2.535998644701129,-0.5111652983189732,holdout,all
snaive,3,1386.131283068783,15.392486660289482,0.971011265720094,12096,2.5524435031047013,-0.5111652983189732,holdout,all
snaive,6,1386.131283068783,15.392486660289482,0.971011265720094,12096,2.5350031700266147,-0.5111652983189732,holdout,all
snaive,12,1386.131283068783,15.392486660289482,0.971011265720094,12096,2.9467666858506165,-0.5111652983189732,holdout,all
snaive_growth,1,350.5495133515258,7.08077745518186,0.9979770736103821,12096,0.9157355484011546,0.5230580686717132,holdout,all
snaive_growth,3,468.48442983374593,8.591689205628795,0.996713923387196,12096,1.1601512286582483,0.42781960179473566,holdout,all
snaive_growth,6,727.8765773192612,11.358570641265946,0.993127635025731,12096,1.5986455785283533,0.2408599441149113,holdout,all
snaive_growth,12,769.5123469690049,12.59378375404443,0.9920524414892858,12096,2.0535943446463163,0.08312691522719651,holdout,all
stf,1,286.7368435329864,5.378878494436813,0.9986344751670125,12096,0.7158449863661359,0.8131812622107895,holdout,all
stf,3,426.96538576613364,7.499965530090091,0.9972211845728677,12096,1.030727641216785,0.6744380678787321,holdout,all
stf,6,686.6248380601778,10.096544669084317,0.9940390493661478,12096,1.4562215022992393,0.44530898867061974,holdout,all
stf,12,772.1461602083984,12.309573936408135,0.9920802902527748,12096,2.040423960781876,0.14413783934616797,holdout,all
theta_raw,1,1410.2767887477155,11.232264309120229,0.9702317429717185,12096,1.888692769281072,0.4965239142428727,holdout,all
theta_raw,3,1369.156878691945,13.790161115079712,0.9731200939428755,12096,2.135136880548053,0.058144018759752614,holdout,all
theta_raw,6,1321.3935190592647,15.016666662545077,0.9741926178510996,12096,2.3109829942833953,-0.38257070202745047,holdout,all
theta_raw,12,915.344043047313,13.25333045118314,0.9848693481373256,12096,2.097980852200664,-0.7873280885431031,holdout,all
theta_stf_resid,1,270.41591269775984,5.005332209303001,0.9987450586174113,12096,0.6737376243858265,0.8154231466004449,holdout,all
theta_stf_resid,3,388.5645981961038,6.741486705972558,0.9976069420828207,12096,0.9328423805930226,0.6951495725993158,holdout,all
theta_stf_resid,6,501.2022650027785,8.26353782291328,0.9960262669841022,12096,1.1586537909563985,0.4157027649876911,holdout,all
theta_stf_resid,12,808.7288163188748,12.195439624193263,0.9901613881546674,12096,2.061041083161008,-0.30415670151603313,holdout,all
timesfm25_extended,1,311.33760740227376,5.282412366533306,0.9984677352517322,12096,0.7366767204439167,0.7913332910767588,holdout,all
timesfm25_extended,3,379.55565561467927,6.510187102656488,0.997647056885269,12096,0.9190048149466112,0.7110041564359166,holdout,all
timesfm25_extended,6,489.53574111291675,7.763516797920761,0.996125773134793,12096,1.1196754650997731,0.493084706993423,holdout,all
timesfm25_extended,12,986.9926719999534,14.878221996432405,0.9866104155486277,12096,2.7750127543911205,-0.6130336931479465,holdout,all
timesfm25_raw,1,1458.2766149930221,11.239328015653534,0.9681189556732088,12096,1.9414830191179155,0.5360589146293488,holdout,all
timesfm25_raw,3,1723.4827570927837,14.94987971336064,0.9586956072630465,12096,2.5543638207544825,0.010757664019571567,holdout,all
timesfm25_raw,6,1999.925921856411,17.65827737349605,0.943615774390659,12096,2.980177920036923,-0.5639412691284071,holdout,all
timesfm25_raw,12,2672.0968015291705,23.512173216383687,0.9009191954313517,12096,4.792275076472327,-1.5260832465661087,holdout,all
timesfm25_stf_resid,1,292.2638751916529,5.147238574010222,0.9985561206702891,12096,0.7109060313908782,0.7870996641416339,holdout,all
timesfm25_stf_resid,3,427.40900425813436,6.759180904417105,0.9968326035246436,12096,0.9780230106201788,0.6725095305877358,holdout,all
timesfm25_stf_resid,6,691.9496184468063,9.236237140022157,0.9915299881198408,12096,1.3998472179917831,0.30828745274371383,holdout,all
timesfm25_stf_resid,12,1532.438318066704,16.690419270572118,0.9623289415856463,12096,3.2301255882960977,-0.619984962348566,holdout,all
arima_raw,1,1463.4091386309394,11.60445910149146,0.9680566910381329,12096,1.9647160025458652,0.5156907378035842,holdout,sample_prophet_default
arima_raw,3,1668.7672423712809,15.381772987296399,0.961956525106179,12096,2.548511271712593,-9.056236452331667e-05,holdout,sample_prophet_default
arima_raw,6,1683.991669421668,17.421525995177866,0.9594998935146303,12096,2.8764994186629798,-0.6972267390042455,holdout,sample_prophet_default
arima_raw,12,2149.8613491586766,21.277352431889106,0.9300687404293005,12096,4.147799954012154,-1.923774393507915,holdout,sample_prophet_default
arima_stf_resid,1,291.74059916202134,5.242418844316349,0.9985873529569226,12096,0.7136971377479318,0.7823194842838309,holdout,sample_prophet_default
arima_stf_resid,3,425.4407274260739,7.358916150363652,0.9971009299352694,12096,1.0420375585743518,0.6362966682466711,holdout,sample_prophet_default
arima_stf_resid,6,684.0270686153297,10.247173917583172,0.9931391339492059,12096,1.5323172392757447,0.27395177390903347,holdout,sample_prophet_default
arima_stf_resid,12,1010.5956384761397,14.977986059935883,0.9815067857148762,12096,2.6679108070473903,-0.8345001803690553,holdout,sample_prophet_default
chronos2_extended,1,317.89213597060876,5.703975791570386,0.9984232447381494,12096,0.7778184424407806,0.7707444715745382,holdout,sample_prophet_default
chronos2_extended,3,368.41581798692016,6.641191739229815,0.9978378433581984,12096,0.9071941528656703,0.7070129832346457,holdout,sample_prophet_default
chronos2_extended,6,569.4721608333551,8.21085530609114,0.994707625963371,12096,1.1790634968555902,0.42948508873588853,holdout,sample_prophet_default
chronos2_extended,12,959.6275481709231,13.772934617292574,0.9861085941275255,12096,2.4454116215635784,-0.587054801908717,holdout,sample_prophet_default
chronos2_raw,1,1655.4783735861854,12.642711381135626,0.9597463739622467,12096,2.1852948293307657,0.45197518110464874,holdout,sample_prophet_default
chronos2_raw,3,1989.7230480581363,16.816850501916996,0.9461311092415347,12096,2.8640828578257986,-0.15469126913766074,holdout,sample_prophet_default
chronos2_raw,6,2214.9012253489445,20.911267850199245,0.9355384993582914,12096,3.5386159102997223,-1.1745621535364226,holdout,sample_prophet_default
chronos2_raw,12,2804.7095471942234,24.8850968512379,0.8923595906257616,12096,5.103832717905519,-1.6559819348633855,holdout,sample_prophet_default
chronos2_stf_resid,1,303.408074924643,5.178278289134097,0.9984378576274905,12096,0.713666067884638,0.7776613197774087,holdout,sample_prophet_default
chronos2_stf_resid,3,430.3497317038081,6.891361416224977,0.9968982307038239,12096,0.9924601317054689,0.6597315471923134,holdout,sample_prophet_default
chronos2_stf_resid,6,675.6135123995066,9.243635669270505,0.9918008076804555,12096,1.3928447685938485,0.3023022553415845,holdout,sample_prophet_default
chronos2_stf_resid,12,1576.3157126817541,18.36356223873259,0.9594959141733921,12096,3.505064517771036,-0.8484785376594284,holdout,sample_prophet_default
ens_stf9,1,284.75854084070744,5.244304624915309,0.9986481837085167,12096,0.6960857333861632,0.8215854918598471,holdout,sample_prophet_default
ens_stf9,3,398.893581664671,7.177089801643216,0.9975196269150239,12096,0.9695818693476905,0.6952372330813718,holdout,sample_prophet_default
ens_stf9,6,556.2272220045447,8.654960694322824,0.9958740251405886,12096,1.2148828134295,0.5477954900102089,holdout,sample_prophet_default
ens_stf9,12,523.7703919989357,9.640494710382745,0.9960641454893288,12096,1.481528081314053,0.30844038995667034,holdout,sample_prophet_default
ets_raw,1,1447.8417923636832,11.491779580049934,0.9681787405031108,12096,1.9408797219560334,0.48176370387087697,holdout,sample_prophet_default
ets_raw,3,1432.3145236281875,14.120316321317677,0.9708941486462983,12096,2.2402712671693066,-0.011257189777699628,holdout,sample_prophet_default
ets_raw,6,1484.2775587040842,16.467025534089572,0.9689347910289899,12096,2.603689979368174,-0.46444864966157806,holdout,sample_prophet_default
ets_raw,12,1801.5974494246411,17.50376661933453,0.9528571271087188,12096,3.383098019976316,-0.6057188509348783,holdout,sample_prophet_default
ets_stf_resid,1,294.5230818014315,5.293840896446122,0.9985159972612604,12096,0.7152586808204221,0.7886986573821732,holdout,sample_prophet_default
ets_stf_resid,3,438.4174222863241,7.350704135360102,0.9970693672704534,12096,1.0458379766670716,0.6551290348142598,holdout,sample_prophet_default
ets_stf_resid,6,649.693596574107,9.579320160729209,0.9937935598877977,12096,1.4266787869807946,0.17093949431828215,holdout,sample_prophet_default
ets_stf_resid,12,1111.1445342734726,14.567828616100215,0.9804122087229168,12096,2.6870288736093726,-0.40589091446614645,holdout,sample_prophet_default
final,1,281.9852474502131,5.151983549084608,0.9986935517394457,12096,0.6878888286671001,0.8224950793380332,holdout,sample_prophet_default
final,3,384.5028398142525,6.917962897270716,0.997711627926672,12096,0.940272042026836,0.7121126724918276,holdout,sample_prophet_default
final,6,504.35298879596957,8.023286280538509,0.9964987157646547,12096,1.124479538188439,0.5902294000149702,holdout,sample_prophet_default
final,12,476.44102949247923,8.814919089291509,0.9965730341662483,12096,1.3773255799304303,0.2667302943767045,holdout,sample_prophet_default
naive,1,1632.6276455026455,12.14317738885503,0.9595575888281889,12096,2.0919708762808416,0.4833353075780231,holdout,sample_prophet_default
naive,3,2135.247023809524,17.32719225295185,0.9351709181883954,12096,2.8914320975902377,-0.25366058026222893,holdout,sample_prophet_default
naive,6,1782.936259920635,18.40520029670231,0.9535484304055379,12096,2.914305658511918,-0.8204130231966644,holdout,sample_prophet_default
naive,12,1386.131283068783,15.392486660289482,0.971011265720094,12096,2.9467666858506165,-0.5111652983189732,holdout,sample_prophet_default
prophet_default,1,1360.2632472651715,12.424165781077914,0.9734153422650507,12096,1.9919608719078545,0.3301830767938644,holdout,sample_prophet_default
prophet_default,3,1299.7450519506522,13.588459835789457,0.9760688368567754,12096,2.12111529355653,0.1170951020450055,holdout,sample_prophet_default
prophet_default,6,1209.8312365996187,12.842251689784709,0.9777184214470147,12096,1.9778911379896227,0.010488096665812519,holdout,sample_prophet_default
prophet_default,12,870.0403825332412,15.853442017795635,0.9861170610066545,12096,2.3357818933310983,-1.434724607181057,holdout,sample_prophet_default
prophet_tuned,1,1136.7661024059184,9.973673909404152,0.9788115252979032,12096,1.6013802721196884,0.4703136356223563,holdout,sample_prophet_default
prophet_tuned,3,892.874289779178,9.536525324849563,0.9856257675508912,12096,1.4144329219754392,0.31007606715731995,holdout,sample_prophet_default
prophet_tuned,6,890.5126189601242,10.635705931015089,0.9855770314852359,12096,1.5332539306908228,0.09095631174656071,holdout,sample_prophet_default
prophet_tuned,12,2478.3741934599507,25.70442054269601,0.9073155639226963,12096,4.210494252135829,-4.078122317208676,holdout,sample_prophet_default
snaive,1,1386.131283068783,15.392486660289482,0.971011265720094,12096,2.535998644701129,-0.5111652983189732,holdout,sample_prophet_default
snaive,3,1386.131283068783,15.392486660289482,0.971011265720094,12096,2.5524435031047013,-0.5111652983189732,holdout,sample_prophet_default
snaive,6,1386.131283068783,15.392486660289482,0.971011265720094,12096,2.5350031700266147,-0.5111652983189732,holdout,sample_prophet_default
snaive,12,1386.131283068783,15.392486660289482,0.971011265720094,12096,2.9467666858506165,-0.5111652983189732,holdout,sample_prophet_default
snaive_growth,1,350.5495133515258,7.08077745518186,0.9979770736103821,12096,0.9157355484011546,0.5230580686717132,holdout,sample_prophet_default
snaive_growth,3,468.48442983374593,8.591689205628795,0.996713923387196,12096,1.1601512286582483,0.42781960179473566,holdout,sample_prophet_default
snaive_growth,6,727.8765773192612,11.358570641265946,0.993127635025731,12096,1.5986455785283533,0.2408599441149113,holdout,sample_prophet_default
snaive_growth,12,769.5123469690049,12.59378375404443,0.9920524414892858,12096,2.0535943446463163,0.08312691522719651,holdout,sample_prophet_default
stf,1,286.7368435329864,5.378878494436813,0.9986344751670125,12096,0.7158449863661359,0.8131812622107895,holdout,sample_prophet_default
stf,3,426.96538576613364,7.499965530090091,0.9972211845728677,12096,1.030727641216785,0.6744380678787321,holdout,sample_prophet_default
stf,6,686.6248380601778,10.096544669084317,0.9940390493661478,12096,1.4562215022992393,0.44530898867061974,holdout,sample_prophet_default
stf,12,772.1461602083984,12.309573936408135,0.9920802902527748,12096,2.040423960781876,0.14413783934616797,holdout,sample_prophet_default
theta_raw,1,1410.2767887477155,11.232264309120229,0.9702317429717185,12096,1.888692769281072,0.4965239142428727,holdout,sample_prophet_default
theta_raw,3,1369.156878691945,13.790161115079712,0.9731200939428755,12096,2.135136880548053,0.058144018759752614,holdout,sample_prophet_default
theta_raw,6,1321.3935190592647,15.016666662545077,0.9741926178510996,12096,2.3109829942833953,-0.38257070202745047,holdout,sample_prophet_default
theta_raw,12,915.344043047313,13.25333045118314,0.9848693481373256,12096,2.097980852200664,-0.7873280885431031,holdout,sample_prophet_default
theta_stf_resid,1,270.41591269775984,5.005332209303001,0.9987450586174113,12096,0.6737376243858265,0.8154231466004449,holdout,sample_prophet_default
theta_stf_resid,3,388.5645981961038,6.741486705972558,0.9976069420828207,12096,0.9328423805930226,0.6951495725993158,holdout,sample_prophet_default
theta_stf_resid,6,501.2022650027785,8.26353782291328,0.9960262669841022,12096,1.1586537909563985,0.4157027649876911,holdout,sample_prophet_default
theta_stf_resid,12,808.7288163188748,12.195439624193263,0.9901613881546674,12096,2.061041083161008,-0.30415670151603313,holdout,sample_prophet_default
timesfm25_extended,1,311.33760740227376,5.282412366533306,0.9984677352517322,12096,0.7366767204439167,0.7913332910767588,holdout,sample_prophet_default
timesfm25_extended,3,379.55565561467927,6.510187102656488,0.997647056885269,12096,0.9190048149466112,0.7110041564359166,holdout,sample_prophet_default
timesfm25_extended,6,489.53574111291675,7.763516797920761,0.996125773134793,12096,1.1196754650997731,0.493084706993423,holdout,sample_prophet_default
timesfm25_extended,12,986.9926719999534,14.878221996432405,0.9866104155486277,12096,2.7750127543911205,-0.6130336931479465,holdout,sample_prophet_default
timesfm25_raw,1,1458.2766149930221,11.239328015653534,0.9681189556732088,12096,1.9414830191179155,0.5360589146293488,holdout,sample_prophet_default
timesfm25_raw,3,1723.4827570927837,14.94987971336064,0.9586956072630465,12096,2.5543638207544825,0.010757664019571567,holdout,sample_prophet_default
timesfm25_raw,6,1999.925921856411,17.65827737349605,0.943615774390659,12096,2.980177920036923,-0.5639412691284071,holdout,sample_prophet_default
timesfm25_raw,12,2672.0968015291705,23.512173216383687,0.9009191954313517,12096,4.792275076472327,-1.5260832465661087,holdout,sample_prophet_default
timesfm25_stf_resid,1,292.2638751916529,5.147238574010222,0.9985561206702891,12096,0.7109060313908782,0.7870996641416339,holdout,sample_prophet_default
timesfm25_stf_resid,3,427.40900425813436,6.759180904417105,0.9968326035246436,12096,0.9780230106201788,0.6725095305877358,holdout,sample_prophet_default
timesfm25_stf_resid,6,691.9496184468063,9.236237140022157,0.9915299881198408,12096,1.3998472179917831,0.30828745274371383,holdout,sample_prophet_default
timesfm25_stf_resid,12,1532.438318066704,16.690419270572118,0.9623289415856463,12096,3.2301255882960977,-0.619984962348566,holdout,sample_prophet_default
arima_raw,1,1463.4091386309394,11.60445910149146,0.9680566910381329,12096,1.9647160025458652,0.5156907378035842,holdout,sample_prophet_tuned
arima_raw,3,1668.7672423712809,15.381772987296399,0.961956525106179,12096,2.548511271712593,-9.056236452331667e-05,holdout,sample_prophet_tuned
arima_raw,6,1683.991669421668,17.421525995177866,0.9594998935146303,12096,2.8764994186629798,-0.6972267390042455,holdout,sample_prophet_tuned
arima_raw,12,2149.8613491586766,21.277352431889106,0.9300687404293005,12096,4.147799954012154,-1.923774393507915,holdout,sample_prophet_tuned
arima_stf_resid,1,291.74059916202134,5.242418844316349,0.9985873529569226,12096,0.7136971377479318,0.7823194842838309,holdout,sample_prophet_tuned
arima_stf_resid,3,425.4407274260739,7.358916150363652,0.9971009299352694,12096,1.0420375585743518,0.6362966682466711,holdout,sample_prophet_tuned
arima_stf_resid,6,684.0270686153297,10.247173917583172,0.9931391339492059,12096,1.5323172392757447,0.27395177390903347,holdout,sample_prophet_tuned
arima_stf_resid,12,1010.5956384761397,14.977986059935883,0.9815067857148762,12096,2.6679108070473903,-0.8345001803690553,holdout,sample_prophet_tuned
chronos2_extended,1,317.89213597060876,5.703975791570386,0.9984232447381494,12096,0.7778184424407806,0.7707444715745382,holdout,sample_prophet_tuned
chronos2_extended,3,368.41581798692016,6.641191739229815,0.9978378433581984,12096,0.9071941528656703,0.7070129832346457,holdout,sample_prophet_tuned
chronos2_extended,6,569.4721608333551,8.21085530609114,0.994707625963371,12096,1.1790634968555902,0.42948508873588853,holdout,sample_prophet_tuned
chronos2_extended,12,959.6275481709231,13.772934617292574,0.9861085941275255,12096,2.4454116215635784,-0.587054801908717,holdout,sample_prophet_tuned
chronos2_raw,1,1655.4783735861854,12.642711381135626,0.9597463739622467,12096,2.1852948293307657,0.45197518110464874,holdout,sample_prophet_tuned
chronos2_raw,3,1989.7230480581363,16.816850501916996,0.9461311092415347,12096,2.8640828578257986,-0.15469126913766074,holdout,sample_prophet_tuned
chronos2_raw,6,2214.9012253489445,20.911267850199245,0.9355384993582914,12096,3.5386159102997223,-1.1745621535364226,holdout,sample_prophet_tuned
chronos2_raw,12,2804.7095471942234,24.8850968512379,0.8923595906257616,12096,5.103832717905519,-1.6559819348633855,holdout,sample_prophet_tuned
chronos2_stf_resid,1,303.408074924643,5.178278289134097,0.9984378576274905,12096,0.713666067884638,0.7776613197774087,holdout,sample_prophet_tuned
chronos2_stf_resid,3,430.3497317038081,6.891361416224977,0.9968982307038239,12096,0.9924601317054689,0.6597315471923134,holdout,sample_prophet_tuned
chronos2_stf_resid,6,675.6135123995066,9.243635669270505,0.9918008076804555,12096,1.3928447685938485,0.3023022553415845,holdout,sample_prophet_tuned
chronos2_stf_resid,12,1576.3157126817541,18.36356223873259,0.9594959141733921,12096,3.505064517771036,-0.8484785376594284,holdout,sample_prophet_tuned
ens_stf9,1,284.75854084070744,5.244304624915309,0.9986481837085167,12096,0.6960857333861632,0.8215854918598471,holdout,sample_prophet_tuned
ens_stf9,3,398.893581664671,7.177089801643216,0.9975196269150239,12096,0.9695818693476905,0.6952372330813718,holdout,sample_prophet_tuned
ens_stf9,6,556.2272220045447,8.654960694322824,0.9958740251405886,12096,1.2148828134295,0.5477954900102089,holdout,sample_prophet_tuned
ens_stf9,12,523.7703919989357,9.640494710382745,0.9960641454893288,12096,1.481528081314053,0.30844038995667034,holdout,sample_prophet_tuned
ets_raw,1,1447.8417923636832,11.491779580049934,0.9681787405031108,12096,1.9408797219560334,0.48176370387087697,holdout,sample_prophet_tuned
ets_raw,3,1432.3145236281875,14.120316321317677,0.9708941486462983,12096,2.2402712671693066,-0.011257189777699628,holdout,sample_prophet_tuned
ets_raw,6,1484.2775587040842,16.467025534089572,0.9689347910289899,12096,2.603689979368174,-0.46444864966157806,holdout,sample_prophet_tuned
ets_raw,12,1801.5974494246411,17.50376661933453,0.9528571271087188,12096,3.383098019976316,-0.6057188509348783,holdout,sample_prophet_tuned
ets_stf_resid,1,294.5230818014315,5.293840896446122,0.9985159972612604,12096,0.7152586808204221,0.7886986573821732,holdout,sample_prophet_tuned
ets_stf_resid,3,438.4174222863241,7.350704135360102,0.9970693672704534,12096,1.0458379766670716,0.6551290348142598,holdout,sample_prophet_tuned
ets_stf_resid,6,649.693596574107,9.579320160729209,0.9937935598877977,12096,1.4266787869807946,0.17093949431828215,holdout,sample_prophet_tuned
ets_stf_resid,12,1111.1445342734726,14.567828616100215,0.9804122087229168,12096,2.6870288736093726,-0.40589091446614645,holdout,sample_prophet_tuned
final,1,281.9852474502131,5.151983549084608,0.9986935517394457,12096,0.6878888286671001,0.8224950793380332,holdout,sample_prophet_tuned
final,3,384.5028398142525,6.917962897270716,0.997711627926672,12096,0.940272042026836,0.7121126724918276,holdout,sample_prophet_tuned
final,6,504.35298879596957,8.023286280538509,0.9964987157646547,12096,1.124479538188439,0.5902294000149702,holdout,sample_prophet_tuned
final,12,476.44102949247923,8.814919089291509,0.9965730341662483,12096,1.3773255799304303,0.2667302943767045,holdout,sample_prophet_tuned
naive,1,1632.6276455026455,12.14317738885503,0.9595575888281889,12096,2.0919708762808416,0.4833353075780231,holdout,sample_prophet_tuned
naive,3,2135.247023809524,17.32719225295185,0.9351709181883954,12096,2.8914320975902377,-0.25366058026222893,holdout,sample_prophet_tuned
naive,6,1782.936259920635,18.40520029670231,0.9535484304055379,12096,2.914305658511918,-0.8204130231966644,holdout,sample_prophet_tuned
naive,12,1386.131283068783,15.392486660289482,0.971011265720094,12096,2.9467666858506165,-0.5111652983189732,holdout,sample_prophet_tuned
prophet_default,1,1360.2632472651715,12.424165781077914,0.9734153422650507,12096,1.9919608719078545,0.3301830767938644,holdout,sample_prophet_tuned
prophet_default,3,1299.7450519506522,13.588459835789457,0.9760688368567754,12096,2.12111529355653,0.1170951020450055,holdout,sample_prophet_tuned
prophet_default,6,1209.8312365996187,12.842251689784709,0.9777184214470147,12096,1.9778911379896227,0.010488096665812519,holdout,sample_prophet_tuned
prophet_default,12,870.0403825332412,15.853442017795635,0.9861170610066545,12096,2.3357818933310983,-1.434724607181057,holdout,sample_prophet_tuned
prophet_tuned,1,1136.7661024059184,9.973673909404152,0.9788115252979032,12096,1.6013802721196884,0.4703136356223563,holdout,sample_prophet_tuned
prophet_tuned,3,892.874289779178,9.536525324849563,0.9856257675508912,12096,1.4144329219754392,0.31007606715731995,holdout,sample_prophet_tuned
prophet_tuned,6,890.5126189601242,10.635705931015089,0.9855770314852359,12096,1.5332539306908228,0.09095631174656071,holdout,sample_prophet_tuned
prophet_tuned,12,2478.3741934599507,25.70442054269601,0.9073155639226963,12096,4.210494252135829,-4.078122317208676,holdout,sample_prophet_tuned
snaive,1,1386.131283068783,15.392486660289482,0.971011265720094,12096,2.535998644701129,-0.5111652983189732,holdout,sample_prophet_tuned
snaive,3,1386.131283068783,15.392486660289482,0.971011265720094,12096,2.5524435031047013,-0.5111652983189732,holdout,sample_prophet_tuned
snaive,6,1386.131283068783,15.392486660289482,0.971011265720094,12096,2.5350031700266147,-0.5111652983189732,holdout,sample_prophet_tuned
snaive,12,1386.131283068783,15.392486660289482,0.971011265720094,12096,2.9467666858506165,-0.5111652983189732,holdout,sample_prophet_tuned
snaive_growth,1,350.5495133515258,7.08077745518186,0.9979770736103821,12096,0.9157355484011546,0.5230580686717132,holdout,sample_prophet_tuned
snaive_growth,3,468.48442983374593,8.591689205628795,0.996713923387196,12096,1.1601512286582483,0.42781960179473566,holdout,sample_prophet_tuned
snaive_growth,6,727.8765773192612,11.358570641265946,0.993127635025731,12096,1.5986455785283533,0.2408599441149113,holdout,sample_prophet_tuned
snaive_growth,12,769.5123469690049,12.59378375404443,0.9920524414892858,12096,2.0535943446463163,0.08312691522719651,holdout,sample_prophet_tuned
stf,1,286.7368435329864,5.378878494436813,0.9986344751670125,12096,0.7158449863661359,0.8131812622107895,holdout,sample_prophet_tuned
stf,3,426.96538576613364,7.499965530090091,0.9972211845728677,12096,1.030727641216785,0.6744380678787321,holdout,sample_prophet_tuned
stf,6,686.6248380601778,10.096544669084317,0.9940390493661478,12096,1.4562215022992393,0.44530898867061974,holdout,sample_prophet_tuned
stf,12,772.1461602083984,12.309573936408135,0.9920802902527748,12096,2.040423960781876,0.14413783934616797,holdout,sample_prophet_tuned
theta_raw,1,1410.2767887477155,11.232264309120229,0.9702317429717185,12096,1.888692769281072,0.4965239142428727,holdout,sample_prophet_tuned
theta_raw,3,1369.156878691945,13.790161115079712,0.9731200939428755,12096,2.135136880548053,0.058144018759752614,holdout,sample_prophet_tuned
theta_raw,6,1321.3935190592647,15.016666662545077,0.9741926178510996,12096,2.3109829942833953,-0.38257070202745047,holdout,sample_prophet_tuned
theta_raw,12,915.344043047313,13.25333045118314,0.9848693481373256,12096,2.097980852200664,-0.7873280885431031,holdout,sample_prophet_tuned
theta_stf_resid,1,270.41591269775984,5.005332209303001,0.9987450586174113,12096,0.6737376243858265,0.8154231466004449,holdout,sample_prophet_tuned
theta_stf_resid,3,388.5645981961038,6.741486705972558,0.9976069420828207,12096,0.9328423805930226,0.6951495725993158,holdout,sample_prophet_tuned
theta_stf_resid,6,501.2022650027785,8.26353782291328,0.9960262669841022,12096,1.1586537909563985,0.4157027649876911,holdout,sample_prophet_tuned
theta_stf_resid,12,808.7288163188748,12.195439624193263,0.9901613881546674,12096,2.061041083161008,-0.30415670151603313,holdout,sample_prophet_tuned
timesfm25_extended,1,311.33760740227376,5.282412366533306,0.9984677352517322,12096,0.7366767204439167,0.7913332910767588,holdout,sample_prophet_tuned
timesfm25_extended,3,379.55565561467927,6.510187102656488,0.997647056885269,12096,0.9190048149466112,0.7110041564359166,holdout,sample_prophet_tuned
timesfm25_extended,6,489.53574111291675,7.763516797920761,0.996125773134793,12096,1.1196754650997731,0.493084706993423,holdout,sample_prophet_tuned
timesfm25_extended,12,986.9926719999534,14.878221996432405,0.9866104155486277,12096,2.7750127543911205,-0.6130336931479465,holdout,sample_prophet_tuned
timesfm25_raw,1,1458.2766149930221,11.239328015653534,0.9681189556732088,12096,1.9414830191179155,0.5360589146293488,holdout,sample_prophet_tuned
timesfm25_raw,3,1723.4827570927837,14.94987971336064,0.9586956072630465,12096,2.5543638207544825,0.010757664019571567,holdout,sample_prophet_tuned
timesfm25_raw,6,1999.925921856411,17.65827737349605,0.943615774390659,12096,2.980177920036923,-0.5639412691284071,holdout,sample_prophet_tuned
timesfm25_raw,12,2672.0968015291705,23.512173216383687,0.9009191954313517,12096,4.792275076472327,-1.5260832465661087,holdout,sample_prophet_tuned
timesfm25_stf_resid,1,292.2638751916529,5.147238574010222,0.9985561206702891,12096,0.7109060313908782,0.7870996641416339,holdout,sample_prophet_tuned
timesfm25_stf_resid,3,427.40900425813436,6.759180904417105,0.9968326035246436,12096,0.9780230106201788,0.6725095305877358,holdout,sample_prophet_tuned
timesfm25_stf_resid,6,691.9496184468063,9.236237140022157,0.9915299881198408,12096,1.3998472179917831,0.30828745274371383,holdout,sample_prophet_tuned
timesfm25_stf_resid,12,1532.438318066704,16.690419270572118,0.9623289415856463,12096,3.2301255882960977,-0.619984962348566,holdout,sample_prophet_tuned
