model,h,category,MAE,MAPE,r2_level,n,MASE,r2_yoy
arima_raw,1,Все категории,2235.632111056571,7.486611593041112,0.9201127030517511,24192,1.2409242360878034,-1.971001283485224
arima_raw,1,Здоровье,103.84408413523738,7.526703650133457,0.9597261407355427,24192,1.0199231269593416,0.33543064712637327
arima_raw,1,Маркетплейсы,558.1040574462944,12.938603596636847,0.7592330862682989,24192,1.496966142854845,0.4460810044020169
arima_raw,1,Общественное питание,100.309097614949,12.751296089903391,0.9868491053702221,24192,1.1930378058723659,0.5966437528883197
arima_raw,1,Продовольствие,980.2222451840354,7.828123969174381,0.8158200923660615,24192,1.3069950818914875,-2.3195954563866676
arima_raw,1,Транспорт,124.38155497391921,7.687080628977314,0.9711278956596224,24192,1.144225895646547,0.5253334442426707
arima_raw,3,Все категории,2691.6500277803107,8.525395092161705,0.9091415648190838,20160,1.4381257851715563,-3.103211822270377
arima_raw,3,Здоровье,155.2674859289183,10.593213904718148,0.9164596281118306,20160,1.5291936643134265,-0.320815230206728
arima_raw,3,Маркетплейсы,833.376089332204,16.37646846818256,0.5164724864248401,20160,2.219277487974104,0.2959353417547186
arima_raw,3,Общественное питание,199.87146638768428,19.03235000869752,0.9514454245543079,20160,2.2416029914801325,0.02766927084114379
arima_raw,3,Продовольствие,1260.5657788420249,9.86788390877586,0.7682366759728814,20160,1.6268961367495451,-3.145493897015455
arima_raw,3,Транспорт,196.89645094068277,10.76451579360677,0.9271196464635691,20160,1.784147685495369,-0.21905294175585266
arima_raw,6,Все категории,3611.390740813015,10.981516983315379,0.8452950067977854,14112,1.8918333357373538,-6.779331133491747
arima_raw,6,Здоровье,139.35140700422005,9.688722837134945,0.922797222423781,14112,1.358825399375348,-0.3241219562764097
arima_raw,6,Маркетплейсы,1482.5222777493357,28.698739255029203,-0.312313541663507,14112,3.949483817005027,-1.3131571948783431
arima_raw,6,Общественное питание,263.3205925607631,22.503432420925257,0.9118834917908285,14112,2.9993102264601905,-0.7792632612819472
arima_raw,6,Продовольствие,1179.4523374813944,8.941321705188626,0.7857244826183221,14112,1.4937581125307735,-2.9882248292642055
arima_raw,6,Транспорт,259.3005826963667,13.486314174234511,0.8653704901881109,14112,2.3937339398899664,-1.3159113498135704
arima_raw,12,Все категории,6723.307066452326,18.837714524557832,0.6949455962690536,2016,4.4544141557766075,-19.539810737793566
arima_raw,12,Здоровье,219.1313486074624,13.645118294618705,0.8532910138912245,2016,2.2773170211568585,-1.3967152303915302
arima_raw,12,Маркетплейсы,3363.738421357297,47.523486731270026,-4.368765753863927,2016,10.086143507999079,-6.341976895265966
arima_raw,12,Общественное питание,225.16944445294735,20.496112655834523,0.9356509291452019,2016,2.445792984027657,-0.3063475154386115
arima_raw,12,Продовольствие,2122.49016570117,14.640759709935022,0.5563561144996882,2016,3.3090203256865154,-9.64826622795612
arima_raw,12,Транспорт,245.33164838085676,12.520922675118548,0.9015601773838832,2016,2.3141117294262052,-1.127446424774445
arima_stf_resid,1,Все категории,996.0720928397868,3.63546095002217,0.9862263592438192,24192,0.5568050725648817,0.3057691687862555
arima_stf_resid,1,Здоровье,100.929785030396,7.559857917764858,0.9609436150249869,24192,1.0104432634599725,0.29391368367299087
arima_stf_resid,1,Маркетплейсы,370.88494562942344,8.479752723567097,0.9104199424259382,24192,0.9854909077603297,0.7387501884893247
arima_stf_resid,1,Общественное питание,86.73296661387344,11.752607859490316,0.9903153526253013,24192,1.05407812974987,0.6071300355271403
arima_stf_resid,1,Продовольствие,353.97265319836777,2.974788560484856,0.9776236306994388,24192,0.4627430497594872,0.5280913937500663
arima_stf_resid,1,Транспорт,107.55771767536326,7.248538310667205,0.9770660468843804,24192,1.0256284332108145,0.542246050989442
arima_stf_resid,3,Все категории,1410.7378703007303,4.893792383784152,0.9734632584543376,20160,0.762138742508145,-0.6670667078147647
arima_stf_resid,3,Здоровье,125.59053388322265,9.000336156729144,0.9421782885119021,20160,1.2527350875917884,-0.07082233830393836
arima_stf_resid,3,Маркетплейсы,599.1719456509694,12.548164597584424,0.7802145311204259,20160,1.6110462602311317,0.5054682121146075
arima_stf_resid,3,Общественное питание,133.13218140152708,15.094390599473797,0.9781557682066504,20160,1.6138575163634876,0.2064654008117075
arima_stf_resid,3,Продовольствие,498.6952264938146,4.078067378995636,0.9566778035731124,20160,0.6337213390678552,0.08801008723039216
arima_stf_resid,3,Транспорт,150.68254002060723,9.354645262472603,0.9603976015936145,20160,1.438880931869826,0.021995952190191903
arima_stf_resid,6,Все категории,1785.2585737606016,6.02284542275976,0.9588307610147817,14112,0.9525514187589548,-1.8184997862192533
arima_stf_resid,6,Здоровье,134.1845102767506,9.558085404478877,0.9332357770164922,14112,1.3333188308520705,-0.3661880593943838
arima_stf_resid,6,Маркетплейсы,931.9967558747996,18.389636543477113,0.4984967189031516,14112,2.4605687923207054,-0.5914034663170322
arima_stf_resid,6,Общественное питание,151.51087727218382,17.50975782736617,0.9714126223677773,14112,1.9918341681144944,-0.3879953824529987
arima_stf_resid,6,Продовольствие,612.0815969401042,4.898405369014545,0.9349134631445163,14112,0.775278075978166,-0.3898251225755389
arima_stf_resid,6,Транспорт,174.36527456271145,10.30375580730294,0.9453313636609832,14112,1.6893838075330092,-0.5871428119222999
arima_stf_resid,12,Все категории,2899.60824776422,8.132229290887869,0.908997601878049,2016,1.8628270252349166,-4.69298739069246
arima_stf_resid,12,Здоровье,266.6790808264234,15.821234742863025,0.7686066063807513,2016,2.722547096612519,-1.9831277523572783
arima_stf_resid,12,Маркетплейсы,1410.4660917531937,22.825795463481,0.1760431419234868,2016,4.976749911389066,-1.8594681523932173
arima_stf_resid,12,Общественное питание,186.3415332458006,21.787227134701183,0.937262776619732,2016,2.302667500214988,-1.3126548452949014
arima_stf_resid,12,Продовольствие,1030.646754070675,7.078364329034513,0.8653114213035649,2016,1.593999493015642,-2.0357901972166097
arima_stf_resid,12,Транспорт,269.8321231965249,14.22306539864771,0.8730958356731835,2016,2.548673815817211,-1.5572229481903612
chronos2_extended,1,Все категории,991.162053383536,3.5729910905825606,0.9865123024704121,24192,0.5528356076437292,0.33876492594918506
chronos2_extended,1,Здоровье,92.45020218240359,6.9888898002349,0.9687318742468842,24192,0.9166197878439348,0.40889750202891995
chronos2_extended,1,Маркетплейсы,378.5852989050752,8.311261710987855,0.9126755852504445,24192,0.9818121024467111,0.7515988670658187
chronos2_extended,1,Общественное питание,81.26864203322754,11.434626687143725,0.9919849363925107,24192,0.9959791231910737,0.6631725060923068
chronos2_extended,1,Продовольствие,336.814638086848,2.850644279398896,0.9795032560476985,24192,0.44594375084573756,0.5649028314198077
chronos2_extended,1,Транспорт,110.33130124295147,7.649033066869175,0.9746471076171782,24192,1.0612706910780196,0.502884418811212
chronos2_extended,3,Все категории,1443.0606629261822,4.865128696455802,0.9737811616181133,20160,0.7674468896977918,-0.5192093493930281
chronos2_extended,3,Здоровье,120.42888167829211,8.722301321064455,0.9492008613149099,20160,1.190258278081899,0.010304488990773963
chronos2_extended,3,Маркетплейсы,610.9075542116226,13.421338084173632,0.7889331121165117,20160,1.6073290388748167,0.35775758893390186
chronos2_extended,3,Общественное питание,112.54505193846782,13.63618757749579,0.9848224812713343,20160,1.3975072628044731,0.34899217849303965
chronos2_extended,3,Продовольствие,446.93046822066856,3.6818644993935425,0.9654590953669177,20160,0.5720891081568494,0.27319826640023925
chronos2_extended,3,Транспорт,134.8062714152901,8.675939184576432,0.9677507333647528,20160,1.2958901258126447,0.18268461829916238
chronos2_extended,6,Все категории,2152.030505359646,6.932112583919044,0.9514847216059112,14112,1.125275498450978,-2.077404526913092
chronos2_extended,6,Здоровье,150.08204119149755,10.420966120373919,0.9227132831181605,14112,1.4839581148277543,-0.5139295469040281
chronos2_extended,6,Маркетплейсы,1021.203326548626,21.731688970739267,0.4932264499881658,14112,2.7262301483907,-0.4643212309244027
chronos2_extended,6,Общественное питание,127.03479077037747,15.480702194640894,0.9819772026254588,14112,1.71637995594086,-0.0800861869425189
chronos2_extended,6,Продовольствие,464.14328870899453,3.792736853713757,0.9603027520174793,14112,0.5931072176147876,0.13208787664733423
chronos2_extended,6,Транспорт,145.42418025786105,8.984702295375204,0.9635430199938828,14112,1.427608974794048,-0.145804234275265
chronos2_extended,12,Все категории,2761.3257362749414,7.343590659285333,0.9388769454677887,2016,1.7875925422322985,-2.6483613744726475
chronos2_extended,12,Здоровье,144.68735192825628,9.138586560665928,0.9386472273021428,2016,1.4716179550153077,-0.18122218722908556
chronos2_extended,12,Маркетплейсы,1978.2794745824303,31.269385060995653,-0.18851116866652196,2016,6.770288675753538,-2.4580493414798803
chronos2_extended,12,Общественное питание,155.22658845225047,19.90720878976593,0.9752224352790104,2016,2.0035434820219145,-0.38669902897928843
chronos2_extended,12,Продовольствие,539.6606758112401,3.997772439859598,0.9594431945561457,2016,0.8420032650331435,-0.08476124795858153
chronos2_extended,12,Транспорт,178.58546197642056,10.981064193183004,0.9455409862873896,2016,1.797423809325267,-0.8201719219982448
chronos2_raw,1,Все категории,2145.8567161761894,7.200493952118861,0.9341871396405774,24192,1.1908448370367088,-1.3391047642582508
chronos2_raw,1,Здоровье,102.1570176497969,7.384101935701892,0.961796576442818,24192,1.0003654265835162,0.36883535952117763
chronos2_raw,1,Маркетплейсы,568.2667726827046,12.80225812214656,0.768773030362869,24192,1.5066469121799608,0.5184282189140105
chronos2_raw,1,Общественное питание,95.76474914104534,11.829647759713312,0.9879505833637539,24192,1.1314004006775196,0.641392439067605
chronos2_raw,1,Продовольствие,927.1792314115655,7.383519449709174,0.8434138528886916,24192,1.2280726865038296,-1.6695862877877077
chronos2_raw,1,Транспорт,118.06855581803296,7.277804401515317,0.974619482346868,24192,1.0871248782703775,0.582814054168636
chronos2_raw,3,Все категории,2701.2353355286614,8.563351939802358,0.9053381848453348,20160,1.4284691126956122,-3.2428105924352657
chronos2_raw,3,Здоровье,156.34519454562474,10.856440248797647,0.9155503652310921,20160,1.5478252576972686,-0.39413799587900944
chronos2_raw,3,Маркетплейсы,921.3361822325086,18.018879582632195,0.5157863304172303,20160,2.4075099027089126,0.2815387288058607
chronos2_raw,3,Общественное питание,195.36150714726676,18.9131843531646,0.9544081100887855,20160,2.205575895049902,0.06085852111839607
chronos2_raw,3,Продовольствие,1222.7310758560423,9.373554011692416,0.7678305073474891,20160,1.5540293574937318,-2.8768900649389098
chronos2_raw,3,Транспорт,191.6434866390531,10.60867698952493,0.9302006686412985,20160,1.7480549545708108,-0.18266672434707232
chronos2_raw,6,Все категории,4021.7231127680566,12.29695407509756,0.823614790568352,14112,2.0770819063453203,-7.944249991775342
chronos2_raw,6,Здоровье,149.50120923308288,10.58024821306077,0.9112224086523254,14112,1.4658939205798096,-0.46249738750838243
chronos2_raw,6,Маркетплейсы,1758.741355407265,32.691804263306224,-0.4218381211389626,14112,4.4714013416857314,-0.8341903974257758
chronos2_raw,6,Общественное питание,286.0180843327862,24.065967486424707,0.8989629278034612,14112,3.2504823248186216,-0.7719463937929747
chronos2_raw,6,Продовольствие,1280.4643925258092,9.515027069625607,0.7346371906562401,14112,1.6291418843984338,-3.7027314043477997
chronos2_raw,6,Транспорт,311.35073925416214,15.451939197059838,0.8344120899319526,14112,2.814913314685572,-1.656951456037831
chronos2_raw,12,Все категории,9458.055215018136,25.80812034413863,0.4279068019174791,2016,6.1924194113157505,-33.39675913944614
chronos2_raw,12,Здоровье,228.06036046951536,12.873028292938237,0.8397177989364455,2016,2.2747787937576613,-0.8163192945030675
chronos2_raw,12,Маркетплейсы,2876.4032094440763,44.71884039140778,-1.4116634568515338,2016,9.624041668747024,-4.628516697697471
chronos2_raw,12,Общественное питание,338.2059087450542,24.742508431025627,0.8495760733509636,2016,3.388681478038108,-0.3721067302128631
chronos2_raw,12,Продовольствие,3524.816366528708,23.171776922352567,-0.0454118269900774,2016,5.562077403310158,-21.097276232534657
chronos2_raw,12,Транспорт,402.71622295985145,17.99630672556455,0.7281283217314387,2016,3.5809975522644097,-2.3378557900287005
chronos2_stf_resid,1,Все категории,1039.2650670392673,3.7264507533662607,0.9859503222364249,24192,0.5746385734749658,0.31533482149142333
chronos2_stf_resid,1,Здоровье,97.29382079067564,7.232834913766835,0.9642963650868644,24192,0.9686597033544491,0.36340113740029845
chronos2_stf_resid,1,Маркетплейсы,411.64107989260793,9.3508137162466,0.8955983102925362,24192,1.095349362448378,0.6773544361512571
chronos2_stf_resid,1,Общественное питание,85.45967452505187,11.291335986884485,0.9903449858034193,24192,1.0282396029946805,0.6337093949512496
chronos2_stf_resid,1,Продовольствие,350.9750116135601,2.9230532803273497,0.9786977641287207,24192,0.45579231132378345,0.5546226371060928
chronos2_stf_resid,1,Транспорт,105.71108890021755,7.076654490336084,0.977901187280547,24192,1.003656976416638,0.573688940143696
chronos2_stf_resid,3,Все категории,1574.6397938726732,5.378974437279842,0.9688234083200589,20160,0.8451025313549695,-0.9053561658959335
chronos2_stf_resid,3,Здоровье,121.77422140319028,8.683178601291775,0.9482496621928562,20160,1.2150473868382878,0.03509720523415716
chronos2_stf_resid,3,Маркетплейсы,625.1462596205641,13.32900529630067,0.7721820392196708,20160,1.698425774610695,0.38046853111440204
chronos2_stf_resid,3,Общественное питание,137.0098644979151,14.802670571812401,0.9764621691901629,20160,1.623962428607339,0.23879894425500614
chronos2_stf_resid,3,Продовольствие,514.8684756108859,4.118692464759857,0.9546199828808031,20160,0.6521268511177591,0.07400686959845892
chronos2_stf_resid,3,Транспорт,147.09871212672266,8.966902896222145,0.9610932508739121,20160,1.390955813228188,0.11987127247872653
chronos2_stf_resid,6,Все категории,2438.9140214975205,8.129693885660302,0.9360183996221146,14112,1.318634651908285,-3.259103986545716
chronos2_stf_resid,6,Здоровье,137.64320796977628,9.524453562271649,0.9339204308072475,14112,1.370749723882511,-0.2594258215436862
chronos2_stf_resid,6,Маркетплейсы,924.7330034724046,18.823895225165813,0.5634688912502785,14112,2.489969166445125,-0.21609352930331505
chronos2_stf_resid,6,Общественное питание,170.6453813332324,17.687064645416413,0.9677769643997722,14112,2.14133068061506,-0.27893174029158163
chronos2_stf_resid,6,Продовольствие,647.1356247893885,5.081169508809478,0.9299602870713523,14112,0.8262514861212492,-0.4687442102803068
chronos2_stf_resid,6,Транспорт,178.34660237338701,10.027920291603417,0.9463133548338405,14112,1.699068892872981,-0.33663478308171246
chronos2_stf_resid,12,Все категории,5280.526037840961,14.497949946833788,0.7784993819757544,2016,3.4637477168687587,-12.24138063894016
chronos2_stf_resid,12,Здоровье,216.99860371976624,13.719698145405376,0.8669254787521323,2016,2.283230310173268,-1.2147152504389958
chronos2_stf_resid,12,Маркетплейсы,2195.1668368775836,33.90680210549072,-0.3886594406668056,2016,7.450657882880746,-2.5678732008999106
chronos2_stf_resid,12,Общественное питание,288.02663058172925,24.655938113533498,0.9028410287825843,2016,3.113908274277212,-0.6076182148179281
chronos2_stf_resid,12,Продовольствие,1175.4905274168507,7.836171899513824,0.8357161879200513,2016,1.8385605259792244,-2.6206267590250714
chronos2_stf_resid,12,Транспорт,301.6856396536348,15.56481322161836,0.8646050275551097,2016,2.880282396447006,-1.6812838451349403
ens_stf9,1,Все категории,954.6517007823221,3.484641922442857,0.9873449378096926,24192,0.5363357673355001,0.3690777658275083
ens_stf9,1,Здоровье,91.03178637284057,6.9454334358105,0.9699413697603358,24192,0.9080100992527532,0.4307904679407606
ens_stf9,1,Маркетплейсы,322.5599167150046,7.211220647934223,0.9307461987442314,24192,0.8424378139347657,0.7960777233770358
ens_stf9,1,Общественное питание,84.00820852688788,11.552352167011387,0.9914562895216548,24192,1.0247685931521267,0.6418307171146451
ens_stf9,1,Продовольствие,354.72979171632807,2.995476842008776,0.9780245337454619,24192,0.4700006100453988,0.5350222370536526
ens_stf9,1,Транспорт,109.73284893075112,7.553640549216779,0.9752123361980438,24192,1.0575812220605512,0.4993954655841919
ens_stf9,3,Все категории,1261.3193454218545,4.345089540253856,0.9789726508508819,20160,0.6796352639587215,-0.2753809069252533
ens_stf9,3,Здоровье,109.01724095880871,8.102191096913645,0.9573934661762789,20160,1.0812534784335637,0.14802495710245822
ens_stf9,3,Маркетплейсы,473.4055697353795,9.663112940908848,0.8522598973456139,20160,1.2351253101780972,0.647419731011786
ens_stf9,3,Общественное питание,119.97411911768756,14.58967570475195,0.9830674033505356,20160,1.4795445945321133,0.2910354362615867
ens_stf9,3,Продовольствие,491.0082870509759,4.065243601812617,0.9600144072036529,20160,0.6307540295571238,0.15120322164414746
ens_stf9,3,Транспорт,146.34500008297536,9.416431263610184,0.9635860865251242,20160,1.4108049044804905,0.060320657492916485
ens_stf9,6,Все категории,1264.8596156570839,4.165425696672364,0.9790059282962185,14112,0.662996850619149,-0.3521101154029542
ens_stf9,6,Здоровье,104.8618345921801,7.977452990231656,0.9602700928378892,14112,1.0494104418864414,0.0892075706550075
ens_stf9,6,Маркетплейсы,575.0407246692247,11.024656297361126,0.7962273247564489,14112,1.4819720119337527,0.47293665650720074
ens_stf9,6,Общественное питание,120.09615067831884,15.206356829883608,0.9841765456859736,14112,1.632998235517522,-0.03241464701242314
ens_stf9,6,Продовольствие,566.7730598435334,4.628794076384008,0.9460066681931627,14112,0.7231812381212923,-0.17821953843855698
ens_stf9,6,Транспорт,142.05803463989926,8.878481756755818,0.9649878909126177,14112,1.3916420571988732,-0.10189766047615034
ens_stf9,12,Все категории,1184.4565737928867,3.5178468324121774,0.9855339310996096,2016,0.7882837464449866,-0.0675805857998244
ens_stf9,12,Здоровье,145.24887826924268,11.018739391420583,0.9442362701703101,2016,1.4877416878180205,-0.28344772756218073
ens_stf9,12,Маркетплейсы,634.6662104488946,9.621093670116613,0.8087080756447995,2016,2.1455952713760214,-0.002954070445848833
ens_stf9,12,Общественное питание,102.70632755985892,16.093427476876894,0.9874023916416259,2016,1.36488345224622,0.13067237142965893
ens_stf9,12,Продовольствие,901.6507708983312,6.682247142664852,0.9150580986535276,2016,1.4352866405477147,-1.3560247534656873
ens_stf9,12,Транспорт,173.89359102440034,10.909613748805358,0.9542149803872496,2016,1.6673776894513552,-0.27950761383163103
ets_raw,1,Все категории,2070.0349884219627,6.982505360882656,0.9300291810478782,24192,1.1569384253821118,-1.5864081648845691
ets_raw,1,Здоровье,105.37166195845076,7.636942711209484,0.9583786103919671,24192,1.0260531006137295,0.3172596913990713
ets_raw,1,Маркетплейсы,527.7159526820277,11.92924129784951,0.8042822424377405,24192,1.4040661396751062,0.5906286733086439
ets_raw,1,Общественное питание,99.38256511315493,12.83564977751544,0.9867494072727019,24192,1.1852535724203734,0.584895378309338
ets_raw,1,Продовольствие,1003.1951675989726,8.08411817715338,0.8208014489395331,24192,1.3483558378852893,-2.329040574454635
ets_raw,1,Транспорт,121.20313529365619,7.551305681899713,0.9729101728826477,24192,1.1180321947874514,0.5412598075111821
ets_raw,3,Все категории,2377.3760498528486,7.663011405889204,0.9303336014633118,20160,1.2665764937786137,-2.2516986667624814
ets_raw,3,Здоровье,160.7412028972226,11.345297730884022,0.910943048502282,20160,1.5831949242746286,-0.5372423382682938
ets_raw,3,Маркетплейсы,679.71234863975,13.13040928575457,0.6865142595787337,20160,1.7743776668471605,0.5636417723866378
ets_raw,3,Общественное питание,199.88018649060345,20.48259884236992,0.9527026618325409,20160,2.2671191353393425,-0.09804343679034422
ets_raw,3,Продовольствие,1210.0763156753674,9.531207415727728,0.8025333277899125,20160,1.559537453713997,-2.678899605705307
ets_raw,3,Транспорт,188.5698137407321,10.749452227519132,0.9353244355069165,20160,1.7287821789710527,-0.2381209637283075
ets_raw,6,Все категории,3168.548752450171,9.870494142172662,0.8893615892708171,14112,1.6414949394181464,-5.0275005516050895
ets_raw,6,Здоровье,144.9590972042027,10.585336510000484,0.9211766044447043,14112,1.440685053414168,-0.46407422954129984
ets_raw,6,Маркетплейсы,1091.303230715303,20.307255484756258,0.37244658872431746,14112,2.8040620504487017,0.11721019070957683
ets_raw,6,Общественное питание,249.7972835706377,22.931642736217945,0.9204455855033541,14112,2.9382374730134924,-0.7572453466417388
ets_raw,6,Продовольствие,1103.1435593773203,8.409340193847482,0.818631382283021,14112,1.3894562324158828,-2.459875291050915
ets_raw,6,Транспорт,253.51275027992088,13.515921758001193,0.8852999550138047,14112,2.3587904815050993,-1.2513540595025017
ets_raw,12,Все категории,6218.334977474723,17.609662944113897,0.7442723855136866,2016,4.134561852198079,-17.111840121000817
ets_raw,12,Здоровье,166.5192629088368,10.562909457198982,0.9232976044087793,2016,1.6970185306859895,-0.429929810049398
ets_raw,12,Маркетплейсы,1989.2222881025698,30.035437255621815,-0.11184548790595472,2016,6.648251973946039,-1.9126086824132997
ets_raw,12,Общественное питание,228.5125649550767,20.973075855044637,0.9382993400786468,2016,2.5045744841448903,-0.4074811383497865
ets_raw,12,Продовольствие,1964.6075842648727,13.433415760474995,0.6215567429817208,2016,3.0325342429722855,-7.955925108893291
ets_raw,12,Транспорт,242.38801884176777,12.408098443552868,0.909276047472535,2016,2.2816470359106154,-0.9850438286549594
ets_stf_resid,1,Все категории,1035.691853392189,3.7275549042152814,0.985448851255231,24192,0.575730492427141,0.29425522597758824
ets_stf_resid,1,Здоровье,98.8688928624218,7.39289011013313,0.9625255177462693,24192,0.9865745856439082,0.3305190532623019
ets_stf_resid,1,Маркетплейсы,383.91263676351326,8.780981576111518,0.9045323277354665,24192,1.0241465086882606,0.7089368571982871
ets_stf_resid,1,Общественное питание,89.00016484803088,11.699758356264676,0.9899758864957688,24192,1.0607756193315812,0.6262281762134374
ets_stf_resid,1,Продовольствие,365.75144180086875,3.0626585071700503,0.9770061373494242,24192,0.478168153138681,0.5171023078900667
ets_stf_resid,1,Транспорт,108.0984934049169,7.224389290863383,0.9772788467017259,24192,1.0253488729438107,0.5566007433506512
ets_stf_resid,3,Все категории,1456.6255473504814,4.976230818289205,0.972797375930858,20160,0.7837425592221137,-0.6654938400196648
ets_stf_resid,3,Здоровье,122.8776287477943,8.80833981193606,0.9455577256222953,20160,1.2209277353031862,-0.006471232556914064
ets_stf_resid,3,Маркетплейсы,610.2172365933965,12.823963474770508,0.7761453291930794,20160,1.6533919195458597,0.4389559358697602
ets_stf_resid,3,Общественное питание,130.61502487648855,14.722006810521885,0.9786087216057877,20160,1.5680961142364158,0.2519456071342321
ets_stf_resid,3,Продовольствие,510.7269288574361,4.1451083513133185,0.955889713607821,20160,0.6488516136877742,0.08361693230498157
ets_stf_resid,3,Транспорт,146.63981757438899,9.051940130425772,0.9623523190595753,20160,1.3916241276527177,0.10396643946627071
ets_stf_resid,6,Все категории,1893.8659733847019,6.31979930778739,0.9574605794664487,14112,1.012746831277298,-1.8819428681735815
ets_stf_resid,6,Здоровье,130.3190210950405,9.30494073128854,0.9405915956895665,14112,1.3014825839496973,-0.2352577966886451
ets_stf_resid,6,Маркетплейсы,905.1546598979966,17.91400898578189,0.5483846663144739,14112,2.40351431887623,-0.1830405322817461
ets_stf_resid,6,Общественное питание,155.89691396984801,17.31128038130953,0.971599189945402,14112,2.0078785216502744,-0.25544807402478176
ets_stf_resid,6,Продовольствие,610.5465986069977,4.841175258953203,0.9375056342516012,14112,0.7762842349477961,-0.3182285902781459
ets_stf_resid,6,Транспорт,168.7825573014503,9.882348579754847,0.9525768249311046,14112,1.6307545421710707,-0.35338236963163183
ets_stf_resid,12,Все категории,3477.017627529363,9.452980832794045,0.8991905317753466,2016,2.250523172706841,-5.143093762532941
ets_stf_resid,12,Здоровье,213.388688498355,13.160402912535094,0.8536419273766894,2016,2.2197254866828984,-1.1249534439249111
ets_stf_resid,12,Маркетплейсы,1493.589251837088,23.850884911140223,0.2001669515199771,2016,5.224845762820477,-1.5682581448504131
ets_stf_resid,12,Общественное питание,218.0531540985378,21.1291170872857,0.9419175046632764,2016,2.4746056849302582,-0.3741611200240611
ets_stf_resid,12,Продовольствие,1015.4398161397218,6.805014084428951,0.8852137439534703,2016,1.5950271111502476,-1.56705939630459
ets_stf_resid,12,Транспорт,249.37866753776916,13.008571868417265,0.8936681638953029,2016,2.357446023365514,-1.1352917715863988
final,1,Все категории,946.9749715527416,3.456378150537418,0.9875159175163308,24192,0.532025955775545,0.37478749850837534
final,1,Здоровье,89.95278333909042,6.849499781223161,0.9705664185963807,24192,0.8971549857870009,0.443310179224118
final,1,Маркетплейсы,323.5020760534132,7.210778510721233,0.9310143896254766,24192,0.8439891555474125,0.7946370219354755
final,1,Общественное питание,83.16679036867085,11.364436557183238,0.991596095639118,24192,1.011499316436301,0.6507948268926869
final,1,Продовольствие,352.93548367401365,2.979859204837472,0.9782520724073195,24192,0.4677245180619363,0.5395348727664835
final,1,Транспорт,108.2656780946263,7.441793194123742,0.9756644057719351,24192,1.0423387408890228,0.5121542824491739
final,3,Все категории,1250.1460316105124,4.302999926691388,0.9791851026531679,20160,0.6725128905113422,-0.2651705448472843
final,3,Здоровье,108.55683363619025,8.019816996946297,0.9579643573634868,20160,1.0768750539519794,0.1626853882197279
final,3,Маркетплейсы,469.85261114637666,9.693425736050717,0.8570789822302011,20160,1.2328055842814967,0.6267174160884627
final,3,Общественное питание,118.48566490816523,14.25031556928582,0.9833341950465693,20160,1.4591423750666144,0.3084909923318926
final,3,Продовольствие,483.6513958106453,4.002209089370945,0.961085393731511,20160,0.6208090471844998,0.17394706992458242
final,3,Транспорт,143.34976719204283,9.19293157374486,0.9648170670010385,20160,1.381243185343734,0.098251139655538
final,6,Все категории,1275.8593329888586,4.218846416730234,0.9782692993517458,14112,0.670466644990084,-0.4166263255960039
final,6,Здоровье,105.27381890847748,7.895521077342078,0.9590938305610817,14112,1.0547690983639415,0.08266374737896831
final,6,Маркетплейсы,570.6879994641996,11.28503496328501,0.8092458437031036,14112,1.5082749652582528,0.4054507407137279
final,6,Общественное питание,119.34823945460082,15.017337460812435,0.9841670949245187,14112,1.630047767782637,-0.01844035167938607
final,6,Продовольствие,546.0776929245992,4.454902071229946,0.9493845755703423,14112,0.6971130105789817,-0.10277351109574284
final,6,Транспорт,139.1178368210195,8.662175188958656,0.9661170269514405,14112,1.3649932385936228,-0.0676236891033426
final,12,Все категории,1061.259999623743,3.120907652934765,0.9879196469720318,2016,0.7084479826501681,0.09536557216367392
final,12,Здоровье,113.45000622516294,8.834759454407724,0.9625737418947506,2016,1.1669829227625668,0.02745501969645614
final,12,Маркетплейсы,669.9883471831027,10.834398028927714,0.7858521592629455,2016,2.46208556980606,-0.2223022673709263
final,12,Общественное питание,97.64120524528084,15.29723613796512,0.9882386792915208,2016,1.327886403676947,0.10849064436291078
final,12,Продовольствие,773.4920743001027,5.76305017945742,0.9323212650850133,2016,1.2260544754713985,-0.8822768590911607
final,12,Транспорт,142.81454437748343,9.039163082056307,0.9662288808204157,2016,1.3724961252154422,-0.026460996612863497
naive,1,Все категории,2237.882275132275,7.696802866891793,0.9169786402114758,24192,1.269258894791635,-2.3002760710153636
naive,1,Здоровье,103.85218253968254,7.634747195460114,0.9593849333754588,24192,1.011725286463705,0.2979829759790852
naive,1,Маркетплейсы,529.6097470238095,12.06268367837699,0.8072656244116347,24192,1.4119976466015463,0.5857147340090129
naive,1,Общественное питание,94.7983630952381,11.860775953672093,0.9877205945623975,24192,1.1129747477242655,0.6313643502464878
naive,1,Продовольствие,966.3528025793651,7.89775899672865,0.7893498032684015,24192,1.318623573900465,-3.016113000361001
naive,1,Транспорт,119.07159391534391,7.432307951001101,0.9736390782382068,24192,1.0905826893679988,0.5518445133463563
naive,3,Все категории,2499.3363095238096,7.820670986063432,0.9034877811842674,20160,1.3147468098740767,-3.101554478152873
naive,3,Здоровье,164.35600198412698,11.73266123995082,0.9064795075353203,20160,1.606943750069941,-0.6897875667116031
naive,3,Маркетплейсы,735.9575892857143,14.19188015207982,0.641255215701816,20160,1.9318862209207752,0.5205846159611369
naive,3,Общественное питание,196.9232638888889,20.421684725488902,0.9543097717874885,20160,2.226887284857741,-0.06815780194510634
naive,3,Продовольствие,1241.4740079365079,9.665897323582943,0.7498797154657397,20160,1.602485494251804,-3.231393427133435
naive,3,Транспорт,191.48328373015872,11.012838630282724,0.9340450736989586,20160,1.743565230010042,-0.27855516024315663
naive,6,Все категории,3262.5866638321995,9.894683756947245,0.8595748552773326,14112,1.6694853422292382,-5.991425610341534
naive,6,Здоровье,160.28465136054422,11.783806182188766,0.9088238033691025,14112,1.5715078752326392,-0.7471166215119263
naive,6,Маркетплейсы,1173.578373015873,21.77283335161009,0.2965191552525539,14112,3.0268577166844803,0.05313710093590751
naive,6,Общественное питание,251.12585034013605,23.71883629017965,0.920327323419644,14112,2.9635888013350646,-0.9127074987951886
naive,6,Продовольствие,1225.6444869614513,9.458905205464598,0.7668037080786709,14112,1.516444555112107,-3.473218050955862
naive,6,Транспорт,256.9825680272109,13.804935605924035,0.8818054585646374,14112,2.384949462002983,-1.3218613098732894
naive,12,Все категории,4703.62996031746,12.417917516453041,0.8429558243227026,2016,3.0742570614475278,-7.789886727994258
naive,12,Здоровье,151.93353174603175,9.657009426122652,0.9341925961446134,2016,1.5460080594240673,-0.2971558049696943
naive,12,Маркетплейсы,2003.6661706349207,30.167062849578862,-0.12212523735163439,2016,6.704243667678073,-1.909147604824875
naive,12,Общественное питание,233.1279761904762,21.834958966897275,0.9379237772520467,2016,2.59466724712464,-0.5147934875697282
naive,12,Продовольствие,995.2375992063492,6.42768059018934,0.8968179758826978,2016,1.5755631817850204,-1.1996518091360056
naive,12,Транспорт,229.19246031746033,11.850290612495707,0.9199871042696203,2016,2.185860897644374,-0.7353021146492984
prophet_default,1,Все категории,1805.3260011167645,6.041463825935752,0.9483314052253196,24192,1.0043569189022687,-0.8445366658431441
prophet_default,1,Здоровье,118.64755235519164,8.730491886111894,0.9503865638184715,24192,1.16395216795771,0.11109503818971433
prophet_default,1,Маркетплейсы,511.45969346557166,10.99451767234432,0.8274932627821454,24192,1.311864954409026,0.6753577750788179
prophet_default,1,Общественное питание,141.50856609513986,16.27882834212216,0.9757338084321848,24192,1.5928861197782824,0.21869648175100387
prophet_default,1,Продовольствие,871.4514761291871,7.124247136322191,0.872991887572704,24192,1.1729723802875271,-1.3792414023311252
prophet_default,1,Транспорт,148.54807522526497,9.236501142899716,0.9589394147078302,24192,1.3749727739378708,0.2761675672570083
prophet_default,3,Все категории,1754.509508041561,5.625429070730472,0.9557742188802013,20160,0.943630242647656,-0.9653599959033252
prophet_default,3,Здоровье,146.1028394570282,10.741412596293573,0.9292373664506273,20160,1.4476939289736366,-0.4330336602205176
prophet_default,3,Маркетплейсы,582.077816445,11.39907855282595,0.784481066226638,20160,1.4654847495919046,0.6432754252061967
prophet_default,3,Общественное питание,181.766288564708,20.352026911778786,0.9615264818403694,20160,2.1476471482000687,-0.19322256618493605
prophet_default,3,Продовольствие,912.8224610459782,7.307862975004606,0.8675556680378556,20160,1.1807417254819799,-1.4952418431388326
prophet_default,3,Транспорт,179.97502058124772,11.169885913636847,0.9430236834570891,20160,1.7195515708900724,-0.41270465821162716
prophet_default,6,Все категории,2159.467713819842,6.699546571435788,0.9412285998642059,14112,1.1337653214164072,-2.1681191423272885
prophet_default,6,Здоровье,125.55662510780886,9.544396341881951,0.9429706629712046,14112,1.2303710770679284,-0.38346638096966634
prophet_default,6,Маркетплейсы,772.4837495558222,14.743217302939376,0.6576452287381334,14112,1.9650218419973637,0.4026643137883298
prophet_default,6,Общественное питание,209.99040701638074,24.70933966618404,0.9534503415357816,14112,2.7471068726245975,-1.3687420012994553
prophet_default,6,Продовольствие,932.7268508193121,7.394823768889433,0.8717531718275017,14112,1.160155990025642,-1.6287940311410423
prophet_default,6,Транспорт,210.3817333826389,13.763139323443832,0.928056343003691,14112,2.132663175971132,-1.6982926029189596
prophet_default,12,Все категории,2900.6377571677835,8.957265550956288,0.9226663252869503,2016,2.0172485399378965,-5.719172728452308
prophet_default,12,Здоровье,243.91040022563482,19.10162263273332,0.8177106444550533,2016,2.528815380842808,-4.651820369819589
prophet_default,12,Маркетплейсы,716.4394903538267,11.337066652199223,0.7679999998191894,2016,2.519051440903461,-0.2668298816484149
prophet_default,12,Общественное питание,206.0568184863377,30.72057768486506,0.9396676148049292,2016,2.602735811471048,-4.026304890284639
prophet_default,12,Продовольствие,835.7462341138087,5.77664970726562,0.9090932451660981,2016,1.2970292339359755,-1.310506314430782
prophet_default,12,Транспорт,317.451594852055,19.2274698787543,0.8505249049273235,2016,3.049810952895399,-3.994942565479776
prophet_tuned,1,Все категории,2399.450162252117,8.690926103272023,0.8671344340264244,24192,1.4115193887707669,-5.513971324567435
prophet_tuned,1,Здоровье,106.92745490495341,8.40387739025826,0.948117306392878,24192,1.0648460931559682,-0.14886610873167538
prophet_tuned,1,Маркетплейсы,574.932879461579,13.564058647523089,0.744638417277553,24192,1.5429569892252908,0.23735073459113376
prophet_tuned,1,Общественное питание,94.62528625829815,14.152452015611145,0.9881391534639214,24192,1.2319673065241592,0.2536081045734663
prophet_tuned,1,Продовольствие,1057.6556636336552,9.026632948534285,0.5974803671646329,24192,1.4898333543876627,-8.156403575919065
prophet_tuned,1,Транспорт,126.77673544159369,8.89721245360058,0.9689462298424251,24192,1.2383848502519854,0.23731399185147073
prophet_tuned,3,Все категории,2534.001177258747,8.519047419868846,0.8733700843764517,20160,1.4795362681504438,-5.702591798217222
prophet_tuned,3,Здоровье,132.07532372257103,10.29285800995279,0.9249414090824081,20160,1.3208290098887308,-0.8476581129534764
prophet_tuned,3,Маркетплейсы,587.9595442365131,12.641810821403574,0.7472274069208764,20160,1.6099528717737734,0.07950468009138723
prophet_tuned,3,Общественное питание,133.27112112337173,19.641934823020147,0.9724873609990953,20160,1.8174169630313899,-0.4742008326195428
prophet_tuned,3,Продовольствие,1113.2021251168862,8.79393515883021,0.5927813180240953,20160,1.5538760930205235,-6.456077791623972
prophet_tuned,3,Транспорт,169.42795914909505,11.749209561797864,0.9494485089178925,20160,1.6901248320583284,-0.7160459118718752
prophet_tuned,6,Все категории,2965.002691982337,9.605613488205549,0.8648938605481604,14112,1.6781050196472038,-7.211394308281562
prophet_tuned,6,Здоровье,143.49566844227616,11.343639322052235,0.9090456410028067,14112,1.4257874296114887,-1.367559964310876
prophet_tuned,6,Маркетплейсы,634.6803758558655,12.771856957976366,0.7488405591696564,14112,1.6975095405446112,0.090772827838702
prophet_tuned,6,Общественное питание,170.65308482620213,24.29608262446091,0.95300124169569,14112,2.414923664140713,-1.5380283939952308
prophet_tuned,6,Продовольствие,1334.9944245267623,10.3618082910006,0.5461445748445228,14112,1.8430030801996284,-7.985194432664654
prophet_tuned,6,Транспорт,207.53416517806903,13.999479396180742,0.92915774222085,14112,2.107889666524434,-1.9171416705300661
prophet_tuned,12,Все категории,7879.3960942411,21.60228185582759,0.5535534085307037,2016,5.012081398938884,-24.623642220925156
prophet_tuned,12,Здоровье,310.43240179893246,21.391839139150115,0.7341106345981021,2016,3.053147034764545,-4.007723371026174
prophet_tuned,12,Маркетплейсы,1348.6231127989124,19.202202024052962,0.302032475809635,2016,4.003710464745506,-0.6257862341912852
prophet_tuned,12,Общественное питание,213.03434886117682,41.82217255435939,0.948914114394789,2016,3.0475012101711676,-11.014435557908378
prophet_tuned,12,Продовольствие,4859.010637000889,33.443225076650414,-0.9000415417829835,2016,7.595515627786601,-42.87429952306485
prophet_tuned,12,Транспорт,259.7485660586927,16.764802606135557,0.8833833553169638,2016,2.551009776408273,-3.383507569354249
snaive,1,Все категории,4079.2546709656085,12.876821523169305,0.8329695926144287,24192,2.1759875537261455,-4.789437717205117
snaive,1,Здоровье,177.79637896825398,11.918517934874846,0.8972842841908844,24192,1.742304626185089,-0.5852138446664479
snaive,1,Маркетплейсы,1661.9038938492063,36.83602230375848,-0.0957046858534687,24192,4.329838389384936,-1.99325825751548
snaive,1,Общественное питание,243.70333167989418,23.156176874134655,0.9280576853979075,24192,2.568760836597725,-0.29007326618732865
snaive,1,Продовольствие,1201.1972552910054,9.350609707038107,0.8028979484061105,24192,1.543336270563169,-2.7062541267850984
snaive,1,Транспорт,232.56097056878306,13.247194774433058,0.9069245715728174,24192,2.0825960824166048,-0.2904520876946144
snaive,3,Все категории,4344.625,13.605264821648783,0.8243320853781275,20160,2.3120995528213557,-7.3617597827095
snaive,3,Здоровье,180.7498015873016,12.049461849404105,0.8996511320047526,20160,1.785375196871254,-0.7821829462381304
snaive,3,Маркетплейсы,1717.104513888889,36.611876830060524,-0.16317084208593702,20160,4.545742152147712,-1.8261803678959878
snaive,3,Общественное питание,251.95719246031746,21.750744374833246,0.9273183614325468,20160,2.697377461808584,-0.4500236450694175
snaive,3,Продовольствие,1249.4397817460317,9.566970504112952,0.7922318273170845,20160,1.6025239642619933,-2.923937709033284
snaive,3,Транспорт,231.51785714285714,12.35021845923624,0.9100104966303093,20160,2.0704232024994322,-0.5782539034477001
snaive,6,Все категории,4352.150510204082,13.502654986022891,0.8352962523503024,14112,2.300823728262685,-8.395909300400794
snaive,6,Здоровье,176.84941893424036,11.885314999618332,0.9048465368307772,14112,1.7528212999929431,-0.8559834047375299
snaive,6,Маркетплейсы,1715.9236819727892,34.7646712442875,-0.10231588430022787,14112,4.562631574918825,-1.606892978639456
snaive,6,Общественное питание,252.84119897959184,20.867684233817805,0.9304863718693885,14112,2.8295449230236036,-0.6195424390434112
snaive,6,Продовольствие,1144.955357142857,8.717490295852388,0.8306306388505003,14112,1.4743796303301522,-2.4547434841932967
snaive,6,Транспорт,232.23667800453515,11.93817295112418,0.9137789989668414,14112,2.1172354708886694,-0.7776474728264164
snaive,12,Все категории,4703.62996031746,12.417917516453041,0.8429558243227026,2016,3.0742570614475278,-7.789886727994258
snaive,12,Здоровье,151.93353174603175,9.657009426122652,0.9341925961446134,2016,1.5460080594240673,-0.2971558049696943
snaive,12,Маркетплейсы,2003.6661706349207,30.167062849578862,-0.12212523735163439,2016,6.704243667678073,-1.909147604824875
snaive,12,Общественное питание,233.1279761904762,21.834958966897275,0.9379237772520467,2016,2.59466724712464,-0.5147934875697282
snaive,12,Продовольствие,995.2375992063492,6.42768059018934,0.8968179758826978,2016,1.5755631817850204,-1.1996518091360056
snaive,12,Транспорт,229.19246031746033,11.850290612495707,0.9199871042696203,2016,2.185860897644374,-0.7353021146492984
snaive_growth,1,Все категории,1158.9735604790046,4.207537281140963,0.9808729019706665,24192,0.650941721159905,0.048382660799904054
snaive_growth,1,Здоровье,104.4801426843115,8.335935803048981,0.960064887484419,24192,1.04612099181427,0.1275794946690768
snaive_growth,1,Маркетплейсы,447.4374236402531,9.8692067520395,0.8603910522755684,24192,1.1624393738158023,0.323671404060319
snaive_growth,1,Общественное питание,107.67745003267277,15.853468134514772,0.9852293763512551,24192,1.3342749740751993,0.23700451618027307
snaive_growth,1,Продовольствие,436.93799818700774,3.6960578064773917,0.9649119194193381,24192,0.5756490042717038,0.256565301333171
snaive_growth,1,Транспорт,137.3270988098028,9.614912305337931,0.9617971901533189,24192,1.319844249295362,0.16714910647022108
snaive_growth,3,Все категории,1448.1881067609163,5.028687795876917,0.9742041888148789,20160,0.7965677448696487,-0.6795463842900589
snaive_growth,3,Здоровье,115.31286154839908,9.112513686014996,0.9537549371677336,20160,1.1604894579844764,-0.1560382630351942
snaive_growth,3,Маркетплейсы,608.6787007527395,12.168856720308906,0.7459165228424194,20160,1.5613158867897687,0.2295415460864889
snaive_growth,3,Общественное питание,133.60769830683486,17.371046781837972,0.9792668924996375,20160,1.6847030776474377,-0.06693954018471193
snaive_growth,3,Продовольствие,569.7969078955801,4.687353294343212,0.9466745313692156,20160,0.7368724479839704,-0.11469162756985574
snaive_growth,3,Транспорт,162.61211336367612,10.828725992411526,0.9534936774146001,20160,1.5820577213782465,-0.3153228487364179
snaive_growth,6,Все категории,1483.9104607722186,4.982526241381346,0.9743481810587504,14112,0.7928962983119224,-0.8837628020348898
snaive_growth,6,Здоровье,118.11553162698378,9.331270307275416,0.9528751064378814,14112,1.1915269144763387,-0.31809280094218306
snaive_growth,6,Маркетплейсы,822.23774231703,15.019877579258607,0.5665399957139569,14112,2.0232882429782153,0.0989345614951267
snaive_growth,6,Общественное питание,147.7266254074112,17.559144840077312,0.9763283197003279,14112,1.957187491169051,-0.3440606098289638
snaive_growth,6,Продовольствие,599.0003769634254,4.818933203944799,0.9386383485610877,14112,0.7627615570070685,-0.2892865388866235
snaive_growth,6,Транспорт,168.92332429750874,10.662718180419613,0.9526867539806925,14112,1.6701305496602896,-0.6161660406717919
snaive_growth,12,Все категории,1542.5810966981578,4.563572344458667,0.9776170113261129,2016,1.0121524927756165,-0.6124151682553327
snaive_growth,12,Здоровье,164.8417640577344,12.34784532130528,0.9283731445762036,2016,1.6791027820342799,-0.5571188135060618
snaive_growth,12,Маркетплейсы,1636.6650384975926,22.74009056918383,0.028491043920846337,2016,4.803562300789317,-0.5108456821505258
snaive_growth,12,Общественное питание,101.9453072300357,16.364475041909504,0.9870678698015953,2016,1.3889748220821472,-0.03288380601216234
snaive_growth,12,Продовольствие,970.694959725985,7.174793889080801,0.9036873787943324,2016,1.5339889027461084,-1.6418976430404308
snaive_growth,12,Транспорт,200.3459156045247,12.371925358328498,0.9416242235672146,2016,1.9037847674504291,-0.5393115662808157
stf,1,Все категории,1000.830649705434,3.5956466669038574,0.985945173533576,24192,0.5557083441473412,0.33274482722494136
stf,1,Здоровье,93.05162138308722,7.0350547865997415,0.9685459336283213,24192,0.9215541661949771,0.42574046595734927
stf,1,Маркетплейсы,345.99351871628204,7.602619517008733,0.9190441910520204,24192,0.8936852125670486,0.7785689059083882
stf,1,Общественное питание,90.0718770405341,11.69122972186961,0.9893729150570857,24192,1.059889066045271,0.6446196480115682
stf,1,Продовольствие,367.4111220330881,3.086501594266997,0.9768470638796762,24192,0.48502581638480996,0.5151703585130114
stf,1,Транспорт,116.87525587498477,7.822913654548618,0.9722484489268055,24192,1.1068635220684038,0.48179859040734063
stf,3,Все категории,1350.2938486189835,4.588928006338712,0.9762216595903365,20160,0.7208081071455299,-0.36942569049557816
stf,3,Здоровье,111.77213830489801,8.193622386900387,0.9548520199624058,20160,1.0978338812198654,0.1429317756141073
stf,3,Маркетплейсы,531.6685796131227,10.532701118979965,0.8130914221443688,20160,1.3592119609677638,0.6323139263835355
stf,3,Общественное питание,128.3100423028821,14.739884307969362,0.9786349927222633,20160,1.5309344515925087,0.2955628920677599
stf,3,Продовольствие,511.1259687387148,4.225164448753553,0.9573280007469258,20160,0.6560128317442315,0.09729969892984947
stf,3,Транспорт,156.4523431095654,9.74622258169847,0.9569102693591212,20160,1.4828797732053007,0.015272576145372696
stf,6,Все категории,1403.6891845467185,4.5603238552432614,0.9746439729279873,14112,0.729368522216698,-0.5594983733835521
stf,6,Здоровье,112.70596945683995,8.38914070072864,0.954779101589009,14112,1.121990494328712,0.027512238298884606
stf,6,Маркетплейсы,769.6216403243884,13.91645702479252,0.6280074845472392,14112,1.8865405746964599,0.43145473444930915
stf,6,Общественное питание,138.61547429006748,16.02501456418534,0.9779688818920929,14112,1.8061387903201431,-0.07817088698424635
stf,6,Продовольствие,579.225978905773,4.715064831133354,0.9431189951298777,14112,0.7387401924760733,-0.22858669897287354
stf,6,Транспорт,164.42438915287994,9.754315426107166,0.9530359803584576,14112,1.5832100648034957,-0.2622417676587634
stf,12,Все категории,1572.0707773163417,4.572090852611952,0.9775371920560146,2016,1.0348471098266907,-0.5529494565871387
stf,12,Здоровье,160.16653236428218,11.968059931816711,0.9348955714740329,2016,1.6405420328322406,-0.42648919693530885
stf,12,Маркетплейсы,1630.7889151995512,22.598486231536327,0.035027790626256605,2016,4.804140094049651,-0.48269479275941785
stf,12,Общественное питание,99.18643504028591,15.515899806688823,0.9878605551750949,2016,1.3420349181501432,0.10500677118689761
stf,12,Продовольствие,975.5170628208864,7.194244784934992,0.9045284610022222,2016,1.5550156906331538,-1.6287139024664987
stf,12,Транспорт,195.14723850904383,12.00866201086002,0.9449536826369574,2016,1.8659639191993769,-0.44050035340192206
theta_raw,1,Все категории,1844.9511685557559,6.203081900135271,0.9433225122899848,24192,1.032864626627429,-1.0332515191117038
theta_raw,1,Здоровье,107.75674294935754,7.8218401538904745,0.9570055950986321,24192,1.0442651578040223,0.2754532633068235
theta_raw,1,Маркетплейсы,537.6201445731355,12.042383667095164,0.7829440349630373,24192,1.412226831048903,0.556052723789794
theta_raw,1,Общественное питание,98.2515860534158,12.642497261006074,0.9868974501138861,24192,1.1619261958905553,0.584420218064492
theta_raw,1,Продовольствие,878.4686966101834,7.130680646420251,0.8702271287184732,24192,1.1798680470770013,-1.3653463158405352
theta_raw,1,Транспорт,123.54971257147064,7.6545180640592,0.9717021391672573,24192,1.1293489777619272,0.5279919846881014
theta_raw,3,Все категории,1854.382008573311,5.920629675980743,0.9483263934507302,20160,0.9945277295583753,-1.1920899470639208
theta_raw,3,Здоровье,159.63220754437373,11.596682270163265,0.9135808636849304,20160,1.5832077743853772,-0.6405290401665711
theta_raw,3,Маркетплейсы,646.0677269587854,12.576822941849542,0.725119452418268,20160,1.6484268221304366,0.6188475987737134
theta_raw,3,Общественное питание,204.18193662963972,21.78166656343991,0.9512787699673898,20160,2.32313536472779,-0.21461431813504217
theta_raw,3,Продовольствие,980.8046669745356,7.804345378766957,0.8542698668938465,20160,1.2629201848558964,-1.7104764747321877
theta_raw,3,Транспорт,194.71502960712783,11.298033504413391,0.9319529208400635,20160,1.787332853868684,-0.3647452797015416
theta_raw,6,Все категории,2277.162727945239,7.038331410001658,0.9300586931593771,14112,1.1994669963808142,-2.609119342146599
theta_raw,6,Здоровье,147.65394830516016,11.046294402163962,0.9205515047888051,14112,1.4764700656858183,-0.623249389885109
theta_raw,6,Маркетплейсы,873.7391151693527,16.830936754503927,0.5310047880127156,14112,2.2617601755002337,0.26859372502555257
theta_raw,6,Общественное питание,255.03149846163274,25.229299324710603,0.9242912381599778,14112,3.0304911036203475,-1.2442182152295476
theta_raw,6,Продовольствие,939.6377823810194,7.370878391520963,0.8699063692204528,14112,1.1709678779632677,-1.5871893002395314
theta_raw,6,Транспорт,241.655153820144,13.712609814619462,0.8971294460267645,14112,2.2901088697820775,-1.4126897472371076
theta_raw,12,Все категории,2960.336859212311,8.89981565972685,0.9192099194486654,2016,2.01235354336569,-5.4393900831690605
theta_raw,12,Здоровье,150.41700218430157,10.910502465962589,0.9211699254836299,2016,1.520499954309953,-1.1523806125700653
theta_raw,12,Маркетплейсы,902.7369996171453,13.08381043385102,0.6590373990961007,2016,2.8192347362563677,-0.163273672122777
theta_raw,12,Общественное питание,187.3772510011737,25.76369416076639,0.9569744126290876,2016,2.374169695794754,-2.7956042562724237
theta_raw,12,Продовольствие,1060.9181948002401,7.257581982693859,0.8674747043002529,2016,1.6392472100318378,-2.245221259780945
theta_raw,12,Транспорт,230.27795146870622,13.60457800409813,0.9143008218827501,2016,2.222379973445383,-1.7496947868720834
theta_stf_resid,1,Все категории,1033.1667307025289,3.6780333333853026,0.9855104853504805,24192,0.5677394314179454,0.3247622967581508
theta_stf_resid,1,Здоровье,96.76173072801714,7.247111107840955,0.9639525981102409,24192,0.9615944244526791,0.35786525723870144
theta_stf_resid,1,Маркетплейсы,361.29738625822006,8.354272090652405,0.9165411940127979,24192,0.9655456696643138,0.7482263901210457
theta_stf_resid,1,Общественное питание,89.33582568860783,11.557847997560351,0.9896841579952081,24192,1.0577426019212715,0.632466923140549
theta_stf_resid,1,Продовольствие,358.3796651879753,2.9954605813000983,0.978410015723119,24192,0.46728702238766334,0.546327702152926
theta_stf_resid,1,Транспорт,108.58066671443902,7.227084626613101,0.9772886006395024,24192,1.0294497878003008,0.5611608155980368
theta_stf_resid,3,Все категории,1432.9230654943685,4.834196074913023,0.9731411592712045,20160,0.7583317069897183,-0.5821926366368984
theta_stf_resid,3,Здоровье,119.2469029540091,8.657897400958326,0.9485664841259603,20160,1.1814365574557493,0.019474205631990538
theta_stf_resid,3,Маркетплейсы,560.270723652271,11.92635641238861,0.8124204520377878,20160,1.51799428117502,0.560737863951101
theta_stf_resid,3,Общественное питание,127.1811469684812,14.856500155351481,0.9793794117901049,20160,1.5468273068537228,0.2441161025460209
theta_stf_resid,3,Продовольствие,483.91971602282626,3.9237374246718004,0.9604848405548239,20160,0.6153402849817123,0.17396397173135425
theta_stf_resid,3,Транспорт,142.87027544135168,9.036002650290438,0.964057421370901,20160,1.3707756870594512,0.10149394516175525
theta_stf_resid,6,Все категории,1848.049555063441,6.0864286055729755,0.9621500153799444,14112,0.9831470301026688,-1.5558072932043419
theta_stf_resid,6,Здоровье,116.84555802367119,8.7546089670184,0.9517292708535466,14112,1.1741221234407755,-0.13599682602238583
theta_stf_resid,6,Маркетплейсы,756.18026031676,15.437750761684901,0.688078503482902,14112,2.0649163091830465,0.2201447561173856
theta_stf_resid,6,Общественное питание,147.4441715354576,17.771307704380234,0.9729088867166712,14112,1.9515171126291182,-0.3753656405591803
theta_stf_resid,6,Продовольствие,511.5132932560282,4.108363066224205,0.95357540493961,14112,0.6588961090455012,-0.016628655337372233
theta_stf_resid,6,Транспорт,156.701538690197,9.659712175094754,0.9577012015358364,14112,1.544891086706201,-0.35937860154149015
theta_stf_resid,12,Все категории,2343.326170206164,6.452883609407579,0.9546549975617662,2016,1.556636511415113,-2.0641954554629045
theta_stf_resid,12,Здоровье,135.1749466674484,9.823817152879514,0.9347237185664271,2016,1.3310062288322415,-0.4266327031482948
theta_stf_resid,12,Маркетплейсы,1486.3142919941242,22.801138118128403,0.327225609067041,2016,5.104117686100642,-1.1694211571940625
theta_stf_resid,12,Общественное питание,167.61830134624026,20.631033708042214,0.9325711629444552,2016,1.9711177301149616,-0.7053628575756417
theta_stf_resid,12,Продовольствие,562.4966727706121,3.924605201527532,0.9570975170436214,2016,0.8738366110214724,-0.05752898989032751
theta_stf_resid,12,Транспорт,157.4425149286606,9.539159955174332,0.9549225549674664,2016,1.5295317314816206,-0.45992443370121605
timesfm25_extended,1,Все категории,981.3769761182392,3.592131960909716,0.9865557090315541,24192,0.5519084856006818,0.31418926942783487
timesfm25_extended,1,Здоровье,88.29102228376703,6.663821869160364,0.9714365708425582,24192,0.8789421818078379,0.4569019642120342
timesfm25_extended,1,Маркетплейсы,343.9134093968823,7.658606074404699,0.9241486981664898,24192,0.8974670703294292,0.7528116311032613
timesfm25_extended,1,Общественное питание,87.63268282014386,11.465197924219146,0.9904140448151523,24192,1.0471151786975377,0.6333083800744063
timesfm25_extended,1,Продовольствие,382.99085797587713,3.2047564326371902,0.9748496389481128,24192,0.5058195877382099,0.47432232510630845
timesfm25_extended,1,Транспорт,110.17536528394031,7.470187894929737,0.9746258649962558,24192,1.0541186572999057,0.5078443793368408
timesfm25_extended,3,Все категории,1357.6367051023385,4.704764703756426,0.9756401954089996,20160,0.7332501761908079,-0.525023650621933
timesfm25_extended,3,Здоровье,113.95388537682805,8.25129945595501,0.9548834940921164,20160,1.1347286591370582,0.09677508169315607
timesfm25_extended,3,Маркетплейсы,497.54882634706456,10.749895548682185,0.853062184414864,20160,1.3295553900124586,0.48962619606567925
timesfm25_extended,3,Общественное питание,130.68543815476676,14.45681494451844,0.9790422637402038,20160,1.5667278897057695,0.2617103366793656
timesfm25_extended,3,Продовольствие,492.903750143532,4.058665797007515,0.959067764132245,20160,0.6304415907238419,0.13196212554496778
timesfm25_extended,3,Транспорт,146.20986723736027,9.139179995030581,0.9631192104611603,20160,1.4013896773619847,0.09184842344273281
timesfm25_extended,6,Все категории,1578.4491703071133,5.326191071057124,0.968456236545218,14112,0.8446840112578347,-1.1931422320514393
timesfm25_extended,6,Здоровье,133.2404478090939,9.355618611758985,0.9377276405378886,14112,1.3326469375625032,-0.2490330407317578
timesfm25_extended,6,Маркетплейсы,730.9846413299608,15.562364580442859,0.7321877973086073,14112,2.005843347794578,-0.006848417220687519
timesfm25_extended,6,Общественное питание,155.08653847182632,16.78109321272976,0.9737887942443376,14112,1.991673543263347,-0.19529585526563165
timesfm25_extended,6,Продовольствие,541.241010349875,4.353314867819034,0.949253043504008,14112,0.6894239265245873,-0.0857326794311839
timesfm25_extended,6,Транспорт,150.3130678824913,9.043831094948413,0.9609035022449014,14112,1.4729514066654015,-0.19594062909137255
timesfm25_extended,12,Все категории,2361.2637666144487,6.466053724150857,0.9513164319914681,2016,1.5433018942288015,-2.2093552123539553
timesfm25_extended,12,Здоровье,192.2405373069287,11.60580825945147,0.8981750530582955,2016,1.979319402431011,-0.6070983600367255
timesfm25_extended,12,Маркетплейсы,2316.8255263889996,34.394505829194124,-0.5257128707673362,2016,7.633672590747969,-2.505813298700017
timesfm25_extended,12,Общественное питание,239.70868728831354,21.742191069141427,0.9348344022033116,2016,2.652419657902155,-0.4070701146865543
timesfm25_extended,12,Продовольствие,617.0362477480476,4.257461146242241,0.9478766089672654,2016,0.9562411138501079,-0.20364411376541058
timesfm25_extended,12,Транспорт,194.881266652982,10.803311950414326,0.9396749923785488,2016,1.8851218671866792,-0.6173530386567541
timesfm25_raw,1,Все категории,2045.4549099150158,6.913617678632197,0.9411185223966199,24192,1.1467870190059368,-1.1854836828249375
timesfm25_raw,1,Здоровье,93.26695835022699,6.749192660864729,0.9678631731769346,24192,0.9173458832272053,0.4577152071128695
timesfm25_raw,1,Маркетплейсы,596.8467765611316,13.220341751010828,0.7668325244371004,24192,1.557206074194714,0.5248530788006047
timesfm25_raw,1,Общественное питание,94.29954545917334,11.571306169475223,0.9888440739499263,24192,1.1227466699282331,0.6507342670968206
timesfm25_raw,1,Продовольствие,874.354461952492,7.021763383534727,0.8628849354448405,24192,1.1667386413929506,-1.498825906014364
timesfm25_raw,1,Транспорт,114.46236878349667,7.046914918222074,0.9760211923296614,24192,1.059518272997567,0.6071463169017616
timesfm25_raw,3,Все категории,2638.2041459825305,8.34914926793121,0.9148804469947045,20160,1.398750701520373,-2.9129403131553637
timesfm25_raw,3,Здоровье,129.89434128413126,8.950720852243515,0.9401314042778746,20160,1.28721824281337,0.0060757793428475315
timesfm25_raw,3,Маркетплейсы,906.6237625848679,18.306700354651177,0.5559759111571949,20160,2.3775072075998582,0.17774076843329434
timesfm25_raw,3,Общественное питание,187.9396125326081,17.545275612162094,0.9567781170216667,20160,2.1205463249218,0.14141941208133457
timesfm25_raw,3,Продовольствие,1096.798364306253,8.433669406288763,0.8149090436355255,20160,1.3874944720844142,-2.200120851450932
timesfm25_raw,3,Транспорт,177.44702569719345,9.862426903554313,0.9392801612536218,20160,1.638124514761231,-0.053020273398806994
timesfm25_raw,6,Все категории,4066.7693921562764,12.429633896313183,0.8328953492662766,14112,2.1156378259327115,-7.66179557186217
timesfm25_raw,6,Здоровье,124.5191163800471,8.58767086296062,0.9370215653345949,14112,1.2051829753243835,-0.054364048980139135
timesfm25_raw,6,Маркетплейсы,1529.5136429403915,29.51265362011901,-0.011679471043604783,14112,3.9552257332506153,-0.792734746904876
timesfm25_raw,6,Общественное питание,254.41089717628194,21.75711270416328,0.9205957422317254,14112,2.936133958005416,-0.5480922974019453
timesfm25_raw,6,Продовольствие,1201.784730595526,8.945807110790135,0.7714299641827058,14112,1.5328786014594298,-3.095911465250153
timesfm25_raw,6,Транспорт,268.88560596561217,13.665687499295395,0.8778627482871086,14112,2.467814108644906,-1.1688681663235978
timesfm25_raw,12,Все категории,9044.939699203249,24.85608771459179,0.47167611436501156,2016,5.962075203673344,-31.474643857489767
timesfm25_raw,12,Здоровье,228.08941052451965,13.242447864208973,0.8518909092667355,2016,2.3159410642115694,-0.8956384072165031
timesfm25_raw,12,Маркетплейсы,3009.646420191205,46.44970804004676,-1.5401141203236666,2016,10.046052752114361,-4.745664930859378
timesfm25_raw,12,Общественное питание,254.82830591618068,21.107068257181435,0.9205454235356705,2016,2.6750666542634933,-0.12104279448714439
timesfm25_raw,12,Продовольствие,3201.0181565057665,21.153806944062776,0.1345702350396043,2016,5.0388391109252675,-17.651201678398166
timesfm25_raw,12,Транспорт,294.0588168341016,14.263920478210416,0.867267303999175,2016,2.715675673645927,-1.1995435890243376
timesfm25_stf_resid,1,Все категории,1052.2678377200832,3.79299021431672,0.9854269262017411,24192,0.5849858051332947,0.2826863960964656
timesfm25_stf_resid,1,Здоровье,97.39992380072606,7.223618912063404,0.9643856379542277,24192,0.9716669139918307,0.3640806488424836
timesfm25_stf_resid,1,Маркетплейсы,385.2173341475675,8.962143892698515,0.908051416185154,24192,1.0393884780584128,0.6596867203076873
timesfm25_stf_resid,1,Общественное питание,88.57569003672097,11.612374825189505,0.9898090836676152,24192,1.0642207033462336,0.6175817694129069
timesfm25_stf_resid,1,Продовольствие,352.50524416369245,2.9418977744405232,0.9784906558666213,24192,0.45695393851103455,0.546017826926968
timesfm25_stf_resid,1,Транспорт,107.56881163647832,7.159873649865682,0.9775074763251841,24192,1.0205560401451692,0.5669161218645142
timesfm25_stf_resid,3,Все категории,1715.5085045461778,5.856264320626457,0.9650841697375722,20160,0.9261534999145566,-1.171484724752914
timesfm25_stf_resid,3,Здоровье,122.83859894754747,8.735590380984927,0.948696707228017,20160,1.229636819700161,0.022287738297849247
timesfm25_stf_resid,3,Маркетплейсы,609.9777468561731,13.320309802103413,0.7787208277124738,20160,1.67395833171151,0.275868211858447
timesfm25_stf_resid,3,Общественное питание,143.28423018449476,14.981965487112086,0.9736938653863744,20160,1.679302270584784,0.21751784084459536
timesfm25_stf_resid,3,Продовольствие,538.35221440211,4.299115150203027,0.9507794895174085,20160,0.6824898094175395,-0.009369057222077481
timesfm25_stf_resid,3,Транспорт,149.03501907761154,8.946978276509714,0.9605626814131453,20160,1.4042151577942867,0.12835271911127455
timesfm25_stf_resid,6,Все категории,2598.6059858257768,8.645134792609314,0.9323029583048918,14112,1.4136384280538448,-3.6289609711591924
timesfm25_stf_resid,6,Здоровье,134.42315639382932,9.399304477210903,0.9389115413041837,14112,1.350601173876333,-0.24381253759244537
timesfm25_stf_resid,6,Маркетплейсы,908.6710410813477,18.84496513224894,0.5754757704484582,14112,2.478595549658789,-0.3322405621438935
timesfm25_stf_resid,6,Общественное питание,179.9711962614717,17.512702607681526,0.963145009878772,14112,2.198490881619466,-0.2344158087916437
timesfm25_stf_resid,6,Продовольствие,666.3620708759145,5.239480838858581,0.9273440599937872,14112,0.8576957204158825,-0.5466609456561873
timesfm25_stf_resid,6,Транспорт,174.11675368555936,9.696930011390036,0.9493209021956229,14112,1.658394285247245,-0.26141882888029766
timesfm25_stf_resid,12,Все категории,5294.781075180802,14.16120736176764,0.7913946451418467,2016,3.459980326423094,-10.833684609567792
timesfm25_stf_resid,12,Здоровье,175.2729908555185,11.244153220159388,0.9105413828018586,2016,1.8467246529213062,-0.6219335932606089
timesfm25_stf_resid,12,Маркетплейсы,2105.087441685118,32.195784915736844,-0.24898601844581147,2016,7.09083988720687,-2.263796342402929
timesfm25_stf_resid,12,Общественное питание,257.48848237967854,22.133457418143,0.918554603028338,2016,2.8058381549587903,-0.37009928876764353
timesfm25_stf_resid,12,Продовольствие,1108.3861845959264,7.237132051965483,0.8632559779456338,2016,1.740596977602386,-1.8916939260697303
timesfm25_stf_resid,12,Транспорт,253.6137337031815,13.17078065566035,0.9015837221367671,2016,2.436773530664139,-1.0365594270479814
