model,h,MAE,MAPE,r2_level,n,MASE,r2_yoy,mode
ens_stf9,1,319.4523755073558,6.62379426073742,0.9974147883704683,145152,0.806522350963516,0.8110369796790019,rolling
ens_stf9,3,433.51159372794694,8.363624024708518,0.9956709789390338,120960,1.0861862635233517,0.6619663332962403,rolling
ens_stf9,6,462.28157001337337,8.646861274548096,0.995248680231429,84672,1.1570334725461717,0.5208179452927142,rolling
ens_stf9,12,523.7703919989357,9.640494710382745,0.9960641454893288,12096,1.481528081314053,0.30844038995667034,rolling
naive,1,675.2611607142857,9.097512773688456,0.9835155956864217,145152,1.2025271398082693,0.6964633183134683,rolling
naive,3,838.2550760582011,12.474272176241442,0.9806753113932044,120960,1.7377524649973966,0.47318039361494935,rolling
naive,6,1055.0337655895692,15.072333398719062,0.9721977646393688,84672,2.1888056254327517,0.0749861152989334,rolling
naive,12,1386.131283068783,15.392486660289482,0.971011265720094,12096,2.9467666858506165,-0.5111652983189732,rolling
prophet_default,1,599.4902273978532,9.734341667622672,0.989527471625854,145152,1.2701675525454477,0.6409267264107407,rolling
prophet_default,3,626.2089890225872,11.099282670045039,0.9906910558021524,120960,1.4841248942975533,0.518341974073941,rolling
prophet_default,6,735.1011799503008,12.809077162462405,0.9877836803780021,84672,1.7281807131838454,0.16393073517705858,rolling
prophet_default,12,870.0403825332412,15.853442017795635,0.9861170610066545,12096,2.3357818933310983,-1.434724607181057,rolling
prophet_tuned,1,726.728030325366,10.455859926466564,0.973077666264221,145152,1.3299179970526387,0.41933912778378046,rolling
prophet_tuned,3,778.3228751011974,11.93979929914557,0.9746117746126076,120960,1.5786226729871982,0.17640642674808849,rolling
prophet_tuned,6,909.3934018019188,13.729746679979401,0.9721464856291453,84672,1.861203066778013,-0.09667591129273445,rolling
prophet_tuned,12,2478.3741934599507,25.70442054269601,0.9073155639226963,12096,4.210494252135829,-4.078122317208676,rolling
stf,1,340.48082672564374,6.9769897898180915,0.9970923955679604,145152,0.8574284964371904,0.7870839872166328,rolling
stf,3,476.601116027395,8.989251002899437,0.9949491257124704,120960,1.1875008180057762,0.6195886398397386,rolling
stf,6,544.3872240645771,10.030506622302577,0.9937646726785665,84672,1.3747347968369175,0.416590397314877,rolling
stf,12,652.6001205996064,11.50735898350531,0.9943483109335239,12096,1.8668709133713184,0.12740463724146855,rolling
ens_stf9,1,284.75854084070744,5.244304624915309,0.9986481837085167,12096,0.6960857333861632,0.8215854918598471,holdout
ens_stf9,3,398.893581664671,7.177089801643216,0.9975196269150239,12096,0.9695818693476905,0.6952372330813718,holdout
ens_stf9,6,556.2272220045447,8.654960694322824,0.9958740251405886,12096,1.2148828134295,0.5477954900102089,holdout
ens_stf9,12,523.7703919989357,9.640494710382745,0.9960641454893288,12096,1.481528081314053,0.30844038995667034,holdout
naive,1,1632.6276455026455,12.14317738885503,0.9595575888281889,12096,2.0919708762808416,0.4833353075780231,holdout
naive,3,2135.247023809524,17.32719225295185,0.9351709181883954,12096,2.8914320975902377,-0.25366058026222893,holdout
naive,6,1782.936259920635,18.40520029670231,0.9535484304055379,12096,2.914305658511918,-0.8204130231966644,holdout
naive,12,1386.131283068783,15.392486660289482,0.971011265720094,12096,2.9467666858506165,-0.5111652983189732,holdout
prophet_default,1,1360.2632472651715,12.424165781077914,0.9734153422650507,12096,1.9919608719078545,0.3301830767938644,holdout
prophet_default,3,1299.7450519506522,13.588459835789457,0.9760688368567754,12096,2.12111529355653,0.1170951020450055,holdout
prophet_default,6,1209.8312365996187,12.842251689784709,0.9777184214470147,12096,1.9778911379896227,0.010488096665812519,holdout
prophet_default,12,870.0403825332412,15.853442017795635,0.9861170610066545,12096,2.3357818933310983,-1.434724607181057,holdout
prophet_tuned,1,1136.7661024059184,9.973673909404152,0.9788115252979032,12096,1.6013802721196884,0.4703136356223563,holdout
prophet_tuned,3,892.874289779178,9.536525324849563,0.9856257675508912,12096,1.4144329219754392,0.31007606715731995,holdout
prophet_tuned,6,890.5126189601242,10.635705931015089,0.9855770314852359,12096,1.5332539306908228,0.09095631174656071,holdout
prophet_tuned,12,2478.3741934599507,25.70442054269601,0.9073155639226963,12096,4.210494252135829,-4.078122317208676,holdout
stf,1,286.7368435329864,5.378878494436813,0.9986344751670125,12096,0.7158449863661359,0.8131812622107895,holdout
stf,3,426.96538576613364,7.499965530090091,0.9972211845728677,12096,1.030727641216785,0.6744380678787321,holdout
stf,6,686.6248380601778,10.096544669084317,0.9940390493661478,12096,1.4562215022992393,0.44530898867061974,holdout
stf,12,652.6001205996064,11.50735898350531,0.9943483109335239,12096,1.8668709133713184,0.12740463724146855,holdout
