,12,14,16,18,20
cat,251,289,358,470,471
region,2108,2981,2862,2834,2987
log_y,1119,1267,1094,943,933
mom1,489,544,439,435,359
mom3,552,599,564,480,432
yoy,0,586,611,525,530
res1,380,461,405,361,283
hist,0,45,98,185,233
res1_m3,99,499,505,476,406
mom1_rel,475,646,497,377,359
log_pop,615,1010,1097,1209,1170
market_access,350,683,690,733,793
income_pc_best_2023,363,584,551,550,521
reg_income_pc_2023,50,23,38,41,45
reg_spending_pc_2023,49,33,36,36,23
lat,248,368,409,529,469
lon,208,307,357,398,397
is_city,25,29,40,42,45
is_federal_city_district,0,0,0,0,0
is_regional_center,0,0,0,0,0
is_zato,0,0,0,0,0
h,0,102,185,187,199
moy_target,0,249,638,804,956
stf_growth,724,695,526,385,389
