model,MAE h=1,MAE h=3,MAE h=6,MAE h=12,r2_yoy h=1,r2_yoy h=3,r2_yoy h=6,r2_yoy h=12,r2_level h=1,r2_level h=3,r2_level h=6,r2_level h=12,MASE h=1,MASE h=3,MASE h=6,MASE h=12,MAPE h=1,MAPE h=3,MAPE h=6,MAPE h=12
theta_stf_resid,262.4536400462942,359.1797228716409,581.1456504189027,808.7288163188748,0.8414381027482435,0.7236905829776696,0.3863736893792612,-0.30415670151603313,0.9984768066137469,0.9969932049321116,0.9921679072699746,0.9901613881546674,0.6801733341342837,0.9069786579057626,1.342854335428591,2.061041083161008,5.260089439952109,6.923028934424927,9.996178135284856,12.195439624193263
final,274.5480253607294,356.9756444369443,481.8355817830436,476.44102949247923,0.8427840335933641,0.740994743937721,0.492681492633365,0.2667302943767045,0.9984038571519024,0.9971921419642074,0.9948665532522271,0.9965730341662483,0.6963519759233759,0.8990998693954075,1.1745165038129963,1.3773255799304303,5.399362721333001,6.8715081619020095,8.742069882419866,8.814919089291509
ens_stf9,277.5471047173484,368.72831575990585,487.44596129945893,523.7703919989357,0.8395359119947653,0.7389059623024952,0.5135341076939755,0.30844038995667034,0.9983560967532001,0.9970414220887314,0.9948738027761471,0.9960641454893288,0.7041992521791921,0.9182239872048067,1.180073301423794,1.481528081314053,5.473215433032489,7.048377300303171,8.80905022374943,9.640494710382745
timesfm25_stf_resid,278.5697657408095,436.16119522443046,747.648325502578,1532.438318066704,0.8082164545649855,0.6184121808904188,0.19089140364683477,-0.619984962348566,0.9983342205375167,0.9955656061364868,0.9874839521505895,0.9623289415856463,0.7131298695459468,1.0317756636556883,1.5718490128686657,3.2301255882960977,5.423090054567935,7.53946099040962,11.097609842283811,16.690419270572118
arima_stf_resid,281.9077035120025,402.8579258456605,634.1045466051271,1010.5956384761397,0.8181511699625982,0.6657465482040614,-0.03250691929669669,-0.8345001803690553,0.9982935723375588,0.9963138826410064,0.9907529382458291,0.9815067857148762,0.7240897304359938,1.026446927585311,1.4908712152900692,2.6679108070473903,5.57501999608856,7.684303598369495,10.861159804336,14.977986059935883
chronos2_extended,286.37761824858296,401.78261413565934,695.4806134956151,959.6275481709231,0.8279088586226391,0.6586838810677833,0.08155913599349995,-0.587054801908717,0.9982905328066027,0.9961178915580506,0.9894875201418791,0.9861085941275255,0.7325074579755334,0.962060024208289,1.5201099038087653,2.4454116215635784,5.676419463052505,7.3359640155675185,11.366219138117083,13.772934617292574
ets_stf_resid,287.7312937044908,403.8423015795878,638.8049293310344,1111.1445342734726,0.8153333321198253,0.6626758866160743,0.22633144960497198,-0.40589091446614645,0.9982349186431174,0.9964152986953326,0.9907989302112505,0.9804122087229168,0.7295337124859075,1.0020463166830031,1.4659314542301485,2.6870288736093726,5.5979179615734616,7.487771682094096,10.622389867892004,14.567828616100215
stf,290.3518964018426,396.3682956693555,562.2178811036848,772.1461602083984,0.8308893770567394,0.7232689054057795,0.466775431135356,0.14413783934616797,0.9982280476108606,0.9966725239927362,0.9933548876645965,0.9920802902527748,0.7283174501254225,0.9689708360985734,1.3526059208949426,2.040423960781876,5.635785662105658,7.414430776805844,9.8269372159163,12.309573936408135
timesfm25_extended,290.387726235132,365.2738793427233,555.0171375272965,986.9926719999534,0.8218079196046706,0.6736351220670166,0.293081567115574,-0.6130336931479465,0.998263279033502,0.9970179920614859,0.9931267249559194,0.9866104155486277,0.7202421154003605,0.9455719811048666,1.367331713800076,2.7750127543911205,5.49505923510032,7.058743374997456,10.00236768922453,14.878221996432405
chronos2_stf_resid,292.9546758641766,413.9680518399751,728.0712913531204,1576.3157126817541,0.8130417268208661,0.6538199901562802,0.22980640792457907,-0.8484785376594284,0.9981982920097578,0.9960341875913605,0.9877921812869707,0.9594959141733921,0.7269230468284676,1.0063071183530214,1.5634460568380244,3.505064517771036,5.538685471342478,7.421650391889982,11.122980016146606,18.36356223873259
snaive_growth,352.33935565881774,437.6101220034629,585.268743292945,769.5123469690049,0.5568886563662376,0.48219184113425384,0.25554680279771724,0.08312691522719651,0.9974433421179275,0.9961593369646782,0.9931613768090783,0.9920524414892858,0.9014675301102004,1.0831867420255046,1.431256063028417,2.0535943446463163,7.115118979432822,8.339567322675933,10.621026382020005,12.59378375404443
timesfm25_raw,558.5449351800812,797.4811174767568,1282.5612497767022,2672.0968015291705,0.7620250737828262,0.420957908764236,-0.263564782139047,-1.5260832465661087,0.990490441664052,0.9840947167645099,0.9648200944312774,0.9009191954313517,1.071823320910342,1.6802270998887883,2.39307236003902,4.792275076472327,7.417848360852525,11.334594230729138,16.110069226931184,23.512173216383687
prophet_tuned,559.7710292531922,574.6886601950199,652.5754937528586,2478.3741934599507,0.6413145595244124,0.34007330060661267,0.026420907289267714,-4.078122317208676,0.9913073902155793,0.9917861695759794,0.9899699718948559,0.9073155639226963,1.1031871670551516,1.2785959167911052,1.5462652981857217,4.210494252135829,8.016762487970674,9.555170705597162,11.90797271032254,25.70442054269601
chronos2_raw,612.9147617177252,877.1489158426748,1360.6554981807026,2804.7095471942234,0.7433884140606197,0.33559639051093026,-0.3780556169591678,-1.6559819348633855,0.9880372516285403,0.9804443458628042,0.9604547904850816,0.8923595906257616,1.1524486153019449,1.8687367331904812,2.6507659721189123,5.103832717905519,8.002336976699372,12.742337431354727,17.734170345978562,24.8850968512379
theta_raw,613.7971583518215,744.1628949599107,766.9465084593393,915.344043047313,0.7361971874468123,0.40069348336862265,0.20963454828289108,-0.7873280885431031,0.9893335899587654,0.9870167686292525,0.9862435201610452,0.9848693481373256,1.1671452976451366,1.7220075158484927,1.8075972063296248,2.097980852200664,8.278193454476995,12.333506039031878,12.849676533600707,13.25333045118314
naive,624.3717895723104,863.8406773589065,1124.2154155643739,1386.131283068783,0.7428912345376528,0.34991947139052704,0.0021129905946808414,-0.5111652983189732,0.9876196004086226,0.9789048008924622,0.9690758997630154,0.971011265720094,1.151908382586127,1.8399045571373234,2.229465265118409,2.9467666858506165,8.08740890685169,12.91453427259711,15.327013759783625,15.392486660289482
ets_raw,633.8209123031005,807.4340985239588,1035.5103229695148,1801.5974494246411,0.728808341798721,0.38810691659966257,0.08884152932685696,-0.6057188509348783,0.9887019926740146,0.9851316802239044,0.9763383453394164,0.9528571271087188,1.1891503132064196,1.7796864878394478,2.1037399822948077,3.383098019976316,8.382427831998331,12.510997224036771,14.392149490881456,17.50376661933453
prophet_default,640.4496418017281,718.6040580329634,736.581569508395,870.0403825332412,0.6475933713140356,0.4587122409528409,0.1636393241175782,-1.434724607181057,0.9896765373212248,0.988447499874312,0.987856876259619,0.9861170610066545,1.336307152243994,1.6120383920228805,1.692188251745428,2.3357818933310983,9.46980988599878,11.468711262575157,12.570369482275357,15.853442017795635
arima_raw,644.4697207160583,861.7472799812047,1094.3675019044597,2149.8613491586766,0.7366552794736222,0.41809744710492147,0.02231672676480001,-1.923774393507915,0.988158347366889,0.9824706791741837,0.9720365921824689,0.9300687404293005,1.1933855502188955,1.8315469128524575,2.1867093295421833,4.147799954012154,8.321038430449077,12.362165374584434,14.657366626322284,21.277352431889106
snaive,1288.618716931217,1288.618716931217,1288.618716931217,1386.131283068783,-0.5368801629360485,-0.5368801629360485,-0.5368801629360485,-0.5111652983189732,0.9690663868813618,0.9690663868813618,0.9690663868813618,0.971011265720094,2.465978176687769,2.456785144491376,2.416035867538144,2.9467666858506165,16.601482824978937,16.601482824978937,16.601482824978937,15.392486660289482
