метрика,верно,всего,доля,ДИ95_низ,ДИ95_верх
v1: место (все 200),161,199,0.809,0.749,0.858
v1: тип (все 200),158,200,0.79,0.728,0.841
v1: оба (все 200),138,199,0.693,0.626,0.753
"v1: место (сообщения, оставленные v2)",121,129,0.938,0.882,0.968
"v1: тип (сообщения, оставленные v2)",124,130,0.954,0.903,0.979
"v1: оба (сообщения, оставленные v2)",116,129,0.899,0.835,0.94
v2: место,126,130,0.969,0.924,0.988
v2: тип (строго),121,130,0.931,0.874,0.963
v2: группа типа (для признаков),124,130,0.954,0.903,0.979
v2: оба (строго),118,130,0.908,0.846,0.946
v2 отбросил «не-события» (тип v1 неверен),36,42,0.857,0.722,0.933
v2 потерял верные события v1,22,138,0.159,0.108,0.23
