h,shock,MAE,MAPE,n,model
1,False,597.0792819905671,9.594396540689269,142248,Prophet
1,True,717.5867020175654,16.589339744765503,2904,Prophet
3,False,625.8980177735726,11.02740891553984,119296,Prophet
3,True,648.5032354904043,16.252077993033048,1664,Prophet
6,False,734.6362447786353,12.759654562100307,83714,Prophet
6,True,775.729137111898,17.127828275941006,958,Prophet
12,False,869.4025471429572,15.815292188235441,11985,Prophet
12,True,938.9093658895591,19.972592533822105,111,Prophet
1,False,312.63123075286506,6.331609958569252,142248,Финал
1,True,554.3046336775643,17.270373036159622,2904,Финал
3,False,426.39698236994724,8.130190049387961,119296,Финал
3,True,616.1288737752719,16.375419190353817,1664,Финал
6,False,456.6015035314952,8.503475213168926,83714,Финал
6,True,703.4274450228651,16.059816310824246,958,Финал
12,False,472.7042112376651,8.696242821030019,11985,Финал
12,True,879.9164059244342,21.62874859482254,111,Финал
1,False,314.55873621147435,6.403336603651963,142248,STF-ансамбль
1,True,559.159814405613,17.422575529708574,2904,STF-ансамбль
3,False,430.9638402887023,8.250287534532857,119296,STF-ансамбль
3,True,616.1659172184084,16.488978551148048,1664,STF-ансамбль
6,False,459.5276926875832,8.560884177590852,83714,STF-ансамбль
6,True,702.9267542004243,16.15989540260524,958,STF-ансамбль
12,False,519.9883306121344,9.517599702246715,11985,STF-ансамбль
12,True,932.1308038981514,22.909834102367746,111,STF-ансамбль
