category,h,ens_stf9,prophet_default,rel_%
Все категории,1,954.7,1805.3,-47.1
Все категории,3,1261.3,1754.5,-28.1
Все категории,6,1264.9,2159.5,-41.4
Все категории,12,1184.5,2900.6,-59.2
Здоровье,1,91.0,118.6,-23.3
Здоровье,3,109.0,146.1,-25.4
Здоровье,6,104.9,125.6,-16.5
Здоровье,12,145.2,243.9,-40.4
Маркетплейсы,1,322.6,511.5,-36.9
Маркетплейсы,3,473.4,582.1,-18.7
Маркетплейсы,6,575.0,772.5,-25.6
Маркетплейсы,12,634.7,716.4,-11.4
Общественное питание,1,84.0,141.5,-40.6
Общественное питание,3,120.0,181.8,-34.0
Общественное питание,6,120.1,210.0,-42.8
Общественное питание,12,102.7,206.1,-50.2
Продовольствие,1,354.7,871.5,-59.3
Продовольствие,3,491.0,912.8,-46.2
Продовольствие,6,566.8,932.7,-39.2
Продовольствие,12,901.7,835.7,7.9
Транспорт,1,109.7,148.5,-26.1
Транспорт,3,146.3,180.0,-18.7
Транспорт,6,142.1,210.4,-32.5
Транспорт,12,173.9,317.5,-45.2
